Chromophore_smiles,Solvent_smiles,330,332,334,336,338,340,342,344,346,348,350,352,354,356,358,360,362,364,366,368,370,372,374,376,378,380,382,384,386,388,390,392,394,396,398,400,402,404,406,408,410,412,414,416,418,420,422,424,426,428,430,432,434,436,438,440,442,444,446,448,450,452,454,456,458,460,462,464,466,468,470,472,474,476,478,480,482,484,486,488,490,492,494,496,498,500,502,504,506,508,510,512,514,516,518,520,522,524,526,528,530,532,534,536,538,540,542,544,546,548,550,552,554,556,558,560,562,564,566,568,570,572,574,576,578,580,582,584,586,588,590,592,594,596,598,600,602,604,606,608,610,612,614,616,618,620,622,624,626,628,630,632,634,636,638,640,642,644,646,648,650,652,654,656,658,660,662,664,666,668,670,672,674,676,678,680,682,684,686,688,690,692,694,696,698,700,702,704,706,708,710,712,714,716,718,720,722,724,726,728,730,732,734,736,738,740,742,744,746,748,750,752,754,756,758,760,762,764,766,768,770,772,774,776,778,780,782,784,786,788,790,792,794,796,798,800,802,804,806,808,810,812,814,816,818,820,822,824,826,828,830,832,834,836,838,840,842,844,846,848,850,852,854,856,858,860,862,864,866,868,870,872,874,876,878,880,882,884,886,888,890,892,894,896,898,900,902,904,906,908,910,912,914,916,918,920,922,924,926,928,930,932,934,936,938,940,942,944,946,948,950,952,954,956,958,960,962,964,966,968,970,972,974,976,978,980,982,984,986,988,990,992,994,996,998,1000
CN(CCO)c1ccc2cc(C=C(C#N)C#N)ccc2c1,ClCCl,,,,,,,,,,,,,,,,2099.005909,2259.32215,2428.990649,2597.991608,2766.53712,2925.084604,3092.467363,3285.549808,3502.009771,3735.085194,3982.492813,4251.425992,4533.722173,4845.13582,5182.67798,5540.538868,5923.905668,6355.004568,6839.022646,7397.381677,8018.97552,8706.073209,9482.022842,10345.87937,11275.18606,12267.80485,13312.58183,14409.12332,15551.44116,16753.8376,18000.25435,19292.01077,20640.07462,22023.78101,23420.57708,24837.75914,26266.8082,27687.98559,29110.15361,30548.03063,31990.33988,33440.97551,34891.16086,36304.06942,37649.8291,38926.21645,40144.44118,41267.75857,42286.28687,43183.55666,43916.76545,44469.764,44840.9271,44976.61017,44861,44511.34047,43934.25268,43108.03075,42051.2543,40777.09019,39293.02588,37617.91796,35843.96751,33993.15208,32061.49466,30106.98306,28135.50585,26099.35324,24051.64162,22018.44294,20028.09449,18103.50909,16308.08534,14639.5733,13073.50166,11641.89376,10326.5959,9076.263131,7940.915347,6913.119172,5984.456088,5148.931373,4397.256247,3728.176564,3143.337251,2631.559529,2200.282157,1845.790553,1542.743478,1280.272213,1052.076609,848.7849014,667.9621929,517.0103872,391.6802412,280.7740056,190.3194886,119.2885432,59.12448619,20.39470702,0,0,0,0,0,0,0,0,0,0,0,0,0,0,0,0,0,0,0,0,0,0,0,0,0,0,0,0,0,0,0,0,0,0,0,0,0,0,0,0,0,0,0,0,0,0,0,0,0,0,0,0,0,0,0,0,0,0,0,0,0,0,0,0,0,0,0,0,0,0,0,0,0,0,0,0,0,0,0,0,0,0,0,0,0,0,0,0,0,0,0,0,0,0,0,0,0,0,0,0,0,0,0,0,0,0,0,0,0,0,0,0,0,0,0,0,0,0,0,0,0,0,0,0,0,0,0,0,0,0,0,0,0,0,0,0,0,0,0,0,0,0,0,0,0,0,0,0,0,0,0,0,0,0,0,0,0,0,0,0,0,0,0,0,0,0,0,0,0,0,0,0,0,0,0,0,0,0,0,0,0,0,0,0,0,0,0,0,0,0,0,0,0,0,0,0,0,0,0,0,0,0,0,0,0,0,0,0,0,0,0,0,0,0,0,0,0,0,0,0,0
Cc1ccc(-n2c3ccccc3c3cc(C=C(C#N)C#N)ccc32)cc1,CCOC(C)=O,,,,,,,,,,,,,,,,,9046.601583,9902.181486,10808.27965,11765.71917,12772.257,13813.26684,14865.91485,15901.47013,16893.3893,17836.77944,18740.57274,19601.10573,20422.80317,21208.07048,21926.1168,22559.84595,23092.01437,23481.25134,23688.70464,23705,23507.44543,23061.8839,22401.14807,21538.40067,20443.19502,19147.97898,17700.3202,16122.22083,14458.01405,12785.40732,11138.69519,9550.891895,8103.424332,6811.370426,5645.076265,4622.083824,3745.325594,2987.803328,2344.920988,1822.268992,1392.494569,1032.469849,739.4660539,446.4622588,153.4584637,0,0,0,0,0,0,0,0,0,0,0,0,0,0,0,0,0,0,0,0,0,0,0,0,0,0,0,0,0,0,0,0,0,0,0,0,0,0,0,0,0,0,0,0,0,0,0,0,0,0,0,0,0,0,0,0,0,0,0,0,0,0,0,0,0,0,0,0,0,0,0,0,0,0,0,0,0,0,0,0,0,0,0,0,0,0,0,0,0,0,0,0,0,0,0,0,0,0,0,0,0,0,0,0,0,0,0,0,0,0,0,0,0,0,0,0,0,0,0,0,0,0,0,0,0,0,0,0,0,0,0,0,0,0,0,0,0,0,0,0,0,0,0,0,0,0,0,0,0,0,0,0,0,0,0,0,0,0,0,0,0,0,0,0,0,0,0,0,0,0,0,0,0,0,0,0,0,0,0,0,0,0,0,0,0,0,0,0,0,0,0,0,0,0,0,0,0,0,0,0,0,0,0,0,0,0,0,0,0,0,0,0,0,0,0,0,0,0,0,0,0,0,0,0,0,0,0,0,0,0,0,0,0,0,0,0,0,0,0,0,0,0,0,0,0,0,0,0,0,0,0,0,0,0,0,0,0,0,0,0,0,0,0,0,0,0,0,0,0,0,0,0,0,0,0
Cc1ccc(S2(=O)=NC(c3ccccc3)=CC(c3ccc(C(F)(F)F)cc3)=N2)cc1,C1COCCO1,4775.742598,5261.05753,5782.269051,6366.261784,7038.087783,7780.959407,8559.553273,9350.678622,10129.80938,10876.40755,11622.48016,12332.11848,12992.33803,13595.05646,14127.35403,14546.98747,14819.27541,14950.06644,14935.00895,14791.08388,14553.17397,14184.38329,13680.21416,13047.40195,12290.81932,11415.62499,10441.08879,9419.585253,8356.604194,7326.858635,6377.395054,5505.60216,4730.10004,4055.744339,3475.337288,2971.158937,2517.986774,2064.81461,1611.642447,1158.470284,705.2981207,252.1259575,0,0,0,0,0,0,0,0,0,0,0,0,0,0,0,0,0,0,0,0,0,0,0,0,0,0,0,0,0,0,0,0,0,0,0,0,0,0,0,0,0,0,0,0,0,0,0,0,0,0,0,0,0,0,0,0,0,0,0,0,0,0,0,0,0,0,0,0,0,0,0,0,0,0,0,0,0,0,0,0,0,0,0,0,0,0,0,0,0,0,0,0,0,0,0,0,0,0,0,0,0,0,0,0,0,0,0,0,0,0,0,0,0,0,0,0,0,0,0,0,0,0,0,0,0,0,0,0,0,0,0,0,0,0,0,0,0,0,0,0,0,0,0,0,0,0,0,0,0,0,0,0,0,0,0,0,0,0,0,0,0,0,0,0,0,0,0,0,0,0,0,0,0,0,0,0,0,0,0,0,0,0,0,0,0,0,0,0,0,0,0,0,0,0,0,0,0,0,0,0,0,0,0,0,0,0,0,0,0,0,0,0,0,0,0,0,0,0,0,0,0,0,0,0,0,0,0,0,0,0,0,0,0,0,0,0,0,0,0,0,0,0,0,0,0,0,0,0,0,0,0,0,0,0,0,0,0,0,0,0,0,0,0,0,0,0,0,0,0,0,0,0,0,0,0,0,0,0,0,0,0,0,0,0,0,0,0,0,0,0,0,0,0,0
Cn1cccc1N=Nc1ccc(-c2ccc(S(C)(=O)=O)cc2)cc1,C1CCOC1,4401.966733,4578.593507,4778.736325,5022.572704,5319.05494,5685.455946,6112.291826,6593.153068,7129.642282,7715.120902,8364.552981,9081.916217,9872.951814,10734.45216,11668.29953,12663.59405,13710.10631,14801.78206,15932.86695,17092.89417,18277.69762,19497.51212,20744.01265,21993.48655,23225.64844,24397.91239,25489.30614,26490.14713,27381.25255,28152.66247,28811.6633,29389.09619,29888.4185,30325.46656,30683.42199,30927.36393,31044.5909,31005,30777.55254,30363.5472,29769.51435,29027.39327,28162.30696,27234.56771,26274.94806,25314.95902,24391.19554,23509.53375,22689.57275,21935.08798,21227.82486,20559.18952,19899.65237,19243.91202,18582.12838,17886.33036,17147.6917,16354.37676,15510.0515,14617.58945,13686.14414,12729.82105,11756.65202,10789.49806,9849.214444,8939.872596,8070.404722,7251.563717,6496.136532,5813.011631,5194.524956,4631.780703,4123.357095,3667.040478,3252.755076,2869.48602,2518.210347,2202.520984,1917.015519,1660.058808,1422.788275,1208.070272,1013.638519,836.9512354,679.7878446,538.6126833,418.4948601,314.1200604,220.9413489,138.2841581,63.65353913,0,0,0,0,0,0,0,0,0,0,0,0,0,0,0,0,0,0,0,0,0,0,0,0,0,0,0,0,0,0,0,0,0,0,0,0,0,0,0,0,0,0,0,0,0,0,0,0,0,0,0,0,0,0,0,0,0,0,0,0,0,0,0,0,0,0,0,0,0,0,0,0,0,0,0,0,0,0,0,0,0,0,0,0,0,0,0,0,0,0,0,0,0,0,0,0,0,0,0,0,0,0,0,0,0,0,0,0,0,0,0,0,0,0,0,0,0,0,0,0,0,0,0,0,0,0,0,0,0,0,0,0,0,0,0,0,0,0,0,0,0,0,0,0,0,0,0,0,0,0,0,0,0,0,0,0,0,0,0,0,0,0,0,0,0,0,0,0,0,0,0,0,0,0,0,0,0,0,0,0,0,0,0,0,0,0,0,0,0,0,0,0,0,0,0,0,0,0,0,0,0,0,0,0,0,0,0,0,0,0,0,0,0,0,0,0,0,0,0,0,0,0,0,0,0,0,0,0,0,0,0,0,0,0,0,0,0,0,0,0,0,0,0,0,0
Cc1csc2[n+]1[B-](F)(F)OC(c1ccc(N(C)C)cc1)=N2,C1CCOC1,,,,,,,6181.306549,7071.48113,8078.502755,9212.17247,10474.13432,11874.38638,13426.60447,15117.61627,16938.84889,18894.1231,20960.53039,23116.38675,25376.72017,27731.00724,30143.32785,32633.61749,35214.11512,37841.66667,40472.6728,43057.27532,45507.81897,47743.62138,49701.68849,51322.46969,52599.20892,53609.30084,54431.43336,55091.67945,55619.01257,56113.68875,56333.48026,56055.44184,55100,53323.21352,50654.39664,47113.61062,42813.00237,37856.25157,32538.36162,27347.85284,22367.50008,17774.87434,13755.01864,10387.13605,7677.669718,5574.413408,3970.840559,2708.04249,1752.784292,1133.060933,726.0615905,446.6399174,268.9170133,155.9412559,84.57788147,40.43714703,14.34353194,0,0,0,0,0,0,0,0,0,0,0,0,0,0,0,0,0,0,0,0,0,0,0,0,0,0,0,0,0,0,0,0,0,0,0,0,0,0,0,0,0,0,0,0,0,0,0,0,0,0,0,0,0,0,0,0,0,0,0,0,0,0,0,0,0,0,0,0,0,0,0,0,0,0,0,0,0,0,0,0,0,0,0,0,0,0,0,0,0,0,0,0,0,0,0,0,0,0,0,0,0,0,0,0,0,0,0,0,0,0,0,0,0,0,0,0,0,0,0,0,0,0,0,0,0,0,0,0,0,0,0,0,0,0,0,0,0,0,0,0,0,0,0,0,0,0,0,0,0,0,0,0,0,0,0,0,0,0,0,0,0,0,0,0,0,0,0,0,0,0,0,0,0,0,0,0,0,0,0,0,0,0,0,0,0,0,0,0,0,0,0,0,0,0,0,0,0,0,0,0,0,0,0,0,0,0,0,0,0,0,0,0,0,0,0,0,0,0,0,0,0,0,0,0,0,0,0,0,0,0,0,0,0,0,0,0,0,0,0,0,0,0,0,0,0,0,0,0,0,0,0,0,0,0,0,0,0,0,0,0,0,0,0,0,0,0,0,0,0,0,0,0,0
CCCCNC(=S)Nc1ccc2c(c1)C(CCOCCOCC)(CCOCCOCC)c1cc(C#Cc3ccc(-c4nc5ccccc5s4)s3)ccc1-2,CS(C)=O,22590.0988,23415.20284,24217.61965,24996.90496,25733.63967,26425.87553,27114.39832,27855.30103,28677.43412,29632.0396,30748.9986,32021.28029,33449.84936,35000.94816,36618.55796,38267.39097,39880.47023,41424.88527,42909.7501,44291.6016,45549.93254,46751.70313,47924.93937,49064.73509,50150.60628,51149.51672,52004.3736,52706.59919,53254.2938,53585.67002,53723.38587,53703.17964,53487.23139,53021.1816,52253.11035,51178.46286,49846.07247,48353.52684,46789.73776,45252.87777,43818.23368,42491.83546,41301.26776,40082.90565,38696.80316,37086.36378,35136.76662,32808.6974,30088.64571,27060.99585,23848.43011,20583.46999,17479.69147,14595.26438,12038.3866,9873.407805,8042.839246,6520.125561,5265.699302,4253.705333,3433.817213,2753.026748,2212.169439,1778.626695,1435.452568,1151.017515,866.5824613,582.147408,297.7123548,13.2773015,0,0,0,0,0,0,0,0,0,0,0,0,0,0,0,0,0,0,0,0,0,0,0,0,0,0,0,0,0,0,0,0,0,0,0,0,0,0,0,0,0,0,0,0,0,0,0,0,0,0,0,0,0,0,0,0,0,0,0,0,0,0,0,0,0,0,0,0,0,0,0,0,0,0,0,0,0,0,0,0,0,0,0,0,0,0,0,0,0,0,0,0,0,0,0,0,0,0,0,0,0,0,0,0,0,0,0,0,0,0,0,0,0,0,0,0,0,0,0,0,0,0,0,0,0,0,0,0,0,0,0,0,0,0,0,0,0,0,0,0,0,0,0,0,0,0,0,0,0,0,0,0,0,0,0,0,0,0,0,0,0,0,0,0,0,0,0,0,0,0,0,0,0,0,0,0,0,0,0,0,0,0,0,0,0,0,0,0,0,0,0,0,0,0,0,0,0,0,0,0,0,0,0,0,0,0,0,0,0,0,0,0,0,0,0,0,0,0,0,0,0,0,0,0,0,0,0,0,0,0,0,0,0,0,0,0,0,0,0,0,0,0,0,0,0,0,0,0,0,0,0,0,0,0,0,0,0,0,0,0,0,0,0,0,0,0
CCOc1c(C=C2N(C)c3ccc4ccccc4c3C2(C)C)c(=O)c1=O,CC#N,,,,,,,,,,,,,,,,,,,,,,,,,,,,,,,,4199.622346,4695.824878,5252.924818,5881.049133,6583.779441,7357.176909,8184.297593,9050.111407,9935.681986,10800.6873,11634.01972,12430.51891,13190.41164,13928.50984,14656.06681,15388.88492,16121.42259,16846.68551,17551.49315,18160.12558,18640.03134,18913.68106,18927.57699,18620.87137,17973.76387,16993.28253,15711.44425,14194.74284,12524.36523,10775.26979,9044.483576,7404.996726,5918.021163,4605.109423,3485.437134,2560.981693,1823.633284,1257.427717,832.5322363,525.050704,301.3031028,162.3118901,76.06310805,27.81095897,0,0,0,0,0,0,0,0,0,0,0,0,0,0,0,0,0,0,0,0,0,0,0,0,0,0,0,0,0,0,0,0,0,0,0,0,0,0,0,0,0,0,0,0,0,0,0,0,0,0,0,0,0,0,0,0,0,0,0,0,0,0,0,0,0,0,0,0,0,0,0,0,0,0,0,0,0,0,0,0,0,0,0,0,0,0,0,0,0,0,0,0,0,0,0,0,0,0,0,0,0,0,0,0,0,0,0,0,0,0,0,0,0,0,0,0,0,0,0,0,0,0,0,0,0,0,0,0,0,0,0,0,0,0,0,0,0,0,0,0,0,0,0,0,0,0,0,0,0,0,0,0,0,0,0,0,0,0,0,0,0,0,0,0,0,0,0,0,0,0,0,0,0,0,0,0,0,0,0,0,0,0,0,0,0,0,0,0,0,0,0,0,0,0,0,0,0,0,0,0,0,0,0,0,0,0,0,0,0,0,0,0,0,0,0,0,0,0,0,0,0,0,0,0,0,0,0,0,0,0,0,0,0,0,0,0,0,0,0,0,0,0,0,0,0,0,0,0,0,0,0,0,0,0,0,0,0,0,0,0,0
CCN(CC)c1ccc2cc(-c3nc4c5ccccc5c5ccccc5c4[nH]3)c(=O)oc2c1,CN(C)C=O,,,,,,,,,,,2720.130489,2687.047251,2680.403509,2690.015683,2730.958509,2802.171053,2901.353392,3038.478546,3221.187311,3452.492968,3744.588123,4102.337186,4514.281379,4990.273474,5538.047667,6134.853557,6784.424157,7483.884849,8248.92117,9079.893656,9968.045546,10883.19774,11833.072,12824.3677,13872.22964,14966.82274,16124.93224,17333.6706,18593.63349,19900.5307,21237.38265,22545.73795,23841.23892,25103.83902,26344.29295,27551.57918,28721.69603,29873.84059,31005.66026,32139.38321,33261.06857,34374.95617,35458.57785,36463.46624,37355.61056,38081.99925,38618.57028,38980.43882,39125.94888,39061,38811.90751,38427.33548,37904.10624,37244.80507,36470.15976,35600.14352,34658.31987,33667.27515,32609.88775,31504.54286,30407.25865,29251.61262,27985.50055,26505.2497,24798.25374,22890.3496,20760.85783,18492.76388,16198.7174,13980.1599,11940.65365,10048.36376,8331.409807,6760.476013,5376.741178,4166.648829,3108.093004,2234.971413,1565.342756,1064.608617,563.8744773,63.14033798,0,0,0,0,0,0,0,0,0,0,0,0,0,0,0,0,0,0,0,0,0,0,0,0,0,0,0,0,0,0,0,0,0,0,0,0,0,0,0,0,0,0,0,0,0,0,0,0,0,0,0,0,0,0,0,0,0,0,0,0,0,0,0,0,0,0,0,0,0,0,0,0,0,0,0,0,0,0,0,0,0,0,0,0,0,0,0,0,0,0,0,0,0,0,0,0,0,0,0,0,0,0,0,0,0,0,0,0,0,0,0,0,0,0,0,0,0,0,0,0,0,0,0,0,0,0,0,0,0,0,0,0,0,0,0,0,0,0,0,0,0,0,0,0,0,0,0,0,0,0,0,0,0,0,0,0,0,0,0,0,0,0,0,0,0,0,0,0,0,0,0,0,0,0,0,0,0,0,0,0,0,0,0,0,0,0,0,0,0,0,0,0,0,0,0,0,0,0,0,0,0,0,0,0,0,0,0,0,0,0,0,0,0,0,0,0,0,0,0,0,0,0,0,0,0,0,0,0,0,0,0,0,0,0,0,0,0,0,0,0,0,0,0,0
COc1ccc(C#Cc2ccc(C#Cc3ccc(C#Cc4ccccc4C#N)cc3C#N)cc2C#N)cc1,ClC(Cl)Cl,,,,,,,,,,,,,,,,,69934.90908,71808.35583,73253.62676,74142.07467,74427.98159,74131.02413,73320.91773,72140.12451,70791.8702,69428.52507,68126.85921,66988.89012,65923.23846,64703.66332,63035.88654,60512.63015,56976.78131,52457.49478,47032.37353,40899.03237,34369.83663,27931.73381,21963.51938,16729.79798,12373.1761,8849.155083,6187.540612,4331.359354,3081.671183,2241.095381,1666.16059,1325.424593,1141.647371,1014.308436,934.1003673,888.1849361,856.8746882,834.5381585,813.231028,785.7695938,755.4552199,730.123898,709.101829,691.6117311,676.3594914,661.8734874,646.7444966,630.9756193,615.1978279,599.4229432,583.6451518,567.8692982,552.1002272,536.3321251,520.5591783,504.7862316,489.0181295,473.2490585,457.4732049,441.6954135,425.9205288,410.1427374,394.3738601,378.5960687,362.821184,347.0433926,331.2745153,315.4967239,299.7218393,283.9440478,268.1751706,252.3973791,236.6224945,220.844703,205.0758258,189.2980343,173.5231497,157.7453582,141.976481,126.1986896,110.4238049,94.64601346,78.87713623,63.09934478,47.32446014,31.54666868,15.77779145,0,0,0,0,0,0,0,0,0,0,0,0,0,0,0,0,0,0,0,0,0,0,0,0,0,0,0,0,0,0,0,0,0,0,0,0,0,0,0,0,0,0,0,0,0,0,0,0,0,0,0,0,0,0,0,0,0,0,0,0,0,0,0,0,0,0,0,0,0,0,0,0,0,0,0,0,0,0,0,0,0,0,0,0,0,0,0,0,0,0,0,0,0,0,0,0,0,0,0,0,0,0,0,0,0,0,0,0,0,0,0,0,0,0,0,0,0,0,0,0,0,0,0,0,0,0,0,0,0,0,0,0,0,0,0,0,0,0,0,0,0,0,0,0,0,0,0,0,0,0,0,0,0,0,0,0,0,0,0,0,0,0,0,0,0,0,0,0,0,0,0,0,0,0,0,0,0,0,0,0,0,0,0,0,0,0,0,0,0,0,0,0,0,0,0,0,0,0,0,0,0,0,0,0,0,0,0,0,0,0,0,0,0,0,0,0,0,0,0,0,0,0,0,0,0,0,0,0,0,0,0,0,0
CCCCCCCCc1cc(C=C2SC(=S)N(CC)C2=O)sc1-c1ccc(-c2sc(-c3cc4c(-c5ccc(CC(CC)CCCC)s5)c5sc(-c6cc(CCCCCCCC)c(-c7ccc(-c8sc(C=C9SC(=S)N(CC)C9=O)cc8CCCCCCCC)s7)s6)cc5c(-c5ccc(CC(CC)CCCC)s5)c4s3)cc2CCCCCCCC)s1,ClC(Cl)Cl,29818.53414,30110.17662,30374.73256,30634.46652,30863.91951,31059.08713,31232.46724,31389.95214,31532.18336,31670.31639,31784.35419,31847.17333,31858.21484,31832.9936,31750.83018,31611.17753,31445.46469,31276.84552,31131.75228,31034.40347,30969.15542,30925.72005,30908.7771,30930.37565,31022.52542,31211.41609,31522.38028,31907.46251,32381.87458,32945.83061,33607.59183,34314.86234,35056.85684,35898.49528,36821.99835,37804.92562,38812.4731,39820.23506,40862.50171,41912.9094,42947.56102,43915.25151,44827.94531,45727.87263,46564.44479,47342.0898,48089.92384,48853.58672,49660.01773,50470.6916,51264.17407,52040.85204,52791.13379,53502.85749,54162.66478,54783.10903,55371.54011,55891.76802,56368.69176,56785.657,57156.52193,57477.35212,57749.55688,58015.15538,58300.92936,58643.30966,59048.92133,59471.33457,59929.30126,60423.10244,60953.3255,61500.1891,62091.35857,62744.94753,63444.15993,64153.63246,64873.53773,65570.91602,66215.98928,66808.53235,67354.42045,67857.70731,68338.07805,68785.07461,69190.5268,69531.13972,69815.87872,70025.62261,70126.46463,70117.02154,70000,69775.52415,69454.83774,69051.13483,68578.48101,68035.71491,67431.61103,66697.38811,65801.12848,64801.91428,63712.41079,62543.82158,61331.27874,60089.37387,58818.82731,57452.91966,56035.19077,54530.347,52907.78637,51268.33416,49623.70343,47996.06065,46387.1513,44770.4328,43083.81633,41343.09159,39641.27799,37951.86434,36177.37766,34369.69938,32661.39868,30994.5532,29316.65243,27593.79889,25850.46714,24178.15798,22539.30317,20961.72253,19435.50469,17963.02479,16641.6649,15375.61033,14164.6871,13002.80983,11916.09818,10863.69156,9832.028852,8895.82844,8065.658228,7281.396441,6554.339414,5899.975641,5324.490177,4813.40692,4339.627944,3876.930135,3443.227973,3023.620195,2657.979309,2340.788523,2073.081439,1869.226918,1719.575147,1612.067907,1531.023779,1468.399641,1408.550104,1326.905988,1250.137467,1183.649782,1120.592031,1066.34118,1021.517561,983.815701,951.7637323,923.284281,895.751708,862.9130303,825.4916823,788.3165364,748.5429924,706.656558,663.947036,620.9994151,581.8851687,543.9333137,505.9068049,469.863189,436.1255631,404.6913411,375.392078,346.3078108,317.3390586,293.8202013,276.9898359,261.7013374,247.367648,234.6753063,221.8550361,207.4915197,190.1896117,168.3710665,143.6636115,120.3002685,97.1524386,73.79478517,52.27485494,33.87727835,19.44669431,9.234649671,3.061837562,0.321200708,0,1.094289262,2.338748045,2.351161599,2.351161599,2.351161599,2.351161599,2.351161599,2.351161599,2.351161599,2.351161599,2.351161599,2.351161599,2.351161599,2.351161599,2.351161599,2.351161599,2.351161599,2.351161599,2.351161599,2.351161599,2.351161599,2.351161599,2.351161599,2.351161599,2.351161599,2.351161599,2.351161599,2.351161599,2.351161599,2.351161599,2.351161599,2.351161599,2.351161599,2.351161599,2.351161599,2.351161599,2.351161599,2.351161599,2.351161599,2.351161599,2.351161599,2.351161599,2.351161599,2.351161599,2.351161599,2.351161599,2.351161599,2.351161599,2.351161599,2.351161599,2.351161599,2.351161599,2.351161599,2.351161599,2.351161599,2.351161599,2.351161599,2.351161599,2.351161599,2.351161599,2.351161599,2.351161599,2.351161599,2.351161599,2.351161599,2.351161599,2.351161599,2.351161599,2.351161599,2.351161599,2.351161599,2.351161599,2.351161599,2.351161599,2.351161599,2.351161599,2.351161599,2.351161599,2.351161599,2.351161599,2.351161599,2.351161599,2.351161599,2.351161599,2.351161599,2.351161599,2.351161599,2.351161599,2.351161599,2.351161599,2.351161599,2.351161599,2.351161599,2.351161599,2.351161599,2.351161599,2.351161599,2.351161599,2.351161599,2.351161599,2.351161599,2.351161599,2.351161599,2.351161599,2.351161599,2.351161599,2.351161599,2.351161599,2.351161599,2.351161599,2.351161599,2.351161599,2.351161599,2.351161599,2.351161599,2.351161599,2.351161599,2.351161599,2.351161599,2.351161599,2.351161599,2.351161599,2.351161599,2.351161599,2.351161599,2.351161599,2.351161599,2.351161599,2.351161599,2.351161599,2.351161599,2.351161599,2.351161599
FS(F)(F)(F)(F)c1ccc(C#Cc2ccc(C#Cc3ccc(N(c4ccccc4)c4ccccc4)cc3)cc2)cc1,CC(C)=O,,,,,,,,,,,,42147.65122,43738.79743,45246.75076,46630.68066,47860.38731,48911.88865,49763.10156,50410.86123,50852.20523,51089.62692,51142.87052,51000,50643.14016,50053.71139,49195.42951,48037.36857,46540.114,44693.99505,42494.44922,39949.38543,37132.8571,34108.49555,30949.1765,27747.19162,24571.88743,21502.92817,18599.18289,15904.44074,13442.37288,11214.3713,9243.948064,7530.428934,6053.731121,4811.598452,3787.56349,2957.560002,2291.21146,1756.101039,1335.120822,1003.529816,740.1924532,531.954745,363.496003,233.3028473,137.4222778,62.97732984,0,0,0,0,0,0,0,0,0,0,0,0,0,0,0,0,0,0,0,0,0,0,0,0,0,0,0,0,0,0,0,0,0,0,0,0,0,0,0,0,0,0,0,0,0,0,0,0,0,0,0,0,0,0,0,0,0,0,0,0,0,0,0,0,0,0,0,0,0,0,0,0,0,0,0,0,0,0,0,0,0,0,0,0,0,0,0,0,0,0,0,0,0,0,0,0,0,0,0,0,0,0,0,0,0,0,0,0,0,0,0,0,0,0,0,0,0,0,0,0,0,0,0,0,0,0,0,0,0,0,0,0,0,0,0,0,0,0,0,0,0,0,0,0,0,0,0,0,0,0,0,0,0,0,0,0,0,0,0,0,0,0,0,0,0,0,0,0,0,0,0,0,0,0,0,0,0,0,0,0,0,0,0,0,0,0,0,0,0,0,0,0,0,0,0,0,0,0,0,0,0,0,0,0,0,0,0,0,0,0,0,0,0,0,0,0,0,0,0,0,0,0,0,0,0,0,0,0,0,0,0,0,0,0,0,0,0,0,0,0,0,0,0,0,0,0,0,0,0,0,0,0,0,0,0,0,0,0,0,0,0,0,0,0,0,0,0,0,0,0,0,0,0,0,0,0,0,0,0
Cc1ccc(-n2c(-c3ccc(C#N)cc3)c(-c3cccnc3)c3c2cc(-c2ccc(C#N)cc2)n3-c2ccc(C)cc2)cc1,ClCCl,,,,,,,,,,,,,,,,23943.56805,24808.6312,25813.6081,26920.32324,28143.20106,29490.44654,30922.34891,32405.39316,33863.25164,35258.4886,36588.836,37852.62784,39047.42599,40123.74958,41076.30889,41909.53308,42571.84207,43000,43166.51091,43084.74101,42786.87479,42293.22897,41589.27591,40673.83622,39549.95975,38208.81773,36617.66498,34776.83873,32694.04001,30352.95587,27841.50451,25189.7343,22397.03981,19533.90809,16701.64904,14033.89832,11571.8831,9389.812282,7519.676337,5929.895891,4654.956979,3608.867867,2728.811797,1999.411646,1410.872654,981.2430772,657.5913334,433.5854339,300.588394,209.3096001,146.9511215,108.5790462,89.24251505,74.56062563,57.99386408,45.1899462,33.91024385,28.96313951,25.32186775,19.18299329,14.26602822,10.17368203,8.400132438,5.104295414,2.245528717,0,0,0,0,0,0,0,0,0,0,0,0,0,0,0,0,0,0,0,0,0,0,0,0,0,0,0,0,0,0,0,0,0,0,0,0,0,0,0,0,0,0,0,0,0,0,0,0,0,0,0,0,0,0,0,0,0,0,0,0,0,0,0,0,0,0,0,0,0,0,0,0,0,0,0,0,0,0,0,0,0,0,0,0,0,0,0,0,0,0,0,0,0,0,0,0,0,0,0,0,0,0,0,0,0,0,0,0,0,0,0,0,0,0,0,0,0,0,0,0,0,0,0,0,0,0,0,0,0,0,0,0,0,0,0,0,0,0,0,0,0,0,0,0,0,0,0,0,0,0,0,0,0,0,0,0,0,0,0,0,0,0,0,0,0,0,0,0,0,0,0,0,0,0,0,0,0,0,0,0,0,0,0,0,0,0,0,0,0,0,0,0,0,0,0,0,0,0,0,0,0,0,0,0,0,0,0,0,0,0,0,0,0,0,0,0,0,0,0,0,0,0,0,0,0,0,0,0,0,0,0,0,0,0,0,0,0,0,0,0,0,0,0,0,0,0,0,0,0,0,0,0,0,0,0,0
CC(C)(C)c1ccc(-c2cc(-c3ccc(-c4cc(-c5ccc(C(C)(C)C)cc5)c(C(=O)N5CCOCC5)s4)s3)sc2C(=O)N2CCOCC2)cc1,ClCCl,11821.68016,12732.80435,13658.94297,14631.23926,15693.6912,16853.91836,18065.95683,19291.64404,20521.48151,21747.43921,22968.67002,24167.64201,25327.52367,26449.72423,27549.83985,28600.1547,29550.84553,30377.5224,31066.38546,31605.70498,31995.11688,32241.9624,32369.3243,32387.14297,32300,32101.96688,31781.95666,31324.06714,30700.81552,29895.42065,28872.07618,27638.5342,26249.37035,24763.53266,23264.80663,21808.98384,20401.6862,19040.6596,17714.16417,16402.77942,15085.08892,13766.24017,12446.48824,11129.02896,9820.266753,8504.191945,7134.852051,5733.21676,4390.344638,3161.236377,2132.35464,1343.466169,789.7482014,444.4510454,249.9010259,154.9673252,95.79352167,51.88605239,34.16298324,12.47978514,0.680128425,0,5.37335925,9.92544846,9.92544846,9.92544846,9.92544846,9.92544846,9.92544846,9.92544846,9.92544846,9.92544846,9.92544846,9.92544846,9.92544846,9.92544846,9.92544846,9.92544846,9.92544846,9.92544846,9.92544846,9.92544846,9.92544846,9.92544846,9.92544846,9.92544846,9.92544846,9.92544846,9.92544846,9.92544846,9.92544846,9.92544846,9.92544846,9.92544846,9.92544846,9.92544846,9.92544846,9.92544846,9.92544846,9.92544846,9.92544846,9.92544846,9.92544846,9.92544846,9.92544846,9.92544846,9.92544846,9.92544846,9.92544846,9.92544846,9.92544846,9.92544846,9.92544846,9.92544846,9.92544846,9.92544846,9.92544846,9.92544846,9.92544846,9.92544846,9.92544846,9.92544846,9.92544846,9.92544846,9.92544846,9.92544846,9.92544846,9.92544846,9.92544846,9.92544846,9.92544846,9.92544846,9.92544846,9.92544846,9.92544846,9.92544846,9.92544846,9.92544846,9.92544846,9.92544846,9.92544846,9.92544846,9.92544846,9.92544846,9.92544846,9.92544846,9.92544846,9.92544846,9.92544846,9.92544846,9.92544846,9.92544846,9.92544846,9.92544846,9.92544846,9.92544846,9.92544846,9.92544846,9.92544846,9.92544846,9.92544846,9.92544846,9.92544846,9.92544846,9.92544846,9.92544846,9.92544846,9.92544846,9.92544846,9.92544846,9.92544846,9.92544846,9.92544846,9.92544846,9.92544846,9.92544846,9.92544846,9.92544846,9.92544846,9.92544846,9.92544846,9.92544846,9.92544846,9.92544846,9.92544846,9.92544846,9.92544846,9.92544846,9.92544846,9.92544846,9.92544846,9.92544846,9.92544846,9.92544846,9.92544846,9.92544846,9.92544846,9.92544846,9.92544846,9.92544846,9.92544846,9.92544846,9.92544846,9.92544846,9.92544846,9.92544846,9.92544846,9.92544846,9.92544846,9.92544846,9.92544846,9.92544846,9.92544846,9.92544846,9.92544846,9.92544846,9.92544846,9.92544846,9.92544846,9.92544846,9.92544846,9.92544846,9.92544846,9.92544846,9.92544846,9.92544846,9.92544846,9.92544846,9.92544846,9.92544846,9.92544846,9.92544846,9.92544846,9.92544846,9.92544846,9.92544846,9.92544846,9.92544846,9.92544846,9.92544846,9.92544846,9.92544846,9.92544846,9.92544846,9.92544846,9.92544846,9.92544846,9.92544846,9.92544846,9.92544846,9.92544846,9.92544846,9.92544846,9.92544846,9.92544846,9.92544846,9.92544846,9.92544846,9.92544846,9.92544846,9.92544846,9.92544846,9.92544846,9.92544846,9.92544846,9.92544846,9.92544846,9.92544846,9.92544846,9.92544846,9.92544846,9.92544846,9.92544846,9.92544846,9.92544846,9.92544846,9.92544846,9.92544846,9.92544846,9.92544846,9.92544846,9.92544846,9.92544846,9.92544846,9.92544846,9.92544846,9.92544846,9.92544846,9.92544846,9.92544846,9.92544846,9.92544846,9.92544846,9.92544846,9.92544846,9.92544846,9.92544846,9.92544846,9.92544846,9.92544846,9.92544846,9.92544846,9.92544846,9.92544846,9.92544846,9.92544846,9.92544846,9.92544846,9.92544846,9.92544846,9.92544846,9.92544846,9.92544846,9.92544846,9.92544846,9.92544846,9.92544846,9.92544846,9.92544846,9.92544846,9.92544846,9.92544846,9.92544846,9.92544846,9.92544846,9.92544846,9.92544846,9.92544846,9.92544846,9.92544846,9.92544846,9.92544846,9.92544846,9.92544846,9.92544846,9.92544846
COc1nc(-c2ccccn2)sc1-c1ccc(N2c3ccccc3Sc3ccccc32)cc1,C1CCOC1,10599.43415,11231.83,11895.47021,12562.59152,13223.79116,13947.16666,14750.49591,15618.91518,16519.83485,17423.66646,18310.96709,19156.1525,19952.33681,20667.3599,21325.53086,21994.98582,22685.59453,23381.37635,24062.49803,24722.54537,25328.50661,25827.56802,26180.00859,26349.4854,26302.67992,26031.6555,25561.54728,24944.95515,24255.23733,23533.4815,22758.56268,21937.71405,21034.46613,20040.34837,18910.32794,17679.53973,16362.79323,14968.29884,13561.18556,12165.43057,10761.57032,9400.536785,8108.288764,6906.548885,5771.691169,4737.570395,3794.557912,2923.500567,2174.703896,1550.472642,1048.060839,683.1582356,450.0195083,296.8010573,176.9770752,77.84154196,0,0,0,0,0,0,0,0,0,0,0,0,0,0,0,0,0,0,0,0,0,0,0,0,0,0,0,0,0,0,0,0,0,0,0,0,0,0,0,0,0,0,0,0,0,0,0,0,0,0,0,0,0,0,0,0,0,0,0,0,0,0,0,0,0,0,0,0,0,0,0,0,0,0,0,0,0,0,0,0,0,0,0,0,0,0,0,0,0,0,0,0,0,0,0,0,0,0,0,0,0,0,0,0,0,0,0,0,0,0,0,0,0,0,0,0,0,0,0,0,0,0,0,0,0,0,0,0,0,0,0,0,0,0,0,0,0,0,0,0,0,0,0,0,0,0,0,0,0,0,0,0,0,0,0,0,0,0,0,0,0,0,0,0,0,0,0,0,0,0,0,0,0,0,0,0,0,0,0,0,0,0,0,0,0,0,0,0,0,0,0,0,0,0,0,0,0,0,0,0,0,0,0,0,0,0,0,0,0,0,0,0,0,0,0,0,0,0,0,0,0,0,0,0,0,0,0,0,0,0,0,0,0,0,0,0,0,0,0,0,0,0,0,0,0,0,0,0,0,0,0,0,0,0,0,0,0,0,0,0,0,0,0,0,0,0,0,0,0,0,0,0,0,0,0,0,0,0,0,0
Cc1ccccc1CC1=[N+]2C(=C(c3ccccc3)c3cccn3[B-]2(F)F)C=C1,ClCCl,,,,,,,,,,,,,,,,,,,,,,,,,,,,,,,,,,,,,,,,,,,,,,,,,,,,,,,,2324.008704,2582.791579,2848.783518,3118.046386,3387.842527,3669.706185,3970.154635,4316.623236,4719.057426,5215.219813,5832.958349,6602.665388,7529.541858,8618.099358,9817.915379,11072.46861,12291.09325,13413.21303,14350.02606,15092.96228,15621.36065,16016.04481,16375.16198,16859.18245,17698.22697,19145.68059,21337.76313,24369.83467,28221.7309,32585.69234,37036.18019,40984.38023,43657.40974,44500,43233.33382,40000.47269,35140.0329,29291.45413,23201.03182,17473.58902,12644.389,8888.639343,6101.502063,4149.34536,2804.872192,1953.376421,1400.68161,1025.57311,754.5524422,544.068391,333.5843398,123.1002886,0,0,0,0,0,0,0,0,0,0,0,0,0,0,0,0,0,0,0,0,0,0,0,0,0,0,0,0,0,0,0,0,0,0,0,0,0,0,0,0,0,0,0,0,0,0,0,0,0,0,0,0,0,0,0,0,0,0,0,0,0,0,0,0,0,0,0,0,0,0,0,0,0,0,0,0,0,0,0,0,0,0,0,0,0,0,0,0,0,0,0,0,0,0,0,0,0,0,0,0,0,0,0,0,0,0,0,0,0,0,0,0,0,0,0,0,0,0,0,0,0,0,0,0,0,0,0,0,0,0,0,0,0,0,0,0,0,0,0,0,0,0,0,0,0,0,0,0,0,0,0,0,0,0,0,0,0,0,0,0,0,0,0,0,0,0,0,0,0,0,0,0,0,0,0,0,0,0,0,0,0,0,0,0,0,0,0,0,0,0,0,0,0,0,0,0,0,0,0,0,0,0,0,0,0,0,0,0,0,0,0,0,0,0,0,0,0,0,0,0,0,0,0,0,0,0,0,0,0
Cc1ccc(-c2nnc(-c3ccccc3)c3c(-c4ccc(C)cc4)n(-c4ccccc4)c(-c4ccccc4)c23)cc1,ClC(Cl)Cl,,,,,,,,,,,,,,,,35851.72555,36212.29338,36496.55587,36677.94946,36738.95625,36664.58816,36440.23325,36049.01084,35481.33892,34734.66461,33819.07611,32751.04784,31529.7557,30188.73439,28751.63728,27204.38953,25582.9194,23906.36571,22186.63133,20451.84374,18724.84458,17024.77676,15344.14917,13723.69827,12174.91257,10678.29513,9281.918637,8002.479079,6841.98371,5801.357517,4884.545311,4100.029564,3421.340467,2858.613113,2396.476893,2001.368589,1675.844743,1411.963146,1200.073372,1021.925952,868.4013775,737.6042196,624.0439566,534.443052,457.8713058,386.088897,327.5713279,289.9820454,263.2342656,230.8949129,192.3728832,151.8226947,117.6088196,91.80376542,73.4757353,64.62279435,63.58392722,65.19378323,60.05757595,47.54713845,34.05675415,20.59060323,8.720211777,0,0,0,0,0,0,0,0,0,0,0,0,0,0,0,0,0,0,0,0,0,0,0,0,0,0,0,0,0,0,0,0,0,0,0,0,0,0,0,0,0,0,0,0,0,0,0,0,0,0,0,0,0,0,0,0,0,0,0,0,0,0,0,0,0,0,0,0,0,0,0,0,0,0,0,0,0,0,0,0,0,0,0,0,0,0,0,0,0,0,0,0,0,0,0,0,0,0,0,0,0,0,0,0,0,0,0,0,0,0,0,0,0,0,0,0,0,0,0,0,0,0,0,0,0,0,0,0,0,0,0,0,0,0,0,0,0,0,0,0,0,0,0,0,0,0,0,0,0,0,0,0,0,0,0,0,0,0,0,0,0,0,0,0,0,0,0,0,0,0,0,0,0,0,0,0,0,0,0,0,0,0,0,0,0,0,0,0,0,0,0,0,0,0,0,0,0,0,0,0,0,0,0,0,0,0,0,0,0,0,0,0,0,0,0,0,0,0,0,0,0,0,0,0,0,0,0,0,0,0,0,0,0,0,0,0,0,0,0,0,0,0,0,0,0,0,0,0,0,0,0,0,0,0,0,0,0,0
FC(F)(F)c1cc(-c2cc3c(cc(-c4cc(C(F)(F)F)cc(C(F)(F)F)c4)n3-c3ccccc3Cl)n2-c2ccccc2Cl)cc(C(F)(F)F)c1,Cc1ccccc1,,,,,,,,,,,,,,,,33687.07388,35317.87183,36826.11789,38148.28521,39231.49269,40053.72745,40611.28308,40921.8182,41000,40849.84835,40478.51325,39850.90872,38900.39176,37552.32738,35719.89301,33369.74776,30502.47327,27176.6582,23539.59109,19765.34019,16059.30325,12608.4625,9560.87404,7011.634175,4978.169502,3444.084849,2339.384517,1587.340162,1120.718433,839.8504143,668.9070489,567.5965679,504.6458097,460.7866489,425.7090031,394.8760606,371.9955745,361.3996986,351.0820573,329.2878149,301.8993167,280.9821638,264.6903253,247.6995517,229.2327381,210.8043875,198.6455951,187.8889785,172.7183066,155.2891318,142.405858,139.304136,136.6752596,126.766359,113.4308105,100.5627496,89.55392317,76.67275426,60.9215022,48.06501847,39.55006532,31.98558742,19.11656974,0,0,0,0,0,0,0,0,0,0,0,0,0,0,0,0,0,0,0,0,0,0,0,0,0,0,0,0,0,0,0,0,0,0,0,0,0,0,0,0,0,0,0,0,0,0,0,0,0,0,0,0,0,0,0,0,0,0,0,0,0,0,0,0,0,0,0,0,0,0,0,0,0,0,0,0,0,0,0,0,0,0,0,0,0,0,0,0,0,0,0,0,0,0,0,0,0,0,0,0,0,0,0,0,0,0,0,0,0,0,0,0,0,0,0,0,0,0,0,0,0,0,0,0,0,0,0,0,0,0,0,0,0,0,0,0,0,0,0,0,0,0,0,0,0,0,0,0,0,0,0,0,0,0,0,0,0,0,0,0,0,0,0,0,0,0,0,0,0,0,0,0,0,0,0,0,0,0,0,0,0,0,0,0,0,0,0,0,0,0,0,0,0,0,0,0,0,0,0,0,0,0,0,0,0,0,0,0,0,0,0,0,0,0,0,0,0,0,0,0,0,0,0,0,0,0,0,0,0,0,0,0,0,0,0,0,0,0,0,0,0,0,0,0,0,0,0,0,0,0,0,0,0,0,0,0,0,0
FS(F)(F)(F)(F)c1ccc(C=Cc2ccc(C=Cc3ccc(N(c4ccccc4)c4ccccc4)cc3)cc2)cc1,CC(C)=O,,,,,,,,,,,,24420.20572,24856.68635,25562.74551,26541.60717,27773.87324,29222.36999,30840.58058,32563.81186,34341.90182,36122.62688,37868.58816,39573.11453,41199.8735,42736.04717,44192.15901,45539.57875,46773.07274,47883.49984,48823.39675,49557.54053,50063.84465,50318.29968,50292.03524,50000,49460.26915,48687.99209,47722.67376,46575.5835,45266.70549,43810.4654,42208.22095,40460.19093,38561.53403,36524.69702,34351.36009,32070.74734,29709.49586,27286.35506,24859.61854,22450.01104,20089.93637,17826.01467,15675.98125,13663.02359,11794.50325,10091.61285,8553.521069,7200.875504,6022.427771,5012.795036,4171.65926,3470.76401,2889.848273,2412.963995,2017.51776,1677.749953,1373.247246,1116.694331,860.1414147,603.5884988,347.0355829,90.48266702,0,0,0,0,0,0,0,0,0,0,0,0,0,0,0,0,0,0,0,0,0,0,0,0,0,0,0,0,0,0,0,0,0,0,0,0,0,0,0,0,0,0,0,0,0,0,0,0,0,0,0,0,0,0,0,0,0,0,0,0,0,0,0,0,0,0,0,0,0,0,0,0,0,0,0,0,0,0,0,0,0,0,0,0,0,0,0,0,0,0,0,0,0,0,0,0,0,0,0,0,0,0,0,0,0,0,0,0,0,0,0,0,0,0,0,0,0,0,0,0,0,0,0,0,0,0,0,0,0,0,0,0,0,0,0,0,0,0,0,0,0,0,0,0,0,0,0,0,0,0,0,0,0,0,0,0,0,0,0,0,0,0,0,0,0,0,0,0,0,0,0,0,0,0,0,0,0,0,0,0,0,0,0,0,0,0,0,0,0,0,0,0,0,0,0,0,0,0,0,0,0,0,0,0,0,0,0,0,0,0,0,0,0,0,0,0,0,0,0,0,0,0,0,0,0,0,0,0,0,0,0,0,0,0,0,0,0,0,0,0,0,0,0,0,0,0,0,0,0,0,0,0,0,0,0,0,0,0,0,0,0,0,0
CCc1c(C)c2n(c1C)[B-](F)(F)[N+]1=C3C=CC=CN3[B-](F)(F)N1C2,CCCCCC,,,,,,,,,,,,,,,,2150.179812,2416.522291,2728.869145,3067.487391,3409.220588,3747.569705,4088.601169,4432.553846,4804.476811,5219.793513,5700.42801,6258.249497,6871.847908,7514.953044,8144.470206,8735.079404,9259.438587,9702.678063,10092.15082,10471.53029,10901.90109,11413.56079,12042.00726,12739.01015,13434.60705,14072.07076,14545.03145,14780.29385,14716.40757,14391.92534,13884.67865,13281.03993,12705.95752,12210.26566,11863.17861,11701.33452,11666.7552,11690.09458,11652.31703,11481.53621,11100.84498,10390.01847,9326.075552,7884.331891,6236.762111,4577.453545,3051.463443,1798.215686,544.9679293,0,0,0,0,0,0,0,0,0,0,0,0,0,0,0,0,0,0,0,0,0,0,0,0,0,0,0,0,0,0,0,0,0,0,0,0,0,0,0,0,0,0,0,0,0,0,0,0,0,0,0,0,0,0,0,0,0,0,0,0,0,0,0,0,0,0,0,0,0,0,0,0,0,0,0,0,0,0,0,0,0,0,0,0,0,0,0,0,0,0,0,0,0,0,0,0,0,0,0,0,0,0,0,0,0,0,0,0,0,0,0,0,0,0,0,0,0,0,0,0,0,0,0,0,0,0,0,0,0,0,0,0,0,0,0,0,0,0,0,0,0,0,0,0,0,0,0,0,0,0,0,0,0,0,0,0,0,0,0,0,0,0,0,0,0,0,0,0,0,0,0,0,0,0,0,0,0,0,0,0,0,0,0,0,0,0,0,0,0,0,0,0,0,0,0,0,0,0,0,0,0,0,0,0,0,0,0,0,0,0,0,0,0,0,0,0,0,0,0,0,0,0,0,0,0,0,0,0,0,0,0,0,0,0,0,0,0,0,0,0,0,0,0,0,0,0,0,0,0,0,0,0,0,0,0,0,0,0,0,0,0,0,0,0,0,0,0,0,0,0,0,0
COc1ccc(C=CC(=O)C=Cc2ccc(OC)cc2)cc1,CO,20681.48207,21140.39069,21599.29932,21997.02013,22364.14703,22731.27393,23067.80692,23343.15209,23649.09118,23863.24854,24046.81199,24230.37544,24383.34498,24444.5328,24444.5328,24444.5328,24413.93889,24291.56325,24107.9998,23863.24854,23587.90336,23220.77646,22761.86784,22333.55312,21844.05058,21140.39069,20467.32471,19763.66481,18998.8171,18142.18767,17285.55824,16490.11662,15511.11155,14623.88821,13675.47705,12727.06589,11839.84254,10830.24357,10004.20804,9178.172514,8321.54308,7495.507553,6761.253752,6088.187768,5415.121783,4742.055799,4130.177631,3579.487281,3059.390838,2631.076121,2172.167495,1805.040594,1529.695419,1346.131969,1131.97461,948.4111598,795.4416179,703.6598928,581.2842592,489.5025341,428.3147173,336.5329922,275.3451754,244.751267,183.5634503,122.3756335,30.59390838,91.78172514,91.78172514,122.3756335,122.3756335,122.3756335,122.3756335,122.3756335,122.3756335,122.3756335,30.59390838,61.18781676,61.18781676,0,0,0,0,61.18781676,61.18781676,61.18781676,0,0,0,0,0,0,0,0,0,0,0,0,0,0,0,0,0,0,0,0,0,0,0,0,0,0,0,0,0,0,0,0,0,0,0,0,0,0,0,0,0,0,0,0,0,0,0,0,0,0,0,0,0,0,0,0,0,0,0,0,0,0,0,0,0,0,0,0,0,0,0,0,0,0,0,0,0,0,0,0,0,0,0,0,0,0,0,0,0,0,0,0,0,0,0,0,0,0,0,0,0,0,0,0,0,0,0,0,0,0,0,0,0,0,0,0,0,0,0,0,0,0,0,0,0,0,0,0,0,0,0,0,0,0,0,0,0,0,0,0,0,0,0,0,0,0,0,0,0,0,0,0,0,0,0,0,0,0,0,0,0,0,0,0,0,0,0,0,0,0,0,0,0,0,0,0,0,0,0,0,0,0,0,0,0,0,0,0,0,0,0,0,0,0,0,0,0,0,0,0,0,0,0,0,0,0,0,0,0,0,0,0,0,0,0,0,0,0,0,0,0,0,0,0,0,0,0,0,0,0,0,0,0,0,0,0,0,0,0,0,0,0,0,0,0,0,0,0,0,0
Cc1csc2[n+]1[B-](F)(F)OC(c1ccc(N(C)C)cc1)=N2,CC#N,,,,,,,5079.049184,5899.156746,6821.846001,7862.33826,9027.265941,10311.39798,11721.45591,13263.42854,14935.82832,16729.59984,18633.28106,20634.51554,22727.13332,24908.40669,27161.94918,29478.96072,31867.60489,34311.61915,36769.33692,39190.968,41520.86213,43702.31525,45677.71757,47412.6849,48888.49875,50101.69516,51094.61823,51908.42325,52535.04187,52949.5675,53100.73508,52900,52242.04027,51015.02798,49146.74739,46621.49911,43512.29615,39877.0779,35748.98979,31346.39114,26974.27821,22782.31502,18877.58682,15352.37984,12280.55128,9692.185541,7556.574074,5767.382258,4242.479884,3025.168392,2137.372188,1467.570087,956.2399316,591.1220178,340.3621941,171.528936,62.90771015,0,0,0,0,0,0,0,0,0,0,0,0,0,0,0,0,0,0,0,0,0,0,0,0,0,0,0,0,0,0,0,0,0,0,0,0,0,0,0,0,0,0,0,0,0,0,0,0,0,0,0,0,0,0,0,0,0,0,0,0,0,0,0,0,0,0,0,0,0,0,0,0,0,0,0,0,0,0,0,0,0,0,0,0,0,0,0,0,0,0,0,0,0,0,0,0,0,0,0,0,0,0,0,0,0,0,0,0,0,0,0,0,0,0,0,0,0,0,0,0,0,0,0,0,0,0,0,0,0,0,0,0,0,0,0,0,0,0,0,0,0,0,0,0,0,0,0,0,0,0,0,0,0,0,0,0,0,0,0,0,0,0,0,0,0,0,0,0,0,0,0,0,0,0,0,0,0,0,0,0,0,0,0,0,0,0,0,0,0,0,0,0,0,0,0,0,0,0,0,0,0,0,0,0,0,0,0,0,0,0,0,0,0,0,0,0,0,0,0,0,0,0,0,0,0,0,0,0,0,0,0,0,0,0,0,0,0,0,0,0,0,0,0,0,0,0,0,0,0,0,0,0,0,0,0,0,0,0,0,0,0,0,0,0,0,0,0,0,0,0,0,0,0
CCCCCCNC(=O)c1sc(-c2ccc(-c3cc(-c4ccc(C(C)(C)C)cc4)c(C(=O)NCCCCCC)s3)s2)cc1-c1ccc(C(C)(C)C)cc1,ClCCl,8415.200522,8969.922861,9540.482441,10231.32082,11037.00664,11950.12817,12964.85277,14054.18751,15211.57789,16420.59319,17698.06361,19011.49427,20337.22945,21704.0814,23062.53285,24414.93854,25763.60721,27079.7553,28387.32386,29665.71218,30923.86447,32092.12407,33153.83454,34069.1859,34826.70122,35425.4263,35884.00674,36196.50078,36425.05551,36568.64236,36636.92365,36600,36446.49393,36122.58314,35576.12136,34736.90407,33614.06501,32247.63193,30700.51589,29057.34887,27391.29985,25797.4767,24315.86687,22977.6874,21680.8034,20321.69582,18879.39478,17365.85332,15704.0933,13863.5505,11888.0762,9867.272039,7897.67231,6078.04704,4433.539409,3053.423025,1962.057288,1194.815541,671.9997399,321.953577,127.5085024,29.38214607,0,0,0,0,0,0,0,0,0,0,0,0,0,0,0,0,0,0,0,0,0,0,0,0,0,0,0,0,0,0,0,0,0,0,0,0,0,0,0,0,0,0,0,0,0,0,0,0,0,0,0,0,0,0,0,0,0,0,0,0,0,0,0,0,0,0,0,0,0,0,0,0,0,0,0,0,0,0,0,0,0,0,0,0,0,0,0,0,0,0,0,0,0,0,0,0,0,0,0,0,0,0,0,0,0,0,0,0,0,0,0,0,0,0,0,0,0,0,0,0,0,0,0,0,0,0,0,0,0,0,0,0,0,0,0,0,0,0,0,0,0,0,0,0,0,0,0,0,0,0,0,0,0,0,0,0,0,0,0,0,0,0,0,0,0,0,0,0,0,0,0,0,0,0,0,0,0,0,0,0,0,0,0,0,0,0,0,0,0,0,0,0,0,0,0,0,0,0,0,0,0,0,0,0,0,0,0,0,0,0,0,0,0,0,0,0,0,0,0,0,0,0,0,0,0,0,0,0,0,0,0,0,0,0,0,0,0,0,0,0,0,0,0,0,0,0,0,0,0,0,0,0,0,0,0,0,0,0,0,0,0,0,0,0,0,0,0,0,0,0,0,0,0,0
COc1ccc(Oc2cc3c4c(ccc5c6c(Oc7ccc(OC)cc7)cc7c8c(ccc(c2c45)c86)C(=O)N(c2c(C)cccc2OC)C7=O)C(=O)N(c2c(C)cccc2OC)C3=O)cc1,ClC(Cl)Cl,,,,,,,,,,,,,,,,,,,,,,,,,,,,,,,,,,,,,,,,10726.8972,10676.83278,10583.01585,10465.50152,10336.42482,10194.68379,10047.64099,9910.150116,9791.218438,9695.820975,9628.962655,9590.108114,9585.966999,9632.614408,9724.285341,9833.185204,9947.309593,10063.76947,10181.08086,10295.35992,10410.98249,10540.58452,10704.89638,10936.93567,11249.42825,11636.76115,12098.27915,12635.43388,13237.80525,13888.5969,14572.98032,15268.95546,15963.91666,16652.71816,17331.14425,18004.86736,18687.4232,19382.7971,20095.37607,20869.61799,21746.03044,22748.72881,23917.59502,25351.8053,27084.35152,29094.15667,31277.62607,33516.42342,35674.41441,37613.70912,39210.28687,40359.96519,41055.30425,41361.59889,41336.2547,41062.55418,40644.65352,40214.51504,39893.59257,39798.68466,40055.10039,40736.06927,41845.92757,43450.61775,45498.8515,47910.6791,50632.92352,53386.15048,55950.19486,58170.01066,59748.62497,60391.99971,60000,58677.10591,56396.74749,53258.00802,49458.56322,45063.90421,40316.11954,35475.88398,30631.68772,25908.68915,21530.51377,17640.01954,14241.79148,11353.00837,8965.796503,7017.762959,5468.774987,4283.514891,3391.811647,2709.680799,2173.214394,1741.828182,1387.471437,1109.38541,888.6375887,717.7565498,587.1814772,489.8277044,413.411786,347.6999156,287.1014462,232.9956768,183.5586237,138.6623147,102.4338557,77.28257082,57.56386051,38.33981226,19.27459351,0,0,0,0,0,0,0,0,0,0,0,0,0,0,0,0,0,0,0,0,0,0,0,0,0,0,0,0,0,0,0,0,0,0,0,0,0,0,0,0,0,0,0,0,0,0,0,0,0,0,0,0,0,0,0,0,0,0,0,0,0,0,0,0,0,0,0,0,0,0,0,0,0,0,0,0,0,0,0,0,0,0,0,0,0,0,0,0,0,0,0,0,0,0,0,0,0,0,0,0,0,0,0,0,0,0,0,0,0,0,0,0,0,0,0,0,0,0,0,0,0,0,0,0,0,0,0,0,0,0,0,0,0,0,0,0,0,0,0,0,0,0,0,0,0,0,0,0,0,0,0,0,0,0,0,0,0,0,0,0,0,0,0,0,0,0,0,0,0,0,0,0,0,0,0,0,0,0,0,0,0,0,0,0,0,0
CCOc1c(C=C2N(C)c3ccc4ccccc4c3C2(C)C)c(=O)c1=O,CO,,,,,,,,,,,,,,,,,,,,,,,,,,,,,,,,,4422.47132,4946.552479,5523.974819,6151.153912,6831.287631,7551.62202,8310.243798,9103.697005,9917.121548,10740.63927,11573.70881,12414.74359,13244.03257,14065.34586,14867.19238,15630.59872,16352.46138,17013.89103,17589.64129,18062.8667,18409.81946,18607.05289,18620.87137,18440.55862,18048.6376,17456.61498,16678.51535,15732.10784,14647.06534,13453.74751,12189.03566,10886.28544,9572.52317,8275.189201,7041.350832,5903.537127,4879.729033,3978.90508,3213.095213,2571.522526,2055.062276,1631.253865,1284.549304,1000.369941,775.9092907,594.8793558,446.5194065,318.5965834,215.1569394,111.7172954,8.277651363,0,0,0,0,0,0,0,0,0,0,0,0,0,0,0,0,0,0,0,0,0,0,0,0,0,0,0,0,0,0,0,0,0,0,0,0,0,0,0,0,0,0,0,0,0,0,0,0,0,0,0,0,0,0,0,0,0,0,0,0,0,0,0,0,0,0,0,0,0,0,0,0,0,0,0,0,0,0,0,0,0,0,0,0,0,0,0,0,0,0,0,0,0,0,0,0,0,0,0,0,0,0,0,0,0,0,0,0,0,0,0,0,0,0,0,0,0,0,0,0,0,0,0,0,0,0,0,0,0,0,0,0,0,0,0,0,0,0,0,0,0,0,0,0,0,0,0,0,0,0,0,0,0,0,0,0,0,0,0,0,0,0,0,0,0,0,0,0,0,0,0,0,0,0,0,0,0,0,0,0,0,0,0,0,0,0,0,0,0,0,0,0,0,0,0,0,0,0,0,0,0,0,0,0,0,0,0,0,0,0,0,0,0,0,0,0,0,0,0,0,0,0,0,0,0,0,0,0,0,0,0,0,0,0,0,0,0,0,0,0,0,0,0,0,0,0,0,0,0,0,0,0,0
CCOc1c(C=C2N(C)c3ccc4ccccc4c3C2(C)C)c(=O)c1=O,C1CCOC1,,,,,,,,,,,,,,,,,,,,,,,,,,,,,,,4925.744644,5423.991755,5986.362151,6618.529168,7335.362106,8138.403295,9022.393288,9975.148421,10962.54296,11956.83927,12917.27341,13818.91268,14643.68862,15395.542,16097.40726,16777.76565,17470.85979,18191.02091,18945.49022,19695.90241,20391.42494,20960.75823,21305.01806,21315.40693,20892.96131,20013.45913,18709.25805,17026.86093,15096.34387,13010.12516,10915.82742,8922.445121,7107.540343,5524.577554,4180.319447,3091.602268,2249.042942,1606.39256,1144.646736,802.7944241,560.3303488,382.6743354,256.2286878,175.496561,119.0308821,77.3923272,48.085308,26.40575533,10.24026273,0,0,0,0,0,0,0,0,0,0,0,0,0,0,0,0,0,0,0,0,0,0,0,0,0,0,0,0,0,0,0,0,0,0,0,0,0,0,0,0,0,0,0,0,0,0,0,0,0,0,0,0,0,0,0,0,0,0,0,0,0,0,0,0,0,0,0,0,0,0,0,0,0,0,0,0,0,0,0,0,0,0,0,0,0,0,0,0,0,0,0,0,0,0,0,0,0,0,0,0,0,0,0,0,0,0,0,0,0,0,0,0,0,0,0,0,0,0,0,0,0,0,0,0,0,0,0,0,0,0,0,0,0,0,0,0,0,0,0,0,0,0,0,0,0,0,0,0,0,0,0,0,0,0,0,0,0,0,0,0,0,0,0,0,0,0,0,0,0,0,0,0,0,0,0,0,0,0,0,0,0,0,0,0,0,0,0,0,0,0,0,0,0,0,0,0,0,0,0,0,0,0,0,0,0,0,0,0,0,0,0,0,0,0,0,0,0,0,0,0,0,0,0,0,0,0,0,0,0,0,0,0,0,0,0,0,0,0,0,0,0,0,0,0,0,0,0,0,0,0,0,0,0,0,0,0,0
CCCCC(CC)Cn1c2ccc(C(=O)C(=NOC(=O)c3ccccc3)C(C)C)cc2c2c3oc(=O)cc(C)c3ccc21,CC#N,8518.446181,8584.827594,8686.356097,8849.826365,9087.822088,9397.301877,9773.932938,10208.29885,10713.30819,11282.57733,11905.93941,12551.98322,13188.70393,13787.8671,14348.62433,14859.37145,15351.17855,15847.83688,16377.4768,16819.76156,17088.99645,17043.6707,16595.86907,15699.80562,14376.60504,12698.99516,10784.8641,8840.926324,7037.643582,5418.511931,4073.992286,2995.011331,2172.544542,1573.179963,1151.050453,850.2852104,615.760251,463.6710731,358.8278622,279.5770574,223.6693543,175.1027852,129.6457486,95.81270016,73.04756678,55.23403524,45.68336934,40.6532891,33.33421442,30.14923771,25.69105755,16.5440183,7.498828767,0,0,0,0,0,0,0,0,0,0,0,0,0,0,0,0,0,0,0,0,0,0,0,0,0,0,0,0,0,0,0,0,0,0,0,0,0,0,0,0,0,0,0,0,0,0,0,0,0,0,0,0,0,0,0,0,0,0,0,0,0,0,0,0,0,0,0,0,0,0,0,0,0,0,0,0,0,0,0,0,0,0,0,0,0,0,0,0,0,0,0,0,0,0,0,0,0,0,0,0,0,0,0,0,0,0,0,0,0,0,0,0,0,0,0,0,0,0,0,0,0,0,0,0,0,0,0,0,0,0,0,0,0,0,0,0,0,0,0,0,0,0,0,0,0,0,0,0,0,0,0,0,0,0,0,0,0,0,0,0,0,0,0,0,0,0,0,0,0,0,0,0,0,0,0,0,0,0,0,0,0,0,0,0,0,0,0,0,0,0,0,0,0,0,0,0,0,0,0,0,0,0,0,0,0,0,0,0,0,0,0,0,0,0,0,0,0,0,0,0,0,0,0,0,0,0,0,0,0,0,0,0,0,0,0,0,0,0,0,0,0,0,0,0,0,0,0,0,0,0,0,0,0,0,0,0,0,0,0,0,0,0,0,0,0,0,0,0,0,0,0,0,0,0,0,0,0,0,0,0,0,0,0
O=C1c2ccccc2C(=O)c2c1ccc1nc(-c3ccc(C#Cc4ccccc4)cc3)[nH]c21,ClCCl,,,,,,,,,,,,,,,,4597.397725,4723.458184,4856.197667,4998.104513,5149.164911,5310.361831,5478.970876,5648.664095,5817.018016,5985.433787,6153.588048,6316.630877,6474.796055,6632.379337,6791.746153,6953.16306,7113.842572,7269.138385,7414.732247,7549.257166,7667.123472,7764.060387,7840.026767,7897.723665,7940.761023,7970.18547,7984.395028,7976.493377,7943.282347,7883.267046,7790.267806,7665.021514,7513.517823,7340.290866,7151.017879,6950.128605,6737.428265,6507.586587,6258.528894,5990.887965,5704.357848,5400.443929,5083.540026,4748.535271,4399.758732,4051.382079,3704.991766,3363.451072,3031.43017,2716.692165,2423.959265,2151.964704,1902.112211,1667.946347,1450.928019,1255.619807,1076.500466,917.1839895,778.1084525,657.5292066,552.324401,461.2159468,386.0814048,324.3229437,272.8255889,229.8670547,194.2634688,164.9688639,140.043867,117.7150622,95.88431653,75.5743118,58.61807201,45.26631284,35.200911,26.70093732,18.8883029,12.24657928,7.698486067,4.532381091,2.000167795,0.628974578,0,0,0,0,0,0,0,0,0,0,0,0,0,0,0,0,0,0,0,0,0,0,0,0,0,0,0,0,0,0,0,0,0,0,0,0,0,0,0,0,0,0,0,0,0,0,0,0,0,0,0,0,0,0,0,0,0,0,0,0,0,0,0,0,0,0,0,0,0,0,0,0,0,0,0,0,0,0,0,0,0,0,0,0,0,0,0,0,0,0,0,0,0,0,0,0,0,0,0,0,0,0,0,0,0,0,0,0,0,0,0,0,0,0,0,0,0,0,0,0,0,0,0,0,0,0,0,0,0,0,0,0,0,0,0,0,0,0,0,0,0,0,0,0,0,0,0,0,0,0,0,0,0,0,0,0,0,0,0,0,0,0,0,0,0,0,0,0,0,0,0,0,0,0,0,0,0,0,0,0,0,0,0,0,0,0,0,0,0,0,0,0,0,0,0,0,0,0,0,0,0,0,0,0,0,0,0,0,0,0,0,0,0,0,0,0,0,0,0,0,0,0,0,0,0,0,0,0,0,0,0,0,0,0,0,0,0,0,0
F[B-]1(F)n2c(CCCc3ccccc3)ccc2C(c2c(Cl)cccc2Cl)=C2C=CC=[N+]21,ClCCl,,,,,,,,,,,,,,,,,,,,,,,,,,,,,,,,,,,,,,,,,,,376.6522905,374.0143368,397.0930829,435.4008911,491.267247,549.9594835,610.4294229,674.2429838,769.7350086,895.3631565,1055.916008,1243.536904,1479.007333,1760.714358,2084.469595,2432.024593,2798.949325,3189.967078,3615.829314,4049.7812,4475.385333,4888.664134,5310.681889,5775.484076,6305.160559,6932.211685,7721.979265,8700.329139,9917.772513,11346.95101,12929.91657,14596.39217,16256.77486,17811.81449,19148.5696,20194.15912,20953.2819,21456.93921,21850.33724,22282.01795,22935.89953,24030.77488,25812.33505,28474.92276,32144.93518,36884.53456,42356.08963,48069.72466,53158.62675,56752.38908,58065.67899,56700,52723.81559,46586.92126,39094.13354,31259.56257,23866.40503,17524.43004,12390.08017,8493.241128,5648.620103,3663.036798,2323.115948,1400.809195,763.7421326,126.6750701,0,0,0,0,0,0,0,0,0,0,0,0,0,0,0,0,0,0,0,0,0,0,0,0,0,0,0,0,0,0,0,0,0,0,0,0,0,0,0,0,0,0,0,0,0,0,0,0,0,0,0,0,0,0,0,0,0,0,0,0,0,0,0,0,0,0,0,0,0,0,0,0,0,0,0,0,0,0,0,0,0,0,0,0,0,0,0,0,0,0,0,0,0,0,0,0,0,0,0,0,0,0,0,0,0,0,0,0,0,0,0,0,0,0,0,0,0,0,0,0,0,0,0,0,0,0,0,0,0,0,0,0,0,0,0,0,0,0,0,0,0,0,0,0,0,0,0,0,0,0,0,0,0,0,0,0,0,0,0,0,0,0,0,0,0,0,0,0,0,0,0,0,0,0,0,0,0,0,0,0,0,0,0,0,0,0,0,0,0,0,0,0,0,0,0,0,0,0,0,0,0,0,0,0,0,0,0,0,0,0,0,0,0,0,0,0,0,0,0,0,0,0,0,0,0,0,0,0
CC(O)=Nc1ccc(C=CC(=O)c2ccc(Br)cc2)cc1,CO,22735.85787,23331.44413,24030.6106,24444.93147,24807.46224,24962.83256,25040.51773,25014.62267,24911.04245,24652.09191,24237.77104,23719.86995,23098.38864,22347.43206,21570.58042,20638.35846,19706.13649,18851.5997,18152.43322,17297.89642,16339.77941,15303.97723,14371.75526,13439.5333,12481.41628,11445.6141,10461.60203,9529.380066,8623.053157,7768.516358,6991.664722,6188.918032,5463.856505,4764.690033,4117.31367,3521.727416,2952.036216,2434.135126,1993.919199,1657.28349,1320.647781,1087.59229,880.4318539,725.0615268,517.9010905,414.3208724,362.5307634,284.8455998,207.1604362,155.3703272,129.4752726,103.5802181,77.68516358,51.79010905,25.89505453,51.79010905,25.89505453,25.89505453,25.89505453,25.89505453,25.89505453,25.89505453,25.89505453,25.89505453,25.89505453,25.89505453,51.79010905,25.89505453,51.79010905,25.89505453,25.89505453,25.89505453,25.89505453,0,25.89505453,25.89505453,51.79010905,0,25.89505453,51.79010905,25.89505453,25.89505453,51.79010905,25.89505453,25.89505453,67.33334357,0,0,0,0,0,0,0,0,0,0,0,0,0,0,0,0,0,0,0,0,0,0,0,0,0,0,0,0,0,0,0,0,0,0,0,0,0,0,0,0,0,0,0,0,0,0,0,0,0,0,0,0,0,0,0,0,0,0,0,0,0,0,0,0,0,0,0,0,0,0,0,0,0,0,0,0,0,0,0,0,0,0,0,0,0,0,0,0,0,0,0,0,0,0,0,0,0,0,0,0,0,0,0,0,0,0,0,0,0,0,0,0,0,0,0,0,0,0,0,0,0,0,0,0,0,0,0,0,0,0,0,0,0,0,0,0,0,0,0,0,0,0,0,0,0,0,0,0,0,0,0,0,0,0,0,0,0,0,0,0,0,0,0,0,0,0,0,0,0,0,0,0,0,0,0,0,0,0,0,0,0,0,0,0,0,0,0,0,0,0,0,0,0,0,0,0,0,0,0,0,0,0,0,0,0,0,0,0,0,0,0,0,0,0,0,0,0,0,0,0,0,0,0,0,0,0,0,0,0,0,0,0,0,0,0,0,0,0,0,0,0,0,0,0,0,0,0,0,0,0
Cc1csc2[n+]1[B-](F)(F)OC(c1ccc(N(C)C)cc1)=N2,ClCCl,,,,,,,3903.149782,4556.101987,5303.203199,6151.838182,7112.512587,8190.191834,9398.608427,10741.88079,12223.64158,13842.18534,15585.11654,17445.32388,19416.95965,21496.09585,23668.80549,25922.54554,28278.02926,30727.22894,33250.65519,35811.67865,38353.53663,40828.99145,43170.09157,45274.93473,47078.73917,48578.5413,49791.14981,50758.53979,51532.60928,52178.47119,52717.75558,53118.79164,53300,53093.86596,52343.72703,50897.13864,48604.98011,45453.4634,41529.59998,36902.19832,31834.91889,26679.83054,21718.99273,17150.08165,13151.36628,9785.271577,7069.906134,4978.186536,3412.611337,2208.441684,1356.180167,821.3316033,479.7623931,259.1112628,136.0367245,57.90494027,20.14685721,0,0,0,0,0,0,0,0,0,0,0,0,0,0,0,0,0,0,0,0,0,0,0,0,0,0,0,0,0,0,0,0,0,0,0,0,0,0,0,0,0,0,0,0,0,0,0,0,0,0,0,0,0,0,0,0,0,0,0,0,0,0,0,0,0,0,0,0,0,0,0,0,0,0,0,0,0,0,0,0,0,0,0,0,0,0,0,0,0,0,0,0,0,0,0,0,0,0,0,0,0,0,0,0,0,0,0,0,0,0,0,0,0,0,0,0,0,0,0,0,0,0,0,0,0,0,0,0,0,0,0,0,0,0,0,0,0,0,0,0,0,0,0,0,0,0,0,0,0,0,0,0,0,0,0,0,0,0,0,0,0,0,0,0,0,0,0,0,0,0,0,0,0,0,0,0,0,0,0,0,0,0,0,0,0,0,0,0,0,0,0,0,0,0,0,0,0,0,0,0,0,0,0,0,0,0,0,0,0,0,0,0,0,0,0,0,0,0,0,0,0,0,0,0,0,0,0,0,0,0,0,0,0,0,0,0,0,0,0,0,0,0,0,0,0,0,0,0,0,0,0,0,0,0,0,0,0,0,0,0,0,0,0,0,0,0,0,0,0,0,0,0,0
CC(C)CC(Nc1ccc([N+](=O)[O-])cc1[N+](=O)[O-])C(=O)O,CO,15463.24713,16048.14537,16614.76553,17016.88307,17291.05412,17437.27868,17528.66903,17473.83482,17272.77605,16962.04886,16486.81904,15956.75502,15353.57871,14640.73398,13964.4454,13215.04453,12483.92174,11844.18929,11241.01298,10601.28054,10107.77265,9577.708624,9157.313016,8718.639339,8371.356011,8078.906892,7786.457774,7530.564796,7329.506027,7165.003398,7000.500769,6854.27621,6744.60779,6598.383231,6433.880602,6287.656043,6159.709554,5958.650785,5757.592016,5593.089387,5410.308688,5209.249919,4953.356941,4734.020102,4496.405194,4331.902564,4094.287656,3856.672747,3600.779769,3344.88679,3107.271882,2869.656973,2595.485925,2376.149086,2120.256108,1955.753478,1736.41664,1553.635941,1370.855242,1224.630683,1060.128054,950.4596344,804.2350753,712.8447258,603.1763064,511.785957,456.9517473,420.3956075,310.7271882,274.1710484,201.0587688,182.7806989,146.2245591,146.2245591,146.2245591,164.502629,146.2245591,146.2245591,127.9464892,127.9464892,109.6684194,91.39034946,54.83420968,91.39034946,109.6684194,0,0,0,0,0,0,0,0,0,0,0,0,0,0,0,0,0,0,0,0,0,0,0,0,0,0,0,0,0,0,0,0,0,0,0,0,0,0,0,0,0,0,0,0,0,0,0,0,0,0,0,0,0,0,0,0,0,0,0,0,0,0,0,0,0,0,0,0,0,0,0,0,0,0,0,0,0,0,0,0,0,0,0,0,0,0,0,0,0,0,0,0,0,0,0,0,0,0,0,0,0,0,0,0,0,0,0,0,0,0,0,0,0,0,0,0,0,0,0,0,0,0,0,0,0,0,0,0,0,0,0,0,0,0,0,0,0,0,0,0,0,0,0,0,0,0,0,0,0,0,0,0,0,0,0,0,0,0,0,0,0,0,0,0,0,0,0,0,0,0,0,0,0,0,0,0,0,0,0,0,0,0,0,0,0,0,0,0,0,0,0,0,0,0,0,0,0,0,0,0,0,0,0,0,0,0,0,0,0,0,0,0,0,0,0,0,0,0,0,0,0,0,0,0,0,0,0,0,0,0,0,0,0,0,0,0,0,0,0,0,0,0,0,0,0,0,0,0,0,0,0
Cc1c(C2=CC(c3ccco3)=[O+][B-](F)(F)O2)sc2sc(C3=[O+][B-](F)(F)OC(c4ccco4)=C3)c(C)c12,CN(C)C=O,,,,,,,,,,,,,,,,10348.69062,10324.0171,10413.70541,10611.56909,10900.65549,11272.46402,11729.54045,12262.40389,12867.3336,13552.99357,14332.24374,15220.17484,16230.69724,17361.05663,18629.0784,20045.6002,21592.08856,23281.84982,25123.01632,27095.10568,29213.0895,31478.31675,33883.05361,36417.36435,39083.94199,41868.00684,44719.05071,47620.82124,50535.22093,53397.85237,56211.48779,58985.85568,61751.60185,64546.61638,67410.04849,70408.13805,73524.91271,76757.49229,79972.85393,82974.45961,85634.3068,87674.66674,88884.13627,89125.09381,88309.68553,86493.16837,83765.3904,80333.37818,76382.62745,72225.80883,68039.27026,63826.58787,59680.29948,55592.72156,51492.69064,47322.34765,43016.45478,38587.95421,34090.56417,29682.34196,25400.44067,21329.88404,17621.70644,14334.24983,11503.30882,9130.167844,7186.516369,5626.474707,4389.164815,3438.3228,2702.128935,2116.825879,1674.148757,1339.857477,1076.521572,869.0688649,715.1072789,584.4659055,469.4499898,0,0,0,0,0,0,0,0,0,0,0,0,0,0,0,0,0,0,0,0,0,0,0,0,0,0,0,0,0,0,0,0,0,0,0,0,0,0,0,0,0,0,0,0,0,0,0,0,0,0,0,0,0,0,0,0,0,0,0,0,0,0,0,0,0,0,0,0,0,0,0,0,0,0,0,0,0,0,0,0,0,0,0,0,0,0,0,0,0,0,0,0,0,0,0,0,0,0,0,0,0,0,0,0,0,0,0,0,0,0,0,0,0,0,0,0,0,0,0,0,0,0,0,0,0,0,0,0,0,0,0,0,0,0,0,0,0,0,0,0,0,0,0,0,0,0,0,0,0,0,0,0,0,0,0,0,0,0,0,0,0,0,0,0,0,0,0,0,0,0,0,0,0,0,0,0,0,0,0,0,0,0,0,0,0,0,0,0,0,0,0,0,0,0,0,0,0,0,0,0,0,0,0,0,0,0,0,0,0,0,0,0,0,0,0,0,0,0,0,0,0,0,0,0,0,0,0,0,0,0,0,0,,,,,,,,,,
F[B-]1(F)n2c(ccc2C2CC=CC2)C(c2c(Cl)cccc2Cl)=C2C=CC=[N+]21,ClCCl,,,,,,,,,,,,,,,,,,,,,,,,,,,,,,,,,,,,,,,,,,,450.0714518,500.9783534,559.5376206,629.2168026,705.1401445,774.9788962,849.8988961,947.8934355,1051.843489,1179.914531,1326.750995,1480.310083,1664.599874,1898.208706,2177.798964,2482.800485,2831.126591,3192.494673,3563.034402,3938.995703,4307.725546,4684.358559,5091.113264,5542.595983,6060.849013,6679.260019,7449.399042,8370.134276,9484.237139,10775.99522,12184.03614,13658.26947,15105.3615,16424.57782,17538.86732,18402.54321,19013.12,19427.51703,19731.45691,20083.96992,20673.95804,21677.42215,23290.89665,25683.10097,28938.75512,33036.8422,37705.5399,42524.58179,46798.16603,49827.15735,51000.59859,49900,46607.11222,41451.75457,35080.55558,28311.66894,21817.42149,16145.20175,11519.45659,7965.841207,5359.505599,3503.602216,2252.326959,1379.053978,791.2955421,203.5371057,0,0,0,0,0,0,0,0,0,0,0,0,0,0,0,0,0,0,0,0,0,0,0,0,0,0,0,0,0,0,0,0,0,0,0,0,0,0,0,0,0,0,0,0,0,0,0,0,0,0,0,0,0,0,0,0,0,0,0,0,0,0,0,0,0,0,0,0,0,0,0,0,0,0,0,0,0,0,0,0,0,0,0,0,0,0,0,0,0,0,0,0,0,0,0,0,0,0,0,0,0,0,0,0,0,0,0,0,0,0,0,0,0,0,0,0,0,0,0,0,0,0,0,0,0,0,0,0,0,0,0,0,0,0,0,0,0,0,0,0,0,0,0,0,0,0,0,0,0,0,0,0,0,0,0,0,0,0,0,0,0,0,0,0,0,0,0,0,0,0,0,0,0,0,0,0,0,0,0,0,0,0,0,0,0,0,0,0,0,0,0,0,0,0,0,0,0,0,0,0,0,0,0,0,0,0,0,0,0,0,0,0,0,0,0,0,0,0,0,0,0,0,0,0,0,0,0,0
Cn1cccc1N=Nc1ccc(-c2ccc(S(C)(=O)=O)cc2)cc1,C1COCCO1,3979.499555,4093.351083,4227.318527,4394.195825,4616.216911,4895.916781,5244.099335,5663.402902,6161.133438,6722.996565,7352.82712,8054.1931,8830.593304,9678.601942,10593.54151,11566.07464,12575.83818,13594.21421,14612.8315,15593.37136,16538.26438,17457.97654,18394.8493,19366.83584,20372.48526,21383.95451,22348.97176,23247.81055,24059.28489,24744.21771,25307.66914,25760.46453,26133.15376,26436.58419,26663.29405,26792.38713,26835.6647,26758,26530.87043,26145.94575,25624.7036,24981.14835,24227.19091,23414.40911,22583.81438,21775.59665,21019.1637,20291.26291,19599.86469,18945.66205,18332.95369,17758.54915,17195.17245,16643.89529,16095.74053,15523.70399,14905.1992,14228.97092,13502.54686,12734.67742,11945.04818,11136.73147,10311.64082,9491.705762,8701.059227,7936.980314,7190.140604,6469.062159,5788.355107,5158.69545,4585.048836,4051.357725,3559.021014,3122.414877,2745.293915,2414.147011,2114.261873,1849.21194,1610.774569,1398.677864,1208.96033,1032.694511,869.1687501,722.4663794,591.4855881,472.7285884,365.8909848,271.5779139,187.1797385,115.7782003,54.90781275,0,0,0,0,0,0,0,0,0,0,0,0,0,0,0,0,0,0,0,0,0,0,0,0,0,0,0,0,0,0,0,0,0,0,0,0,0,0,0,0,0,0,0,0,0,0,0,0,0,0,0,0,0,0,0,0,0,0,0,0,0,0,0,0,0,0,0,0,0,0,0,0,0,0,0,0,0,0,0,0,0,0,0,0,0,0,0,0,0,0,0,0,0,0,0,0,0,0,0,0,0,0,0,0,0,0,0,0,0,0,0,0,0,0,0,0,0,0,0,0,0,0,0,0,0,0,0,0,0,0,0,0,0,0,0,0,0,0,0,0,0,0,0,0,0,0,0,0,0,0,0,0,0,0,0,0,0,0,0,0,0,0,0,0,0,0,0,0,0,0,0,0,0,0,0,0,0,0,0,0,0,0,0,0,0,0,0,0,0,0,0,0,0,0,0,0,0,0,0,0,0,0,0,0,0,0,0,0,0,0,0,0,0,0,0,0,0,0,0,0,0,0,0,0,0,0,0,0,0,0,0,0,0,0,0,0,0,0,0,0,0,0,0,0,0
CCOc1c(C=C2N(CC)c3ccc4ccccc4c3C2(C)C)c(=O)c1=O,Cc1ccccc1,,,,,,,,,,,,,,,,,,,,,,,,,,,,,,,,5633.997506,6146.37094,6708.832509,7370.878836,8109.546809,8966.242531,9980.786335,11102.70777,12269.63019,13392.62365,14395.23806,15215.14783,15837.64721,16324.81266,16699.08577,17104.66947,17655.21506,18406.13914,19363.85259,20480.76097,21647.20494,22676.31745,23313.754,23526.69152,22908.67653,21473.54895,19289.03387,16574.98497,13572.02114,10568.92766,7835.41039,5533.247035,3732.002944,2525.244099,1576.806643,949.6836623,537.8026302,285.5212827,128.8203772,38.01295087,2.390766332,0,15.32494133,35.82681472,38.63641606,38.63641606,38.63641606,38.63641606,38.63641606,38.63641606,38.63641606,38.63641606,38.63641606,38.63641606,38.63641606,38.63641606,38.63641606,38.63641606,38.63641606,38.63641606,38.63641606,38.63641606,38.63641606,38.63641606,38.63641606,38.63641606,38.63641606,38.63641606,38.63641606,38.63641606,38.63641606,38.63641606,38.63641606,38.63641606,38.63641606,38.63641606,38.63641606,38.63641606,38.63641606,38.63641606,38.63641606,38.63641606,38.63641606,38.63641606,38.63641606,38.63641606,38.63641606,38.63641606,38.63641606,38.63641606,38.63641606,38.63641606,38.63641606,38.63641606,38.63641606,38.63641606,38.63641606,38.63641606,38.63641606,38.63641606,38.63641606,38.63641606,38.63641606,38.63641606,38.63641606,38.63641606,38.63641606,38.63641606,38.63641606,38.63641606,38.63641606,38.63641606,38.63641606,38.63641606,38.63641606,38.63641606,38.63641606,38.63641606,38.63641606,38.63641606,38.63641606,38.63641606,38.63641606,38.63641606,38.63641606,38.63641606,38.63641606,38.63641606,38.63641606,38.63641606,38.63641606,38.63641606,38.63641606,38.63641606,38.63641606,38.63641606,38.63641606,38.63641606,38.63641606,38.63641606,38.63641606,38.63641606,38.63641606,38.63641606,38.63641606,38.63641606,38.63641606,38.63641606,38.63641606,38.63641606,38.63641606,38.63641606,38.63641606,38.63641606,38.63641606,38.63641606,38.63641606,38.63641606,38.63641606,38.63641606,38.63641606,38.63641606,38.63641606,38.63641606,38.63641606,38.63641606,38.63641606,38.63641606,38.63641606,38.63641606,38.63641606,38.63641606,38.63641606,38.63641606,38.63641606,38.63641606,38.63641606,38.63641606,38.63641606,38.63641606,38.63641606,38.63641606,38.63641606,38.63641606,38.63641606,38.63641606,38.63641606,38.63641606,38.63641606,38.63641606,38.63641606,38.63641606,38.63641606,38.63641606,38.63641606,38.63641606,38.63641606,38.63641606,38.63641606,38.63641606,38.63641606,38.63641606,38.63641606,38.63641606,38.63641606,38.63641606,38.63641606,38.63641606,38.63641606,38.63641606,38.63641606,38.63641606,38.63641606,38.63641606,38.63641606,38.63641606,38.63641606,38.63641606,38.63641606,38.63641606,38.63641606,38.63641606,38.63641606,38.63641606,38.63641606,38.63641606,38.63641606,38.63641606,38.63641606,38.63641606,38.63641606,38.63641606,38.63641606,38.63641606,38.63641606,38.63641606,38.63641606,38.63641606,38.63641606,38.63641606,38.63641606,38.63641606,38.63641606,38.63641606,38.63641606,38.63641606,38.63641606,38.63641606,38.63641606,38.63641606,38.63641606,38.63641606,38.63641606,38.63641606,38.63641606,38.63641606,38.63641606,38.63641606,38.63641606,38.63641606,38.63641606,38.63641606,38.63641606,38.63641606,38.63641606,38.63641606,38.63641606,38.63641606,38.63641606,38.63641606,38.63641606,38.63641606,38.63641606,38.63641606,38.63641606,38.63641606,38.63641606,38.63641606,38.63641606,38.63641606,38.63641606,38.63641606,38.63641606,38.63641606,38.63641606,38.63641606,38.63641606,38.63641606,38.63641606,38.63641606,38.63641606,38.63641606,38.63641606,38.63641606,38.63641606,38.63641606,38.63641606,38.63641606,38.63641606,38.63641606,38.63641606,38.63641606,38.63641606,38.63641606,38.63641606
N#Cc1c2ccccc2c(-c2ccccc2)c2ccccc12,CC(C)=O,,,,,,,,,,,,,,,,6224.361578,6879.910327,7456.148243,7879.069551,8104.846713,8133.796564,8021.712224,7897.720069,7953.828445,8297.898036,8878.343686,9586.714399,10271.94312,10758.44297,10915.26317,10700,10173.20944,9468.670773,8777.116551,8294.956751,8119.995212,8237.865601,8532.76812,8820.813257,8910.583533,8671.65655,8059.560606,7109.13309,5932.01199,4681.946087,3509.490553,2508.94793,1721.39896,1143.708462,734.6254503,456.3347351,275.5400376,160.8470376,88.61722473,42.83769034,0,0,0,0,0,0,0,0,0,0,0,0,0,0,0,0,0,0,0,0,0,0,0,0,0,0,0,0,0,0,0,0,0,0,0,0,0,0,0,0,0,0,0,0,0,0,0,0,0,0,0,0,0,0,0,0,0,0,0,0,0,0,0,0,0,0,0,0,0,0,0,0,0,0,0,0,0,0,0,0,0,0,0,0,0,0,0,0,0,0,0,0,0,0,0,0,0,0,0,0,0,0,0,0,0,0,0,0,0,0,0,0,0,0,0,0,0,0,0,0,0,0,0,0,0,0,0,0,0,0,0,0,0,0,0,0,0,0,0,0,0,0,0,0,0,0,0,0,0,0,0,0,0,0,0,0,0,0,0,0,0,0,0,0,0,0,0,0,0,0,0,0,0,0,0,0,0,0,0,0,0,0,0,0,0,0,0,0,0,0,0,0,0,0,0,0,0,0,0,0,0,0,0,0,0,0,0,0,0,0,0,0,0,0,0,0,0,0,0,0,0,0,0,0,0,0,0,0,0,0,0,0,0,0,0,0,0,0,0,0,0,0,0,0,0,0,0,0,0,0,0,0,0,0,0,0,0,0,0,0,0,0,0,0,0,0,0,0,0,0,0,0,0,0,0,0,0,0,0,0,0
CCOc1c(C=C2N(C)c3ccc4ccccc4c3C2(C)C)c(=O)c1=O,Cc1ccccc1,,,,,,,,,,,,,,,,,,,,,,,,,,,,,,,4860.951137,5287.147829,5818.235662,6437.217206,7126.855498,7917.446956,8809.611096,9781.711946,10795.41653,11799.82163,12691.75613,13465.61692,14117.99875,14640.66801,15076.52614,15497.99935,15970.48932,16572.6576,17339.80995,18245.74629,19188.85113,20052.80179,20684.66431,20828.47476,20417.37945,19351.26581,17647.50551,15439.4351,12931.1065,10339.26128,7898.053459,5771.897712,4040.216375,2651.753005,1653.502562,965.4819629,513.8870878,236.2872377,90.56925007,16.76635347,0,12.96553399,35.44673129,51.02930404,51.02930404,51.02930404,51.02930404,51.02930404,51.02930404,51.02930404,51.02930404,51.02930404,51.02930404,51.02930404,51.02930404,51.02930404,51.02930404,51.02930404,51.02930404,51.02930404,51.02930404,51.02930404,51.02930404,51.02930404,51.02930404,51.02930404,51.02930404,51.02930404,51.02930404,51.02930404,51.02930404,51.02930404,51.02930404,51.02930404,51.02930404,51.02930404,51.02930404,51.02930404,51.02930404,51.02930404,51.02930404,51.02930404,51.02930404,51.02930404,51.02930404,51.02930404,51.02930404,51.02930404,51.02930404,51.02930404,51.02930404,51.02930404,51.02930404,51.02930404,51.02930404,51.02930404,51.02930404,51.02930404,51.02930404,51.02930404,51.02930404,51.02930404,51.02930404,51.02930404,51.02930404,51.02930404,51.02930404,51.02930404,51.02930404,51.02930404,51.02930404,51.02930404,51.02930404,51.02930404,51.02930404,51.02930404,51.02930404,51.02930404,51.02930404,51.02930404,51.02930404,51.02930404,51.02930404,51.02930404,51.02930404,51.02930404,51.02930404,51.02930404,51.02930404,51.02930404,51.02930404,51.02930404,51.02930404,51.02930404,51.02930404,51.02930404,51.02930404,51.02930404,51.02930404,51.02930404,51.02930404,51.02930404,51.02930404,51.02930404,51.02930404,51.02930404,51.02930404,51.02930404,51.02930404,51.02930404,51.02930404,51.02930404,51.02930404,51.02930404,51.02930404,51.02930404,51.02930404,51.02930404,51.02930404,51.02930404,51.02930404,51.02930404,51.02930404,51.02930404,51.02930404,51.02930404,51.02930404,51.02930404,51.02930404,51.02930404,51.02930404,51.02930404,51.02930404,51.02930404,51.02930404,51.02930404,51.02930404,51.02930404,51.02930404,51.02930404,51.02930404,51.02930404,51.02930404,51.02930404,51.02930404,51.02930404,51.02930404,51.02930404,51.02930404,51.02930404,51.02930404,51.02930404,51.02930404,51.02930404,51.02930404,51.02930404,51.02930404,51.02930404,51.02930404,51.02930404,51.02930404,51.02930404,51.02930404,51.02930404,51.02930404,51.02930404,51.02930404,51.02930404,51.02930404,51.02930404,51.02930404,51.02930404,51.02930404,51.02930404,51.02930404,51.02930404,51.02930404,51.02930404,51.02930404,51.02930404,51.02930404,51.02930404,51.02930404,51.02930404,51.02930404,51.02930404,51.02930404,51.02930404,51.02930404,51.02930404,51.02930404,51.02930404,51.02930404,51.02930404,51.02930404,51.02930404,51.02930404,51.02930404,51.02930404,51.02930404,51.02930404,51.02930404,51.02930404,51.02930404,51.02930404,51.02930404,51.02930404,51.02930404,51.02930404,51.02930404,51.02930404,51.02930404,51.02930404,51.02930404,51.02930404,51.02930404,51.02930404,51.02930404,51.02930404,51.02930404,51.02930404,51.02930404,51.02930404,51.02930404,51.02930404,51.02930404,51.02930404,51.02930404,51.02930404,51.02930404,51.02930404,51.02930404,51.02930404,51.02930404,51.02930404,51.02930404,51.02930404,51.02930404,51.02930404,51.02930404,51.02930404,51.02930404,51.02930404,51.02930404,51.02930404,51.02930404,51.02930404,51.02930404,51.02930404,51.02930404,51.02930404,51.02930404,51.02930404,51.02930404,51.02930404,51.02930404,51.02930404,51.02930404,51.02930404,51.02930404,51.02930404,51.02930404,51.02930404,51.02930404,51.02930404,51.02930404
N#Cc1c2ccccc2c(-c2ccccc2)c2ccccc12,CO,,,,,,,,,,,,,,,,4264.988787,4691.432476,5048.01913,5304.239548,5435.589056,5447.537229,5371.924117,5294.507057,5351.7584,5610.499314,6006.440198,6444.135741,6851.563519,7129.162417,7200,7054.186986,6722.148807,6298.386658,5899.527539,5620.078716,5513.32486,5571.919651,5720.212347,5838.4755,5836.245987,5643.380953,5217.300165,4591.434628,3847.717541,3067.588939,2332.147352,1702.208937,1196.83902,816.7585329,550.5689605,367.0551731,236.8002423,149.8299166,99.45104642,67.47910856,35.50717071,3.535232854,0,0,0,0,0,0,0,0,0,0,0,0,0,0,0,0,0,0,0,0,0,0,0,0,0,0,0,0,0,0,0,0,0,0,0,0,0,0,0,0,0,0,0,0,0,0,0,0,0,0,0,0,0,0,0,0,0,0,0,0,0,0,0,0,0,0,0,0,0,0,0,0,0,0,0,0,0,0,0,0,0,0,0,0,0,0,0,0,0,0,0,0,0,0,0,0,0,0,0,0,0,0,0,0,0,0,0,0,0,0,0,0,0,0,0,0,0,0,0,0,0,0,0,0,0,0,0,0,0,0,0,0,0,0,0,0,0,0,0,0,0,0,0,0,0,0,0,0,0,0,0,0,0,0,0,0,0,0,0,0,0,0,0,0,0,0,0,0,0,0,0,0,0,0,0,0,0,0,0,0,0,0,0,0,0,0,0,0,0,0,0,0,0,0,0,0,0,0,0,0,0,0,0,0,0,0,0,0,0,0,0,0,0,0,0,0,0,0,0,0,0,0,0,0,0,0,0,0,0,0,0,0,0,0,0,0,0,0,0,0,0,0,0,0,0,0,0,0,0,0,0,0,0,0,0,0,0,0,0,0,0,0,0,0,0,0,0,0,0,0,0,0,0,0,0,0,0,0,0
N#Cc1cc(C2=[O+][B-](F)(F)N(c3ccc(C(F)(F)F)cc3)C=C2)sc1N1CCOCC1,C1COCCO1,,,,,,,,,,,,,,,,,,,,,,2225.462875,2571.641542,2949.648392,3357.707018,3796.758499,4271.189788,4785.615999,5353.472664,5960.165476,6622.013046,7376.402486,8220.449411,9120.91467,10090.52302,11167.85044,12317.31395,13555.93888,14859.78389,16233.01287,17716.2836,19261.32556,20853.17376,22460.83298,24081.10953,25804.26391,27550.07369,29328.41541,31085.5328,32829.99549,34577.39433,36251.87492,37829.12406,39296.90318,40652.95967,41957.59159,43136.45426,44200.92227,45113.40936,45887.5678,46536.99134,47050.5921,47405.07776,47636.64073,47774.35341,47777,47636.62646,47362.90375,46891.47652,46241.52052,45328.68953,44234.83877,42909.55839,41310.86757,39454.4165,37297.90888,34918.10066,32396.03258,29606.03425,26650.28768,23595.30914,20632.80585,17738.96078,14944.31069,12350.90866,10016.92446,8021.214245,6363.189539,4870.182772,3633.674111,2667.551486,1944.808102,1393.392217,974.2564136,673.1984718,456.5038844,308.2005677,203.0062694,104.2853364,45.11608628,15.63091055,0,0,0,0,0,0,0,0,0,0,0,0,0,0,0,0,0,0,0,0,0,0,0,0,0,0,0,0,0,0,0,0,0,0,0,0,0,0,0,0,0,0,0,0,0,0,0,0,0,0,0,0,0,0,0,0,0,0,0,0,0,0,0,0,0,0,0,0,0,0,0,0,0,0,0,0,0,0,0,0,0,0,0,0,0,0,0,0,0,0,0,0,0,0,0,0,0,0,0,0,0,0,0,0,0,0,0,0,0,0,0,0,0,0,0,0,0,0,0,0,0,0,0,0,0,0,0,0,0,0,0,0,0,0,0,0,0,0,0,0,0,0,0,0,0,0,0,0,0,0,0,0,0,0,0,0,0,0,0,0,0,0,0,0,0,0,0,0,0,0,0,0,0,0,0,0,0,0,0,0,0,0,0,0,0,0,0,0,0,0,0,0,0,0,0,0,0,0,0,0,0,0,0,0,0,0,0,0,0,0,0,0,0,0,0,0,0,0,0,0,0,0,0,0,0,0,0,0,0,0,0,0,0,0,0
CCOc1c(C=C2N(C)c3ccc4ccccc4c3C2(C)C)c(=O)c1=O,CN(C)C=O,,,,,,,,,,,,,,,,,,,,,,,,,,,,,,,,,4488.013364,4992.489675,5586.009018,6281.272043,7076.812976,7962.915639,8923.186634,9937.65833,10971.86136,11986.7313,12945.19756,13860.36251,14745.39786,15599.01416,16424.32227,17246.64044,18045.66009,18807.76544,19538.93973,20218.96041,20796.26087,21229.32265,21440.17789,21379.6209,20999.93339,20292.07295,19207.86164,17756.65799,16091.40748,14256.01456,12276.30111,10265.35735,8281.461812,6444.324223,4829.958327,3445.310129,2288.194108,1389.587261,801.7397117,424.7967254,180.908484,55.42407391,0,12.02584697,57.96639373,77.71493019,77.71493019,77.71493019,77.71493019,77.71493019,77.71493019,77.71493019,77.71493019,77.71493019,77.71493019,77.71493019,77.71493019,77.71493019,77.71493019,77.71493019,77.71493019,77.71493019,77.71493019,77.71493019,77.71493019,77.71493019,77.71493019,77.71493019,77.71493019,77.71493019,77.71493019,77.71493019,77.71493019,77.71493019,77.71493019,77.71493019,77.71493019,77.71493019,77.71493019,77.71493019,77.71493019,77.71493019,77.71493019,77.71493019,77.71493019,77.71493019,77.71493019,77.71493019,77.71493019,77.71493019,77.71493019,77.71493019,77.71493019,77.71493019,77.71493019,77.71493019,77.71493019,77.71493019,77.71493019,77.71493019,77.71493019,77.71493019,77.71493019,77.71493019,77.71493019,77.71493019,77.71493019,77.71493019,77.71493019,77.71493019,77.71493019,77.71493019,77.71493019,77.71493019,77.71493019,77.71493019,77.71493019,77.71493019,77.71493019,77.71493019,77.71493019,77.71493019,77.71493019,77.71493019,77.71493019,77.71493019,77.71493019,77.71493019,77.71493019,77.71493019,77.71493019,77.71493019,77.71493019,77.71493019,77.71493019,77.71493019,77.71493019,77.71493019,77.71493019,77.71493019,77.71493019,77.71493019,77.71493019,77.71493019,77.71493019,77.71493019,77.71493019,77.71493019,77.71493019,77.71493019,77.71493019,77.71493019,77.71493019,77.71493019,77.71493019,77.71493019,77.71493019,77.71493019,77.71493019,77.71493019,77.71493019,77.71493019,77.71493019,77.71493019,77.71493019,77.71493019,77.71493019,77.71493019,77.71493019,77.71493019,77.71493019,77.71493019,77.71493019,77.71493019,77.71493019,77.71493019,77.71493019,77.71493019,77.71493019,77.71493019,77.71493019,77.71493019,77.71493019,77.71493019,77.71493019,77.71493019,77.71493019,77.71493019,77.71493019,77.71493019,77.71493019,77.71493019,77.71493019,77.71493019,77.71493019,77.71493019,77.71493019,77.71493019,77.71493019,77.71493019,77.71493019,77.71493019,77.71493019,77.71493019,77.71493019,77.71493019,77.71493019,77.71493019,77.71493019,77.71493019,77.71493019,77.71493019,77.71493019,77.71493019,77.71493019,77.71493019,77.71493019,77.71493019,77.71493019,77.71493019,77.71493019,77.71493019,77.71493019,77.71493019,77.71493019,77.71493019,77.71493019,77.71493019,77.71493019,77.71493019,77.71493019,77.71493019,77.71493019,77.71493019,77.71493019,77.71493019,77.71493019,77.71493019,77.71493019,77.71493019,77.71493019,77.71493019,77.71493019,77.71493019,77.71493019,77.71493019,77.71493019,77.71493019,77.71493019,77.71493019,77.71493019,77.71493019,77.71493019,77.71493019,77.71493019,77.71493019,77.71493019,77.71493019,77.71493019,77.71493019,77.71493019,77.71493019,77.71493019,77.71493019,77.71493019,77.71493019,77.71493019,77.71493019,77.71493019,77.71493019,77.71493019,77.71493019,77.71493019,77.71493019,77.71493019,77.71493019,77.71493019,77.71493019,77.71493019,77.71493019,77.71493019,77.71493019,77.71493019,77.71493019,77.71493019,77.71493019,77.71493019,77.71493019,77.71493019,77.71493019,77.71493019,77.71493019,77.71493019,77.71493019,77.71493019,77.71493019,77.71493019,77.71493019,77.71493019,77.71493019,77.71493019,77.71493019,77.71493019,77.71493019
CN(C)c1ccc(-c2ccc(-c3cncc(-c4ccc(-c5ccc(N(C)C)cc5)cc4)n3)cc2)cc1,ClCCl,28101.78155,28936.22893,29769.32,30594.07073,31405.76201,32193.98148,32971.06652,33753.19963,34527.94452,35282.51461,36022.1001,36736.20108,37439.04936,38089.44931,38692.48889,39257.29653,39766.20622,40202.61938,40546.74722,40729.40315,40738.02778,40564.36348,40202.15874,39615.33335,38847.22525,37886.9382,36711.59756,35300.79088,33682.93616,31861.24263,29852.51606,27737.12883,25566.07397,23343.86789,21141.28158,18969.24351,16844.61567,14780.40416,12821.91027,10996.77235,9301.662814,7795.671273,6467.528623,5290.150034,4291.86584,3455.615435,2751.736919,2162.870717,1684.546196,1306.419269,1003.65037,760.1971836,559.5593627,409.3682464,297.6641361,208.2087192,130.3418991,59.64826176,0,0,0,0,0,0,0,0,0,0,0,0,0,0,0,0,0,0,0,0,0,0,0,0,0,0,0,0,0,0,0,0,0,0,0,0,0,0,0,0,0,0,0,0,0,0,0,0,0,0,0,0,0,0,0,0,0,0,0,0,0,0,0,0,0,0,0,0,0,0,0,0,0,0,0,0,0,0,0,0,0,0,0,0,0,0,0,0,0,0,0,0,0,0,0,0,0,0,0,0,0,0,0,0,0,0,0,0,0,0,0,0,0,0,0,0,0,0,0,0,0,0,0,0,0,0,0,0,0,0,0,0,0,0,0,0,0,0,0,0,0,0,0,0,0,0,0,0,0,0,0,0,0,0,0,0,0,0,0,0,0,0,0,0,0,0,0,0,0,0,0,0,0,0,0,0,0,0,0,0,0,0,0,0,0,0,0,0,0,0,0,0,0,0,0,0,0,0,0,0,0,0,0,0,0,0,0,0,0,0,0,0,0,0,0,0,0,0,0,0,0,0,0,0,0,0,0,0,0,0,0,0,0,0,0,0,0,0,0,0,0,0,0,0,0,0,0,0,0,0,0,0,0,0,0,0,0,0,0,0,0,0,0,0,0,0,0,0,0,0,0,0,0,0,0,0,0,0
CCCCCCCCCCCCN1C(=O)c2c(c3ccc4cc(-c5ccc(C#N)cc5)c(OC)cc4c3c3c2ccc2cc(-c4ccc(C#N)cc4)c(OC)cc23)C1=O,ClCCl,132767.7452,131320.3903,127330.3594,121387.4618,113846.5598,104445.8783,94302.90861,84666.99586,76185.69041,69026.60027,62807.61561,57341.25592,52484.70225,47731.62673,42824.84411,37721.59302,32550.0344,27569.83961,23055.63529,19188.00086,16124.35047,13941.76423,12555.6546,11829.94611,11602.28761,11733.0908,12099.01576,12627.35397,13271.04576,13957.28708,14670.67896,15400.34724,16132.05823,16883.68913,17648.02508,18413.53245,19161.4222,19902.5681,20623.80236,21277.21195,21867.60784,22394.78432,22852.3598,23242.24271,23562.45748,23811.62877,23982.23658,24078.50672,24088.52465,23988.32919,23774.72918,23463.22342,23069.24215,22584.09072,22008.89422,21359.22974,20642.97267,19874.92788,19077.79536,18233.15191,17359.09296,16468.49555,15534.34518,14546.56361,13529.41609,12533.02926,11597.38545,10741.35196,9995.34302,9349.310909,8811.795906,8354.754627,7927.640051,7513.318845,7113.00192,6747.748289,6383.469705,5984.702229,5542.922093,5039.161825,4492.753642,3923.497901,3354.24216,2784.986419,2215.730678,1646.474937,1077.219196,507.963455,0,0,0,0,0,0,0,0,0,0,0,0,0,0,0,0,0,0,0,0,0,0,0,0,0,0,0,0,0,0,0,0,0,0,0,0,0,0,0,0,0,0,0,0,0,0,0,0,0,0,0,0,0,0,0,0,0,0,0,0,0,0,0,0,0,0,0,0,0,0,0,0,0,0,0,0,0,0,0,0,0,0,0,0,0,0,0,0,0,0,0,0,0,0,0,0,0,0,0,0,0,0,0,0,0,0,0,0,0,0,0,0,0,0,0,0,0,0,0,0,0,0,0,0,0,0,0,0,0,0,0,0,0,0,0,0,0,0,0,0,0,0,0,0,0,0,0,0,0,0,0,0,0,0,0,0,0,0,0,0,0,0,0,0,0,0,0,0,0,0,0,0,0,0,0,0,0,0,0,0,0,0,0,0,0,0,0,0,0,0,0,0,0,0,0,0,0,0,0,0,0,0,0,0,0,0,0,0,0,0,0,0,0,0,0,0,0,0,0,0,0,0,0,0,0,0,0,0,0,0,0,0,0,0,0,0,0,0,0,0,0,0,0,0,0,0,0,0
Cc1ccc(-n2c3ccccc3c3cc(C=C(C#N)C#N)ccc32)cc1,C1CCOC1,,,,,,,,,,,,,,,,,5540.016385,6203.598901,6947.651309,7767.335827,8644.845172,9549.677952,10436.07717,11350.42145,12312.99372,13301.1199,14304.46271,15318.08972,16329.97519,17323.90334,18278.62653,19175.65922,19993.49554,20778.55391,21515.48779,22157.52835,22648.48647,22932.67346,22967.90435,22666,21990.19839,20957.94304,19611.62029,17994.94739,16190.50147,14289.19592,12366.94391,10484.11006,8686.728957,6996.178806,5452.210948,4082.387359,2889.570462,1890.36197,891.1534789,0,0,0,0,0,0,0,0,0,0,0,0,0,0,0,0,0,0,0,0,0,0,0,0,0,0,0,0,0,0,0,0,0,0,0,0,0,0,0,0,0,0,0,0,0,0,0,0,0,0,0,0,0,0,0,0,0,0,0,0,0,0,0,0,0,0,0,0,0,0,0,0,0,0,0,0,0,0,0,0,0,0,0,0,0,0,0,0,0,0,0,0,0,0,0,0,0,0,0,0,0,0,0,0,0,0,0,0,0,0,0,0,0,0,0,0,0,0,0,0,0,0,0,0,0,0,0,0,0,0,0,0,0,0,0,0,0,0,0,0,0,0,0,0,0,0,0,0,0,0,0,0,0,0,0,0,0,0,0,0,0,0,0,0,0,0,0,0,0,0,0,0,0,0,0,0,0,0,0,0,0,0,0,0,0,0,0,0,0,0,0,0,0,0,0,0,0,0,0,0,0,0,0,0,0,0,0,0,0,0,0,0,0,0,0,0,0,0,0,0,0,0,0,0,0,0,0,0,0,0,0,0,0,0,0,0,0,0,0,0,0,0,0,0,0,0,0,0,0,0,0,0,0,0,0,0,0,0,0,0,0,0,0,0,0,0,0,0,0,0,0,0,0,0,0,0,0,0,0,0,0
CCc1ccccc1Oc1cc2c3c(ccc4c5c(Oc6ccccc6CC)cc6c7c(ccc(c1c34)c75)C(=O)N(c1c(C(C)C)cccc1C(C)C)C6=O)C(=O)N(c1c(C(C)C)cccc1C(C)C)C2=O,ClC(Cl)Cl,,,,,,,,,,,,,,,,,,,,,,,,,,,,,,,,,,,,,,,,,10440.00821,10050.85346,9664.958645,9295.124341,8932.887583,8583.982159,8259.362186,7971.264582,7734.4005,7555.407497,7433.12686,7369.049331,7362.753576,7401.38882,7460.875107,7532.357282,7617.104988,7718.999346,7843.267078,7996.032471,8183.012956,8414.554996,8705.799536,9070.742532,9518.216766,10061.65077,10738.2667,11548.90647,12453.32677,13409.43859,14363.6216,15282.23508,16151.25525,16967.97193,17730.70711,18474.71559,19265.27272,20142.80586,21142.8227,22302.16296,23658.58651,25232.39727,27017.77083,28997.08432,31130.99913,33377.00868,35560.04545,37584.16829,39372.60814,40789.60204,41778.03906,42322.46972,42436.77679,42256.56378,41886.86954,41460.18675,41070.8423,40910.0569,41121.92372,41741.71129,42816.69077,44349.38773,46369.67833,48851.91516,51598.72315,54401.07821,57005.13017,59199.57342,60828.30442,61731.21611,61520,60031.7234,57468.81833,54025.68986,49886.19146,45253.12536,40264.07332,35177.7065,30282.52204,25706.66352,21240.7314,17054.86052,13357.79051,10287.66753,7855.566229,5993.081798,4577.130791,3540.5145,2807.066629,2262.459053,1784.488219,1414.370958,1110.04683,894.5282619,725.3678869,586.6802343,490.9240768,420.2606915,348.5461337,280.841486,223.8978668,178.3915536,142.7099715,113.0434426,84.816142,63.01883608,47.05928849,34.7524291,25.03279651,16.04565688,6.943454188,0,0,0,0,0,0,0,0,0,0,0,0,0,0,0,0,0,0,0,0,0,0,0,0,0,0,0,0,0,0,0,0,0,0,0,0,0,0,0,0,0,0,0,0,0,0,0,0,0,0,0,0,0,0,0,0,0,0,0,0,0,0,0,0,0,0,0,0,0,0,0,0,0,0,0,0,0,0,0,0,0,0,0,0,0,0,0,0,0,0,0,0,0,0,0,0,0,0,0,0,0,0,0,0,0,0,0,0,0,0,0,0,0,0,0,0,0,0,0,0,0,0,0,0,0,0,0,0,0,0,0,0,0,0,0,0,0,0,0,0,0,0,0,0,0,0,0,0,0,0,0,0,0,0,0,0,0,0,0,0,0,0,0,0,0,0,0,0,0,0,0,0,0,0,0,0,0,0,0,0,0,0,0,0,0
COC(=O)C=CC1=CC2=C(c3c(C)cc(C)cc3C)c3cccn3[B-](F)(F)[N+]2=C1,ClCCl,5596.128957,5613.321679,5660.339088,5767.43693,5915.223798,6101.786301,6316.491387,6530.346323,6722.074276,6896.297967,7081.539132,7286.772375,7515.189999,7769.458908,8049.303381,8344.643532,8642.260903,8929.636248,9192.011032,9419.57477,9603.770989,9736.939527,9820.073614,9854.702985,9844.688318,9795.761639,9717.448708,9610.87262,9474.070378,9298.76803,9065.933208,8768.258184,8405.158762,7978.688537,7494.337331,6962.045493,6390.607582,5794.397712,5190.549515,4595.203586,4023.692602,3493.549173,3016.204594,2601.562823,2260.759035,1994.434888,1788.87028,1634.338525,1518.827673,1436.412147,1392.567023,1384.870565,1400.89815,1437.913725,1505.412023,1602.430937,1721.475223,1858.739172,2012.963218,2187.569415,2385.473095,2604.009746,2842.649856,3108.492663,3408.942622,3747.034683,4126.813596,4551.196324,5015.526911,5515.778998,6050.862147,6626.249805,7248.698159,7921.280947,8643.698027,9421.437879,10261.99096,11169.54463,12152.41132,13218.13073,14370.92373,15604.28466,16909.48284,18268.88041,19653.29673,21039.0615,22412.57528,23764.45261,25088.32105,26376.44373,27624.64661,28836.34226,30024.23447,31195.20116,32364.89842,33541.50386,34731.09273,35914.25391,37080.50872,38182.17386,39141.94917,39871.39289,40278.60808,40283.14816,39810.71706,38817.2877,37275.17049,35224.29701,32766.42258,30005.94902,27056.07471,24035.30601,21041.50823,18161.45551,15454.74424,12969.80426,10714.13894,8712.909362,6988.428877,5544.128444,4356.823779,3395.824912,2625.284185,2016.021633,1545.901462,1185.35182,905.452662,687.0407032,529.6276124,417.007098,330.8652588,261.3737007,207.5106538,165.4514482,136.3430253,116.203365,99.93817497,87.18247581,81.34328446,80.69310208,81.75375459,82.44760808,81.31675618,77.98884521,73.26374602,67.02768389,60.07037805,53.21631225,47.34465489,42.67462344,38.96717604,36.15680603,34.05762388,32.38327735,30.73823644,28.76068216,26.78264903,24.79829508,22.81298343,20.8320772,18.84973442,16.86882819,14.88351654,12.90261031,10.92026754,8.83592973,6.710985453,4.728929984,3.023841292,1.683827757,0.742313101,0.197956545,0,0.051715788,0.201691574,0.26375052,0.26375052,0.26375052,0.26375052,0.26375052,0.26375052,0.26375052,0.26375052,0.26375052,0.26375052,0.26375052,0.26375052,0.26375052,0.26375052,0.26375052,0.26375052,0.26375052,0.26375052,0.26375052,0.26375052,0.26375052,0.26375052,0.26375052,0.26375052,0.26375052,0.26375052,0.26375052,0.26375052,0.26375052,0.26375052,0.26375052,0.26375052,0.26375052,0.26375052,0.26375052,0.26375052,0.26375052,0.26375052,0.26375052,0.26375052,0.26375052,0.26375052,0.26375052,0.26375052,0.26375052,0.26375052,0.26375052,0.26375052,0.26375052,0.26375052,0.26375052,0.26375052,0.26375052,0.26375052,0.26375052,0.26375052,0.26375052,0.26375052,0.26375052,0.26375052,0.26375052,0.26375052,0.26375052,0.26375052,0.26375052,0.26375052,0.26375052,0.26375052,0.26375052,0.26375052,0.26375052,0.26375052,0.26375052,0.26375052,0.26375052,0.26375052,0.26375052,0.26375052,0.26375052,0.26375052,0.26375052,0.26375052,0.26375052,0.26375052,0.26375052,0.26375052,0.26375052,0.26375052,0.26375052,0.26375052,0.26375052,0.26375052,0.26375052,0.26375052,0.26375052,0.26375052,0.26375052,0.26375052,0.26375052,0.26375052,0.26375052,0.26375052,0.26375052,0.26375052,0.26375052,0.26375052,0.26375052,0.26375052,0.26375052,0.26375052,0.26375052,0.26375052,0.26375052,0.26375052,0.26375052,0.26375052,0.26375052,0.26375052,0.26375052,0.26375052,0.26375052,0.26375052,0.26375052,0.26375052,0.26375052,0.26375052,0.26375052,0.26375052,0.26375052,0.26375052,0.26375052,0.26375052,0.26375052,0.26375052,0.26375052,0.26375052,0.26375052,0.26375052,0.26375052,0.26375052,0.26375052,0.26375052,0.26375052,0.26375052,0.26375052,0.26375052,0.26375052,0.26375052,0.26375052,0.26375052,0.26375052,0.26375052,0.26375052,0.26375052,0.26375052,0.26375052,0.26375052,0.26375052,0.26375052,0.26375052,0.26375052
CCOC(=O)c1ccc(CC2=[N+]3C(=C(c4c(C)cc(C)cc4C)c4cccn4[B-]3(F)F)C=C2)cc1,ClCCl,,,,,,,,,,,,,,,,,,,,,,,,,,,,,,,,,,,,,,,,,,,,,,,,,,,,,,,,,,,2677.59381,2969.056766,3257.091668,3564.730366,3896.158504,4296.312542,4777.35505,5385.157862,6140.957815,7071.015041,8170.291421,9433.327545,10789.20431,12175.90255,13474.2732,14625.61815,15528.36497,16211.1134,16688.86969,17081.50034,17547.73144,18348.99651,19749.28564,22001.19088,25246.97702,29580.42972,34651.24387,40107.30923,45187.23743,48969.14994,50499.24431,49300,45458.04026,39446.84457,32121.37664,24524.23771,17505.59294,11819.31928,7686.17655,4915.68601,3106.994723,1978.106881,1322.383582,908.1762135,622.4281641,413.0943354,203.7605067,0,0,0,0,0,0,0,0,0,0,0,0,0,0,0,0,0,0,0,0,0,0,0,0,0,0,0,0,0,0,0,0,0,0,0,0,0,0,0,0,0,0,0,0,0,0,0,0,0,0,0,0,0,0,0,0,0,0,0,0,0,0,0,0,0,0,0,0,0,0,0,0,0,0,0,0,0,0,0,0,0,0,0,0,0,0,0,0,0,0,0,0,0,0,0,0,0,0,0,0,0,0,0,0,0,0,0,0,0,0,0,0,0,0,0,0,0,0,0,0,0,0,0,0,0,0,0,0,0,0,0,0,0,0,0,0,0,0,0,0,0,0,0,0,0,0,0,0,0,0,0,0,0,0,0,0,0,0,0,0,0,0,0,0,0,0,0,0,0,0,0,0,0,0,0,0,0,0,0,0,0,0,0,0,0,0,0,0,0,0,0,0,0,0,0,0,0,0,0,0,0,0,0,0,0,0,0,0,0,0,0,0,0,0,0,0,0,0,0,0,0,0,0,0,0,0,0,0,0,0,0
COc1c(C)c(C)c2c(c1C)CCC(C)(C=Cc1c(C)c3n(c1C)[B-](F)(F)[N+]1=C(C)C(CCCCl)=C(C)C1=C3)O2,CC#N,,,,,,,,,,,,,,,,,,5087.118075,5314.912786,5523.547827,5712.510805,5884.940468,6050.103992,6211.372769,6355.412216,6476.1139,6571.763893,6649.737898,6711.70426,6743.635655,6740.685565,6704.00338,6640.702648,6575.12481,6484.409228,6352.652705,6173.072225,5948.012234,5678.154911,5358.208841,4994.02294,4597.923237,4188.702721,3787.524495,3377.381636,2970.774198,2580.824755,2216.923722,1861.204534,1546.141131,1292.566004,1111.250803,1002.113954,954.2206597,956.1951438,1006.741584,1073.924745,1150.207775,1218.721068,1314.506057,1443.585203,1596.207085,1782.405194,2011.221735,2283.68238,2592.788981,2912.30407,3262.908986,3657.794279,4101.131806,4588.29066,5087.399584,5623.259792,6218.360599,6880.923037,7597.321416,8358.662919,9185.929829,10089.34277,11056.7595,12081.45258,13141.96205,14247.22382,15401.50181,16590.19303,17793.60327,19023.59838,20283.23155,21577.7039,22920.37593,24326.96201,25758.49789,27179.64224,28641.6871,30030.61311,31254.28362,32260.28328,33018.52698,33547.66064,33993.4988,34272.49254,34320.67798,34169.11024,33884.41561,33313.1181,32413.40916,31183.15437,29668.19048,27968.31614,26224.491,24350.83832,22402.16596,20415.07821,18355.87425,16256.45812,14140.26499,12079.33639,10165.82094,8468.308564,6991.66121,5740.783299,4731.955747,3904.376858,3188.41298,2601.305518,2067.960101,1599.466276,1206.35865,813.2510239,420.1433981,27.03577218,0,0,0,0,0,0,0,0,0,0,0,0,0,0,0,0,0,0,0,0,0,0,0,0,0,0,0,0,0,0,0,0,0,0,0,0,0,0,0,0,0,0,0,0,0,0,0,0,0,0,0,0,0,0,0,0,0,0,0,0,0,0,0,0,0,0,0,0,0,0,0,0,0,0,0,0,0,0,0,0,0,0,0,0,0,0,0,0,0,0,0,0,0,0,0,0,0,0,0,0,0,0,0,0,0,0,0,0,0,0,0,0,0,0,0,0,0,0,0,0,0,0,0,0,0,0,0,0,0,0,0,0,0,0,0,0,0,0,0,0,0,0,0,0,0,0,0,0,0,0,0,0,0,0,0,0,0,0,0,0,0,0,0,0,0,0,0,0,0,0,0,0,0,0,0,0,0,0,0,0,0,0,0,0,0,0,0,0,0,0,0,0,0,0,0,0,0,0,0,0,0,0,0,0,0
CCOc1c(C=C2N(C)c3ccc4ccccc4c3C2(C)C)c(=O)c1=O,ClC(Cl)Cl,,,,,,,,,,,,,,,,,,,,,,,,,,,,,,,2983.126398,3305.89545,3677.069629,4117.768584,4622.75799,5167.472478,5775.918027,6457.140718,7223.082958,8068.450555,8925.050018,9774.876133,10610.04132,11402.10705,12126.90064,12761.16811,13346.53374,13911.16828,14482.45315,15070.7196,15653.274,16246.50933,16796.98681,17292.31944,17658.35624,17863.81021,17782.7941,17334.62527,16509.67027,15347.52106,13893.83696,12217.60292,10401.5294,8582.495932,6849.116533,5305.851363,3888.769656,2650.450787,1660.9822,937.7859192,452.8063711,168.7555285,35.39158957,0,32.97146016,85.17009747,99.12984393,99.12984393,99.12984393,99.12984393,99.12984393,99.12984393,99.12984393,99.12984393,99.12984393,99.12984393,99.12984393,99.12984393,99.12984393,99.12984393,99.12984393,99.12984393,99.12984393,99.12984393,99.12984393,99.12984393,99.12984393,99.12984393,99.12984393,99.12984393,99.12984393,99.12984393,99.12984393,99.12984393,99.12984393,99.12984393,99.12984393,99.12984393,99.12984393,99.12984393,99.12984393,99.12984393,99.12984393,99.12984393,99.12984393,99.12984393,99.12984393,99.12984393,99.12984393,99.12984393,99.12984393,99.12984393,99.12984393,99.12984393,99.12984393,99.12984393,99.12984393,99.12984393,99.12984393,99.12984393,99.12984393,99.12984393,99.12984393,99.12984393,99.12984393,99.12984393,99.12984393,99.12984393,99.12984393,99.12984393,99.12984393,99.12984393,99.12984393,99.12984393,99.12984393,99.12984393,99.12984393,99.12984393,99.12984393,99.12984393,99.12984393,99.12984393,99.12984393,99.12984393,99.12984393,99.12984393,99.12984393,99.12984393,99.12984393,99.12984393,99.12984393,99.12984393,99.12984393,99.12984393,99.12984393,99.12984393,99.12984393,99.12984393,99.12984393,99.12984393,99.12984393,99.12984393,99.12984393,99.12984393,99.12984393,99.12984393,99.12984393,99.12984393,99.12984393,99.12984393,99.12984393,99.12984393,99.12984393,99.12984393,99.12984393,99.12984393,99.12984393,99.12984393,99.12984393,99.12984393,99.12984393,99.12984393,99.12984393,99.12984393,99.12984393,99.12984393,99.12984393,99.12984393,99.12984393,99.12984393,99.12984393,99.12984393,99.12984393,99.12984393,99.12984393,99.12984393,99.12984393,99.12984393,99.12984393,99.12984393,99.12984393,99.12984393,99.12984393,99.12984393,99.12984393,99.12984393,99.12984393,99.12984393,99.12984393,99.12984393,99.12984393,99.12984393,99.12984393,99.12984393,99.12984393,99.12984393,99.12984393,99.12984393,99.12984393,99.12984393,99.12984393,99.12984393,99.12984393,99.12984393,99.12984393,99.12984393,99.12984393,99.12984393,99.12984393,99.12984393,99.12984393,99.12984393,99.12984393,99.12984393,99.12984393,99.12984393,99.12984393,99.12984393,99.12984393,99.12984393,99.12984393,99.12984393,99.12984393,99.12984393,99.12984393,99.12984393,99.12984393,99.12984393,99.12984393,99.12984393,99.12984393,99.12984393,99.12984393,99.12984393,99.12984393,99.12984393,99.12984393,99.12984393,99.12984393,99.12984393,99.12984393,99.12984393,99.12984393,99.12984393,99.12984393,99.12984393,99.12984393,99.12984393,99.12984393,99.12984393,99.12984393,99.12984393,99.12984393,99.12984393,99.12984393,99.12984393,99.12984393,99.12984393,99.12984393,99.12984393,99.12984393,99.12984393,99.12984393,99.12984393,99.12984393,99.12984393,99.12984393,99.12984393,99.12984393,99.12984393,99.12984393,99.12984393,99.12984393,99.12984393,99.12984393,99.12984393,99.12984393,99.12984393,99.12984393,99.12984393,99.12984393,99.12984393,99.12984393,99.12984393,99.12984393,99.12984393,99.12984393,99.12984393,99.12984393,99.12984393,99.12984393,99.12984393,99.12984393,99.12984393,99.12984393,99.12984393,99.12984393,99.12984393,99.12984393,99.12984393,99.12984393,99.12984393,99.12984393,99.12984393,99.12984393,99.12984393
CCC1=C(C)C2=Cc3cc(Br)c(-c4ccc(C(C)(C)C)cc4)n3[B-](F)(F)[N+]2=C1C,ClCCl,4468.69574,4613.036298,4751.338062,4878.631795,5001.51288,5075.421007,5115.038051,5137.450302,5164.85604,5193.037412,5230.916607,5286.155214,5342.228099,5396.96754,5481.290483,5525.347973,5580.057586,5638.169645,5700.586605,5742.724843,5750.345343,5757.456328,5746.996365,5724.734777,5711.355402,5693.463647,5700.840145,5704.871113,5702.123062,5664.574413,5557.668062,5441.756532,5281.405629,5086.540743,4873.198393,4673.302988,4491.620549,4326.750672,4185.268449,4033.648183,3866.783569,3704.627045,3522.71917,3350.483042,3178.118877,3008.983971,2850.470344,2699.369029,2566.431168,2446.432768,2362.007962,2315.164577,2313.132099,2356.135964,2433.102498,2553.178919,2719.455795,2916.581538,3153.168184,3434.690325,3758.505831,4126.025251,4537.899024,4975.328171,5442.242001,5942.881194,6460.2182,6996.731908,7568.61285,8160.409501,8802.869478,9491.235076,10241.64833,11044.66842,11933.61516,12895.46734,13925.32704,15041.52492,16234.37258,17467.46661,18758.8601,20050.93913,21337.64157,22585.27128,23794.68121,24935.97252,26014.48306,27100.46119,28087.81467,29069.14863,30050.79518,31041.64435,32078.39233,33163.16649,34276.07118,35517.27636,36880.17478,38317.05366,39699.02386,41039.43353,42196.20051,43054.74054,43500,43338.88736,42480.21848,40970.2061,38776.41598,35917.61808,32552.27511,28850.01251,25000.78254,21190.91557,17588.99822,14268.38256,11324.87751,8812.922195,6742.549964,5068.074237,3753.072733,2769.439361,1785.805988,802.1726159,0,0,0,0,0,0,0,0,0,0,0,0,0,0,0,0,0,0,0,0,0,0,0,0,0,0,0,0,0,0,0,0,0,0,0,0,0,0,0,0,0,0,0,0,0,0,0,0,0,0,0,0,0,0,0,0,0,0,0,0,0,0,0,0,0,0,0,0,0,0,0,0,0,0,0,0,0,0,0,0,0,0,0,0,0,0,0,0,0,0,0,0,0,0,0,0,0,0,0,0,0,0,0,0,0,0,0,0,0,0,0,0,0,0,0,0,0,0,0,0,0,0,0,0,0,0,0,0,0,0,0,0,0,0,0,0,0,0,0,0,0,0,0,0,0,0,0,0,0,0,0,0,0,0,0,0,0,0,0,0,0,0,0,0,0,0,0,0,0,0,0,0,0,0,0,0,0,0,0,0,0,0,0,0,0,0,0,0,0,0,0,0,0,0,0,0,0,0,0,0,0,0,0,0,0,0,0,0,0,0,0,0,0,0
COc1ccc(-c2cnc(-c3ccc(OC)cc3)cn2)cc1,ClCCl,30706.89188,32200.26724,33686.15169,35301.09654,36979.5812,38646.4608,40169.70124,41398.21079,42227.56539,42656.16993,42657.95188,42141.84153,41150.36569,39672.40095,37660.95196,35090.01877,32120.65582,28878.57944,25370.34113,21782.19669,18217.13057,14812.13413,11725.15973,8974.835985,6608.301482,4622.60255,3132.380565,2061.70835,1265.750265,748.693783,426.7367087,226.7670351,112.1819145,48.63539242,19.12117161,9.81132116,0,0,0,0,0,0,0,0,0,0,0,0,0,0,0,0,0,0,0,0,0,0,0,0,0,0,0,0,0,0,0,0,0,0,0,0,0,0,0,0,0,0,0,0,0,0,0,0,0,0,0,0,0,0,0,0,0,0,0,0,0,0,0,0,0,0,0,0,0,0,0,0,0,0,0,0,0,0,0,0,0,0,0,0,0,0,0,0,0,0,0,0,0,0,0,0,0,0,0,0,0,0,0,0,0,0,0,0,0,0,0,0,0,0,0,0,0,0,0,0,0,0,0,0,0,0,0,0,0,0,0,0,0,0,0,0,0,0,0,0,0,0,0,0,0,0,0,0,0,0,0,0,0,0,0,0,0,0,0,0,0,0,0,0,0,0,0,0,0,0,0,0,0,0,0,0,0,0,0,0,0,0,0,0,0,0,0,0,0,0,0,0,0,0,0,0,0,0,0,0,0,0,0,0,0,0,0,0,0,0,0,0,0,0,0,0,0,0,0,0,0,0,0,0,0,0,0,0,0,0,0,0,0,0,0,0,0,0,0,0,0,0,0,0,0,0,0,0,0,0,0,0,0,0,0,0,0,0,0,0,0,0,0,0,0,0,0,0,0,0,0,0,0,0,0,0,0,0,0,0,0,0,0,0,0,0,0,0,0,0,0,0,0,0,0,0,0,0,0,0
CC(C)(C)c1ccc(N(c2ccccc2)c2ccc3ccc4c(N(c5ccccc5)c5ccc(C(C)(C)C)cc5)ccc5ccc2c3c54)cc1,ClCCl,,,,,,,,,,,,,,,,,,,8740.213973,9393.526485,10044.35424,10665.34736,11256.76261,11839.49871,12439.50133,13073.24433,13730.22181,14413.94508,15114.89981,15789.01389,16413.52686,16976.81311,17473.00322,17911.94923,18326.86881,18736.58484,19167.73327,19645.6465,20160.56621,20721.89859,21335.38137,21986.54104,22650.85419,23300.89989,23917.0702,24468.68204,24942.19629,25307.14234,25496.52168,25466,25172.20721,24581.96106,23687.69507,22499.06683,21027.48339,19309.46136,17436.1641,15471.48722,13447.92196,11453.87407,9568.734964,7833.293467,6289.262198,4956.948267,3832.089213,2907.320613,2177.974603,1604.059552,1151.795716,825.927535,603.1582903,442.3425949,323.6619153,233.7645794,170.4182216,122.9894585,81.69822996,48.09121648,21.68156254,0,0,0,0,0,0,0,0,0,0,0,0,0,0,0,0,0,0,0,0,0,0,0,0,0,0,0,0,0,0,0,0,0,0,0,0,0,0,0,0,0,0,0,0,0,0,0,0,0,0,0,0,0,0,0,0,0,0,0,0,0,0,0,0,0,0,0,0,0,0,0,0,0,0,0,0,0,0,0,0,0,0,0,0,0,0,0,0,0,0,0,0,0,0,0,0,0,0,0,0,0,0,0,0,0,0,0,0,0,0,0,0,0,0,0,0,0,0,0,0,0,0,0,0,0,0,0,0,0,0,0,0,0,0,0,0,0,0,0,0,0,0,0,0,0,0,0,0,0,0,0,0,0,0,0,0,0,0,0,0,0,0,0,0,0,0,0,0,0,0,0,0,0,0,0,0,0,0,0,0,0,0,0,0,0,0,0,0,0,0,0,0,0,0,0,0,0,0,0,0,0,0,0,0,0,0,0,0,0,0,0,0,0,0,0,0,0,0,0,0,0,0,0,0,0,0,0,0,0,0,0,0,0,0,0,0,0,0,0,0,0,0,0,0,0,0,0,0,0,0,0,0,0,0,0,0,0
O=S(=O)([O-])CCCOc1ccc(C2=[N+]3C(=Nc4c(-c5ccccc5)cc(-c5ccc(OCc6cn(C7C(O)OC(CO)C(O)C7O)nn6)cc5)n4[B-]3(F)F)C(c3ccccc3)=C2)cc1,O,,,,,,,,,,,,,,,,,,,,,,,,,,,,,,,,,,,,,,,,,,,,8381.821657,8739.381281,9077.317749,9423.45734,9745.952637,10079.86797,10417.96528,10760.40542,11084.34833,11402.01826,11727.24793,12033.17614,12319.1595,12606.59047,12867.80362,13119.20519,13357.41743,13560.40449,13745.5377,13901.55787,14038.27658,14150.06422,14224.69655,14276.8105,14290.96491,14263.94286,14210.54214,14114.35651,14006.26831,13868.26284,13694.54967,13510.38153,13278.92481,13052.45429,12796.54905,12532.44068,12246.93986,11941.65503,11615.62113,11295.69936,10943.44764,10597.79059,10261.14088,9937.519669,9612.129152,9294.780912,8969.068704,8656.224139,8336.624062,8042.920116,7727.662868,7439.105979,7163.095041,6893.839616,6646.94172,6410.177093,6188.531946,5973.803158,5769.207638,5574.745386,5387.199493,5214.77308,5043.633431,4880.214367,4742.369744,4611.280633,4492.576629,4387.061958,4305.352427,4243.26605,4200.641983,4197.103382,4213.992163,4230.880944,4283.638279,4343.633664,4429.686025,4544.208046,4673.206164,4823.91843,5015.967999,5246.781341,5507.351107,5780.627671,6092.668008,6431.087013,6808.913174,7219.551824,7661.394507,8146.665486,8682.602807,9247.974861,9859.992121,10495.81452,11159.4632,11872.97399,12624.12263,13414.51759,14250.75353,15125.59239,16026.80992,16961.80501,17935.72473,18911.09205,19899.32701,20898.33863,21948.65997,23051.89949,24211.91749,25430.16157,26704.0582,28054.67816,29467.0628,30923.19742,32448.49563,34023.33426,35705.45686,37466.87631,39301.15879,41226.47984,43214.53065,45264.82868,47364.02375,49503.7519,51670.82379,53828.56663,55960.89589,58033.71229,60028.67946,61900.43895,63619.23433,65155.47003,66448.82897,67527.45913,68313.99379,68810.84565,69000,68845.10575,68377.36694,67544.34791,66425.02384,64997.03718,63244.30339,61268.79853,59016.47851,56551.68154,53890.9747,51102.23482,48156.67054,45072.29657,41956.23603,38807.84553,35618.27858,32497.71436,29476.55268,26586.31927,23902.93322,21409.98827,19034.13888,16852.10836,14865.9877,13066.76955,11418.10282,9965.989328,8696.596369,7589.818245,6642.759736,5799.768289,5056.018537,4430.811944,3873.160475,3395.770928,2964.704895,2585.270279,2245.56451,1944.300823,1656.226471,1422.196218,1188.165965,954.1357117,720.1054587,486.0752058,252.0449528,18.01469988,0,0,0,0,0,0,0,0,0,0,0,0,0,0,0,0,0,0,0,0,0,0,0,0,0,0,0,0,0,0,0,0,0,0,0,0,0,0,0,0,0,0,0,0,0,0,0,0,0,0,0,0,0,0,0,0,0,0,0,0,0,0,0,0,0,0,0,0,0,0,0,0,0,0,0,0,0,0,0,0,0,0,0,0,0,0,0,0,0,0,0,0,0,0,0,0,0,0,0,0,0,0,0,0,0,0,0,0,0
COc1ccc(C=CC(=O)c2ccccc2O)cc1,CO,17794.45109,18631.83703,19469.22296,20201.93565,20960.81666,21641.19273,22269.23218,22975.77656,23551.47939,24179.51884,24676.71674,24964.56815,25147.74633,25252.41957,25330.9245,25357.09281,25409.42943,25173.91464,24859.89491,24441.20194,23917.83574,23263.62798,22504.74697,21798.20259,20960.81666,19914.08424,18841.18351,17742.11447,16250.52078,14758.92708,13267.33339,11828.07632,10414.98755,9158.908652,7876.66144,6856.097334,5966.374779,5207.493776,4343.939532,3689.731771,3192.533873,2773.840906,2302.811318,1936.454972,1570.098626,1360.752143,1203.74228,968.227486,863.5542443,785.049313,706.5443817,575.7028295,497.1978982,418.6929669,366.3563461,340.1880356,314.0197252,235.5147939,209.3464835,235.5147939,209.3464835,183.178173,157.0098626,130.8415522,130.8415522,130.8415522,130.8415522,78.5049313,78.5049313,78.5049313,78.5049313,78.5049313,26.16831043,52.33662087,78.5049313,52.33662087,26.16831043,0,0,0,0,0,26.16831043,26.16831043,0,0,0,0,0,0,0,0,0,0,0,0,0,0,0,0,0,0,0,0,0,0,0,0,0,0,0,0,0,0,0,0,0,0,0,0,0,0,0,0,0,0,0,0,0,0,0,0,0,0,0,0,0,0,0,0,0,0,0,0,0,0,0,0,0,0,0,0,0,0,0,0,0,0,0,0,0,0,0,0,0,0,0,0,0,0,0,0,0,0,0,0,0,0,0,0,0,0,0,0,0,0,0,0,0,0,0,0,0,0,0,0,0,0,0,0,0,0,0,0,0,0,0,0,0,0,0,0,0,0,0,0,0,0,0,0,0,0,0,0,0,0,0,0,0,0,0,0,0,0,0,0,0,0,0,0,0,0,0,0,0,0,0,0,0,0,0,0,0,0,0,0,0,0,0,0,0,0,0,0,0,0,0,0,0,0,0,0,0,0,0,0,0,0,0,0,0,0,0,0,0,0,0,0,0,0,0,0,0,0,0,0,0,0,0,0,0,0,0,0,0,0,0,0,0,0,0,0,0,0,0,0,0,0,0,0,0,0,0,0,0,0,0,0,0,0,0,0,0,0,0,0
CCCCN1C(=O)c2cccc3cc(N4OC(C)C=CC4C)cc(c23)C1=O,CC#N,,,,,,,,,,,,,,,,3272.396502,3482.160526,3729.867429,4025.916778,4324.629555,4632.63091,4958.912671,5319.343662,5701.382695,6098.315384,6497.429729,6882.792657,7258.517498,7607.927405,7918.174399,8188.897348,8422.405456,8630.382374,8804.225071,8950.395336,9056.803039,9113.771692,9120.108394,9074.59426,8985.774161,8852.622095,8677.524417,8464.612913,8220.347449,7952.246187,7651.812878,7320.91125,6964.985128,6587.818488,6196.463898,5798.52382,5404.082857,5017.557968,4632.482292,4246.514049,3866.195769,3495.478307,3139.818102,2807.42262,2505.972759,2239.907146,2006.502484,1801.851629,1614.252316,1438.372909,1274.750111,1120.553841,973.5281235,837.0470496,712.3283748,597.5091028,492.2981296,399.1756506,316.3203224,241.3377114,166.3551005,91.37248951,16.38987854,0,0,0,0,0,0,0,0,0,0,0,0,0,0,0,0,0,0,0,0,0,0,0,0,0,0,0,0,0,0,0,0,0,0,0,0,0,0,0,0,0,0,0,0,0,0,0,0,0,0,0,0,0,0,0,0,0,0,0,0,0,0,0,0,0,0,0,0,0,0,0,0,0,0,0,0,0,0,0,0,0,0,0,0,0,0,0,0,0,0,0,0,0,0,0,0,0,0,0,0,0,0,0,0,0,0,0,0,0,0,0,0,0,0,0,0,0,0,0,0,0,0,0,0,0,0,0,0,0,0,0,0,0,0,0,0,0,0,0,0,0,0,0,0,0,0,0,0,0,0,0,0,0,0,0,0,0,0,0,0,0,0,0,0,0,0,0,0,0,0,0,0,0,0,0,0,0,0,0,0,0,0,0,0,0,0,0,0,0,0,0,0,0,0,0,0,0,0,0,0,0,0,0,0,0,0,0,0,0,0,0,0,0,0,0,0,0,0,0,0,0,0,0,0,0,0,0,0,0,0,0,0,0,0,0,0,0,0,0,0,0,0,0,0,0,0,0,0,0,0,0,0,0,0,0,0,0,0
COC(=O)CCc1ccc2n1[B-](F)(F)[N+]1=CC=CC1=C2c1c(Cl)cccc1Cl,ClCCl,,,,,,,,,,,,,,,,,,,,,,,,,,,,,,,,,,,,,,,,,,-8.491254395,-17.1392659,-7.607847494,-9.957739152,-15.9438098,-5.655790084,2.244247457,35.27507079,103.7942067,192.383299,319.6661671,486.2278422,676.5216975,896.8992448,1160.931287,1484.048227,1836.678315,2236.724418,2652.216712,3061.325915,3486.373231,3913.012047,4331.340782,4780.279639,5272.965451,5844.07377,6524.651456,7351.470016,8364.343479,9609.89626,11100.30886,12779.72203,14626.1533,16528.39483,18358.73612,20006.897,21368.21873,22400.58493,23137.98406,23668.83559,24122.8789,24728.137,25764.46835,27489.43826,30234.072,34220.65539,39571.16938,46032.63372,53026.6412,59627.92572,64780.05016,67426.37082,66800,62900.23922,56157.47856,47485.07887,38142.8881,29120.39737,21220.3792,14856.65495,10082.13561,6607.203202,4119.252967,2454.763468,1323.385535,192.0076029,0,0,0,0,0,0,0,0,0,0,0,0,0,0,0,0,0,0,0,0,0,0,0,0,0,0,0,0,0,0,0,0,0,0,0,0,0,0,0,0,0,0,0,0,0,0,0,0,0,0,0,0,0,0,0,0,0,0,0,0,0,0,0,0,0,0,0,0,0,0,0,0,0,0,0,0,0,0,0,0,0,0,0,0,0,0,0,0,0,0,0,0,0,0,0,0,0,0,0,0,0,0,0,0,0,0,0,0,0,0,0,0,0,0,0,0,0,0,0,0,0,0,0,0,0,0,0,0,0,0,0,0,0,0,0,0,0,0,0,0,0,0,0,0,0,0,0,0,0,0,0,0,0,0,0,0,0,0,0,0,0,0,0,0,0,0,0,0,0,0,0,0,0,0,0,0,0,0,0,0,0,0,0,0,0,0,0,0,0,0,0,0,0,0,0,0,0,0,0,0,0,0,0,0,0,0,0,0,0,0,0,0,0,0,0,0,0,0,0,0,0,0,0,0,0,0,0,0,0
CCN(CC)c1ccc2cc(-c3nc4c5ccccc5c5ccccc5c4[nH]3)c(=O)oc2c1,CC#N,5411.196696,5341.059167,5136.290036,4841.138306,4515.677892,4246.240481,4128.294606,4057.940779,4006.135077,3958.17003,3909.366877,3872.216447,3849.254934,3852.173507,3885.427749,3952.206711,4059.112709,4201.963658,4369.058179,4566.838865,4800.133885,5053.952266,5340.495082,5680.237976,6102.807605,6614.101125,7213.542888,7870.857132,8575.26279,9332.096998,10132.45432,10968.54769,11857.74049,12799.42341,13805.18782,14865.34487,15977.03828,17126.00976,18320.3681,19550.71953,20824.60407,22136.9408,23433.09388,24682.10294,25874.05304,27003.96346,28112.20297,29225.44622,30361.49135,31525.53372,32719.32537,33914.15184,35041.90865,36065.38912,36969.85994,37664.16166,38121.18799,38338.46274,38308.02122,38049,37612.94891,37061.64504,36444.18558,35817.06021,35217.51217,34590.04119,33944.94032,33259.90703,32464.3957,31483.51146,30254.61953,28749.05825,27006.69532,25045.08074,22899.25707,20600.40089,18265.42857,15962.60389,13688.05963,11484.40598,9400.13916,7498.110885,5872.566292,4526.12128,3445.361481,2598.21021,1988.776098,1569.288934,1251.223514,1025.927479,853.871114,715.2510113,617.2394072,536.4810545,458.4068466,386.6370759,321.7551027,267.7230673,219.1556971,171.2198229,124.6407119,88.9941614,65.70538734,42.47027116,20.12910583,0,0,0,0,0,0,0,0,0,0,0,0,0,0,0,0,0,0,0,0,0,0,0,0,0,0,0,0,0,0,0,0,0,0,0,0,0,0,0,0,0,0,0,0,0,0,0,0,0,0,0,0,0,0,0,0,0,0,0,0,0,0,0,0,0,0,0,0,0,0,0,0,0,0,0,0,0,0,0,0,0,0,0,0,0,0,0,0,0,0,0,0,0,0,0,0,0,0,0,0,0,0,0,0,0,0,0,0,0,0,0,0,0,0,0,0,0,0,0,0,0,0,0,0,0,0,0,0,0,0,0,0,0,0,0,0,0,0,0,0,0,0,0,0,0,0,0,0,0,0,0,0,0,0,0,0,0,0,0,0,0,0,0,0,0,0,0,0,0,0,0,0,0,0,0,0,0,0,0,0,0,0,0,0,0,0,0,0,0,0,0,0,0,0,0,0,0,0,0,0,0,0,0,0,0,0,0,0,0,0,0,0,0,0,0,0,0,0,0,0,0,0,0,0,0,0,0,0,0,0,0
CC(C)(C)c1ccc(-c2ccc3n2[B-](F)(F)[N+]2=CC=CC2=C3c2c(Cl)cccc2Cl)cc1,ClCCl,,,,,,,,,,,,,,,,,,,,,,,,,,,,,,,,,,,,,,,,,,791.1176094,669.5412678,567.8058244,474.8243616,395.2592305,334.5602274,294.811373,279.5875132,279.5073352,296.5445543,332.5722987,376.2390635,422.034433,463.3415347,510.9524501,557.7651083,606.3642783,670.9592037,747.3004501,845.9887647,953.1340369,1070.567605,1206.405913,1356.940486,1537.658434,1735.643322,1952.085188,2206.931955,2496.92791,2828.368849,3192.21057,3567.762289,3965.02269,4391.478333,4833.228902,5286.951627,5770.926,6315.486398,6944.323843,7687.630821,8537.267199,9483.623764,10566.609,11760.10771,13006.97946,14295.58873,15599.81108,16887.33782,18135.6574,19311.42754,20402.03114,21434.56473,22459.19823,23503.92653,24621.46739,25898.65348,27401.3769,29189.33078,31307.24547,33756.96603,36520.66014,39511.3575,42576.32266,45505.36362,48077.6003,50065.39495,51215.13652,51357.6641,50403,48343.11439,45270.2093,41340.48364,36778.59485,31851.6398,26855.39103,22045.57642,17597.11715,13663.70331,10332.60499,7627.32554,5513.564073,3919.23303,2747.230406,1905.503103,1320.201465,916.3921008,634.6937193,439.6676419,306.6023993,210.9782208,143.8104318,99.91491669,57.73071612,25.94171563,14.48925919,14.14595154,35.54619049,65.64185577,83.6848229,87.53518946,81.85676434,66.59937554,41.492726,18.66519705,5.867207881,0,4.248341032,8.876920187,8.423185557,8.401318828,8.401318828,8.401318828,8.401318828,8.401318828,8.401318828,8.401318828,8.401318828,8.401318828,8.401318828,8.401318828,8.401318828,8.401318828,8.401318828,8.401318828,8.401318828,8.401318828,8.401318828,8.401318828,8.401318828,8.401318828,8.401318828,8.401318828,8.401318828,8.401318828,8.401318828,8.401318828,8.401318828,8.401318828,8.401318828,8.401318828,8.401318828,8.401318828,8.401318828,8.401318828,8.401318828,8.401318828,8.401318828,8.401318828,8.401318828,8.401318828,8.401318828,8.401318828,8.401318828,8.401318828,8.401318828,8.401318828,8.401318828,8.401318828,8.401318828,8.401318828,8.401318828,8.401318828,8.401318828,8.401318828,8.401318828,8.401318828,8.401318828,8.401318828,8.401318828,8.401318828,8.401318828,8.401318828,8.401318828,8.401318828,8.401318828,8.401318828,8.401318828,8.401318828,8.401318828,8.401318828,8.401318828,8.401318828,8.401318828,8.401318828,8.401318828,8.401318828,8.401318828,8.401318828,8.401318828,8.401318828,8.401318828,8.401318828,8.401318828,8.401318828,8.401318828,8.401318828,8.401318828,8.401318828,8.401318828,8.401318828,8.401318828,8.401318828,8.401318828,8.401318828,8.401318828,8.401318828,8.401318828,8.401318828,8.401318828,8.401318828,8.401318828,8.401318828,8.401318828,8.401318828,8.401318828,8.401318828,8.401318828,8.401318828,8.401318828,8.401318828,8.401318828,8.401318828,8.401318828,8.401318828,8.401318828,8.401318828,8.401318828,8.401318828,8.401318828,8.401318828,8.401318828,8.401318828,8.401318828,8.401318828,8.401318828,8.401318828,8.401318828,8.401318828,8.401318828,8.401318828,8.401318828,8.401318828,8.401318828,8.401318828,8.401318828,8.401318828,8.401318828,8.401318828,8.401318828,8.401318828,8.401318828,8.401318828,8.401318828,8.401318828,8.401318828,8.401318828,8.401318828,8.401318828,8.401318828,8.401318828,8.401318828,8.401318828,8.401318828,8.401318828,8.401318828,8.401318828,8.401318828,8.401318828,8.401318828,8.401318828,8.401318828,8.401318828,8.401318828,8.401318828,8.401318828,8.401318828,8.401318828,8.401318828,8.401318828,8.401318828,8.401318828,8.401318828,8.401318828,8.401318828,8.401318828,8.401318828,8.401318828,8.401318828,8.401318828,8.401318828,8.401318828,8.401318828,8.401318828,8.401318828,8.401318828
CCC1=C(C)C2=C(C)c3c(C)c(-c4csc(N5CCOCC5)n4)c(C)n3[B-](F)(F)[N+]2=C1C,ClCCl,,,,,,,,,,,,,,,,5011.261432,5095.482209,5142.936769,5157.904853,5152.70077,5138.600645,5129.519043,5127.115414,5124.740947,5122.404715,5120.093757,5117.800513,5115.530599,5113.277534,5111.030518,5108.794086,5106.562839,5104.336992,5102.116762,5099.896748,5097.654051,5095.400987,5095.910788,5098.488744,5103.507484,5104.678732,5080.038021,5018.145917,4926.233828,4808.084874,4656.035393,4473.466927,4280.191542,4089.323026,3901.596056,3714.396602,3524.112415,3345.422547,3200.58957,3095.918394,3027.912772,3005.902725,3043.380505,3139.383322,3282.468499,3472.242453,3711.200836,4000.423089,4342.301824,4738.08584,5177.818016,5664.52908,6215.410803,6847.12917,7576.549549,8417.995211,9383.293344,10477.00473,11708.63069,13061.27044,14477.15996,15927.29606,17404.72752,18908.17638,20437.04598,22009.18199,23663.92858,25444.2277,27390.03744,29517.95036,31834.17737,34355.65796,37143.7945,40180.01359,43380.62433,46731.50651,49998.08237,52944.71328,55381.02974,57149.33966,58059.87665,58104,57341.50039,55848.87511,53866.62706,51582.06457,48784.57316,45539.9581,41949.70689,38161.86987,34233.57467,30350.57904,26540.4369,23014.3773,19959.46598,17301.813,14849.63609,12652.37911,10705.94097,9050.347374,7652.568349,6476.965289,5436.743998,4565.010705,3835.159803,3199.177246,2632.036516,2142.957898,1729.447035,1385.028795,1094.285561,852.8660879,652.0004878,473.2535913,333.2965668,224.9152863,134.2100887,59.02835737,0,0,0,0,0,0,0,0,0,0,0,0,0,0,0,0,0,0,0,0,0,0,0,0,0,0,0,0,0,0,0,0,0,0,0,0,0,0,0,0,0,0,0,0,0,0,0,0,0,0,0,0,0,0,0,0,0,0,0,0,0,0,0,0,0,0,0,0,0,0,0,0,0,0,0,0,0,0,0,0,0,0,0,0,0,0,0,0,0,0,0,0,0,0,0,0,0,0,0,0,0,0,0,0,0,0,0,0,0,0,0,0,0,0,0,0,0,0,0,0,0,0,0,0,0,0,0,0,0,0,0,0,0,0,0,0,0,0,0,0,0,0,0,0,0,0,0,0,0,0,0,0,0,0,0,0,0,0,0,0,0,0,0,0,0,0,0,0,0,0,0,0,0,0,0,0,0,0,0,0,0,0,0,0,0,0,0,0,0,0,0,0,0,0,0,0,0,0,0,0,0,0,0
F[B-]1(F)N2C=CC=CC2=[N+]2N1Cc1cccn1[B-]2(F)F,Cc1ccccc1,,,,,,,,,,,4563.882646,5178.912382,5794.092139,6423.415034,7062.185863,7718.023124,8454.782995,9358.473501,10448.08984,11710.93206,13062.02676,14368.03828,15555.29363,16521.8176,17264.07466,17963.22201,18824.44334,19995.4179,21605.82744,23584.09779,25650.89191,27472.28225,28674.3208,29013.49964,28418.56213,27218.31713,25760.11919,24457.22449,23774.73356,23965.84633,25050.31473,26498.38005,27734.93561,28229.38483,27542.28703,25630.05521,22436.98106,18415.06416,14131.54439,10144.34485,6894.368497,4388.875767,2667.020286,1607.029551,547.0388159,0,0,0,0,0,0,0,0,0,0,0,0,0,0,0,0,0,0,0,0,0,0,0,0,0,0,0,0,0,0,0,0,0,0,0,0,0,0,0,0,0,0,0,0,0,0,0,0,0,0,0,0,0,0,0,0,0,0,0,0,0,0,0,0,0,0,0,0,0,0,0,0,0,0,0,0,0,0,0,0,0,0,0,0,0,0,0,0,0,0,0,0,0,0,0,0,0,0,0,0,0,0,0,0,0,0,0,0,0,0,0,0,0,0,0,0,0,0,0,0,0,0,0,0,0,0,0,0,0,0,0,0,0,0,0,0,0,0,0,0,0,0,0,0,0,0,0,0,0,0,0,0,0,0,0,0,0,0,0,0,0,0,0,0,0,0,0,0,0,0,0,0,0,0,0,0,0,0,0,0,0,0,0,0,0,0,0,0,0,0,0,0,0,0,0,0,0,0,0,0,0,0,0,0,0,0,0,0,0,0,0,0,0,0,0,0,0,0,0,0,0,0,0,0,0,0,0,0,0,0,0,0,0,0,0,0,0,0,0,0,0,0,0,0,0,0,0,0,0,0,0,0,0,0,0,0,0,0,0,0,0,0,0,0,0,0,0,0,0,0,0,0,0,0,0,0,0,0,0,0,0
CSC1=C(SC)SC(=Cc2ccc(-c3cc(-c4ccc(C=C5SC(SC)=C(SC)S5)cc4)c4ccc5c(-c6ccc(C=C7SC(SC)=C(SC)S7)cc6)cc(-c6ccc(C=C7SC(SC)=C(SC)S7)cc6)c6ccc3c4c65)cc2)S1,c1ccccc1,,,,,,,,,,,,58640.53128,59244.66972,59933.26403,60740.08998,61689.73117,62799.71726,64067.54416,65498.63476,67092.04524,68759.84041,70474.58225,72303.29752,74062.19052,75688.85388,77100.21069,78193.91258,78975.20283,79432.82347,79486.11284,79107.5107,78367.03404,77404.10462,76141.22934,74718.62669,73264.58292,71842.54018,70612.91735,69612.5623,68843.24212,68262.46307,67794.23515,67406.95629,66982.34108,66504.69159,65968.48502,65296.46125,64504.14942,63560.67448,62471.2121,61233.44122,59785.28778,58153.08993,56296.53511,54374.07592,51922.88074,49282.43168,46452.69729,43433.5921,40265.51051,37014.12414,33681.51555,30390.1038,27149.36192,24045.92927,20786.82381,17891.71689,15263.01811,12880.21779,10784.80018,8998.833738,7466.733549,6184.936502,5095.024747,4191.068836,3454.601046,2864.883823,2402.805568,2006.026288,1712.069615,1492.552035,1300.959665,1154.071139,1049.002723,965.9270917,902.6800611,857.0713025,815.2452407,774.2622346,735.4933655,692.1946134,644.7441417,598.2768098,554.6421959,516.656225,486.9992019,467.3257774,456.6173124,452.8239871,452.981502,452.9585444,453.182594,453.9669801,454.3189973,454.3189973,454.3189973,454.3189973,454.3189973,455.5434049,460.8466204,463.5571102,455.4468978,435.8514868,407.0472976,371.7501343,331.9001303,292.2873554,259.2872318,236.9502956,226.5496331,219.5086516,210.3834137,200.3700552,190.2597644,178.7018666,164.0380974,148.0872122,131.5704636,112.844467,89.4905923,64.01271046,39.08687491,17.07155829,0,0,0,0,0,0,0,0,0,0,0,0,0,0,0,0,0,0,0,0,0,0,0,0,0,0,0,0,0,0,0,0,0,0,0,0,0,0,0,0,0,0,0,0,0,0,0,0,0,0,0,0,0,0,0,0,0,0,0,0,0,0,0,0,0,0,0,0,0,0,0,0,0,0,0,0,0,0,0,0,0,0,0,0,0,0,0,0,0,0,0,0,0,0,0,0,0,0,0,0,0,0,0,0,0,0,0,0,0,0,0,0,0,0,0,0,0,0,0,0,0,0,0,0,0,0,0,0,0,0,0,0,0,0,0,0,0,0,0,0,0,0,0,0,0,0,0,0,0,0,0,0,0,0,0,0,0,0,0,0,0,0,0,0,0,0,0,0,0,0,0,0,0,0,0,0,0,0,0,0,0,0,0,0,0,0,0,0,0,0,0,0,0,0,0,0,0,0,0,0,0,0,0
COc1ccc(C2=[N+]3C(=Nc4c(-c5ccccc5)c(I)c(-c5ccc(OC)cc5)n4[B-]3(F)F)C(c3ccccc3)=C2I)cc1,CC(C)O,,,,,,,,,,,,,,,,,,,,,,,,,,,,,,,,,,,,,,,,,,,,,,,,,,,,,,,,,,,,,,,,,,,,,,,,,,,,,,,,,,,,,,,,,,,,,,,10088.44043,10032.98668,9959.852332,9874.163765,9776.20888,9661.156929,9537.305958,9408.888601,9272.066049,9134.582673,8979.334558,8808.399905,8629.531167,8446.015769,8259.993216,8072.619332,7886.45801,7715.814068,7565.515798,7425.053804,7292.261002,7184.888257,7098.127478,7048.403844,7042.309593,7059.366258,7103.563366,7187.093106,7318.754148,7503.374605,7752.541881,8045.880091,8377.204872,8765.982907,9234.872394,9749.928104,10319.3657,10963.12088,11701.0139,12532.43613,13392.23982,14292.00973,15248.85647,16255.83472,17321.77863,18406.58812,19486.25138,20566.74392,21642.13204,22676.67143,23658.37208,24657.30997,25653.50357,26660.93905,27713.60644,28848.60787,30054.48241,31352.50706,32799.35851,34359.47267,36054.93948,37989.85216,40059.38782,42252.53012,44684.42497,47309.52799,50048.52116,52910.56518,55810.78144,58618.11791,61427.72826,64171.47524,66625.29405,68760.61596,70583.25893,71950.01562,72880.82223,73341.68524,73215.5054,72443.59601,71056.393,68959.70162,66313.42172,63237.53684,59788.1013,55882.10617,51723.62736,47404.41923,43013.28458,38572.52658,34149.24771,29875.06281,25930.12606,22343.90398,19088.0309,16063.83543,13412.69896,11150.18033,9262.176724,7701.376979,6417.106631,5339.498733,4412.440646,3608.547238,2905.576795,2314.23211,1823.400931,1422.4358,1100.101154,846.141423,652.3170555,504.8972795,387.7627365,304.8722129,240.7938725,180.8478677,127.8406735,84.0019067,49.74119993,26.41322147,13.16357472,6.259192919,0,1.487465148,6.448551378,6.478588758,6.484912417,6.484912417,6.484912417,6.484912417,6.484912417,6.484912417,6.484912417,6.484912417,6.484912417,6.484912417,6.484912417,6.484912417,6.484912417,6.484912417,6.484912417,6.484912417,6.484912417,6.484912417,6.484912417,6.484912417,6.484912417,6.484912417,6.484912417,6.484912417,6.484912417,6.484912417,6.484912417,6.484912417,6.484912417,6.484912417,6.484912417,6.484912417,6.484912417,6.484912417,6.484912417,6.484912417,6.484912417,6.484912417,6.484912417,6.484912417,6.484912417,6.484912417,6.484912417,6.484912417,6.484912417,6.484912417,6.484912417,6.484912417,6.484912417,6.484912417,6.484912417,6.484912417,6.484912417,6.484912417,6.484912417,6.484912417,6.484912417,6.484912417,6.484912417,6.484912417,6.484912417,6.484912417,6.484912417,6.484912417,6.484912417,6.484912417,6.484912417,6.484912417,6.484912417,6.484912417,6.484912417,6.484912417,6.484912417,6.484912417,6.484912417,6.484912417,6.484912417,6.484912417,6.484912417,6.484912417,6.484912417,6.484912417,6.484912417,6.484912417,6.484912417,6.484912417,6.484912417,6.484912417,6.484912417,6.484912417,6.484912417,6.484912417,6.484912417,6.484912417,6.484912417,6.484912417,6.484912417,6.484912417,6.484912417,6.484912417,6.484912417,6.484912417,6.484912417,6.484912417,6.484912417,6.484912417,6.484912417,6.484912417,6.484912417,6.484912417,6.484912417,6.484912417,6.484912417,6.484912417,6.484912417,6.484912417
F[B-]1(F)N2C=CC=CC2=[N+]2N1Cc1cccn1[B-]2(F)F,C1CCOC1,,,,,,,,,,,,6857.23184,7623.698035,8404.488726,9280.537417,10340.72083,11578.56132,12890.54064,14262.02862,15590.7531,16796.32875,17863.48341,18841.12607,19852.23273,21018.77466,22474.09052,24270.45661,26306.09265,28259.94103,29731.85979,30494.50007,30459.02642,29725.33386,28589.97805,27419.0793,26630.04053,26528.97157,27144.03854,28100.73083,28971.62685,29416.35927,28840.31503,27014.04974,24157.14471,20496.97756,16416.93958,12406.84208,8874.887841,6011.674716,3934.571584,2601.780111,1660.819439,719.8587662,0,0,0,0,0,0,0,0,0,0,0,0,0,0,0,0,0,0,0,0,0,0,0,0,0,0,0,0,0,0,0,0,0,0,0,0,0,0,0,0,0,0,0,0,0,0,0,0,0,0,0,0,0,0,0,0,0,0,0,0,0,0,0,0,0,0,0,0,0,0,0,0,0,0,0,0,0,0,0,0,0,0,0,0,0,0,0,0,0,0,0,0,0,0,0,0,0,0,0,0,0,0,0,0,0,0,0,0,0,0,0,0,0,0,0,0,0,0,0,0,0,0,0,0,0,0,0,0,0,0,0,0,0,0,0,0,0,0,0,0,0,0,0,0,0,0,0,0,0,0,0,0,0,0,0,0,0,0,0,0,0,0,0,0,0,0,0,0,0,0,0,0,0,0,0,0,0,0,0,0,0,0,0,0,0,0,0,0,0,0,0,0,0,0,0,0,0,0,0,0,0,0,0,0,0,0,0,0,0,0,0,0,0,0,0,0,0,0,0,0,0,0,0,0,0,0,0,0,0,0,0,0,0,0,0,0,0,0,0,0,0,0,0,0,0,0,0,0,0,0,0,0,0,0,0,0,0,0,0,0,0,0,0,0,0,0,0,0,0,0,0,0,0,0,0,0,0,0,0,0,0,0,0
NS(=O)(=O)c1ccc(N2N=C(c3ccc(O)cc3)CC2c2ccc(Br)cc2)cc1,O,114873.4818,123130.9886,131492.9954,139960.6855,148470.2857,156923.6113,165151.9916,173001.3312,180294.5974,186788.4383,192645.3643,197436.8494,201092.1752,203313.3694,204073.3786,203000,200011.2194,195377.8738,189268.9256,182243.2062,174502.2771,165679.0021,155914.4471,144875.7928,132489.549,118371.5661,103011.2975,87214.79529,71661.19113,57355.31239,44579.16569,33697.31911,24980.21837,18213.61805,13013.25418,9064.706526,6240.114721,4259.900325,2808.579569,1788.091962,1040.928894,506.0368941,234.5075142,93.9983208,0,5.080101918,58.51183136,92.29435007,92.29435007,92.29435007,92.29435007,92.29435007,92.29435007,92.29435007,92.29435007,92.29435007,92.29435007,92.29435007,92.29435007,92.29435007,92.29435007,92.29435007,92.29435007,92.29435007,92.29435007,92.29435007,92.29435007,92.29435007,92.29435007,92.29435007,92.29435007,92.29435007,92.29435007,92.29435007,92.29435007,92.29435007,92.29435007,92.29435007,92.29435007,92.29435007,92.29435007,92.29435007,92.29435007,92.29435007,92.29435007,92.29435007,92.29435007,92.29435007,92.29435007,92.29435007,92.29435007,92.29435007,92.29435007,92.29435007,92.29435007,92.29435007,92.29435007,92.29435007,92.29435007,92.29435007,92.29435007,92.29435007,92.29435007,92.29435007,92.29435007,92.29435007,92.29435007,92.29435007,92.29435007,92.29435007,92.29435007,92.29435007,92.29435007,92.29435007,92.29435007,92.29435007,92.29435007,92.29435007,92.29435007,92.29435007,92.29435007,92.29435007,92.29435007,92.29435007,92.29435007,92.29435007,92.29435007,92.29435007,92.29435007,92.29435007,92.29435007,92.29435007,92.29435007,92.29435007,92.29435007,92.29435007,92.29435007,92.29435007,92.29435007,92.29435007,92.29435007,92.29435007,92.29435007,92.29435007,92.29435007,92.29435007,92.29435007,92.29435007,92.29435007,92.29435007,92.29435007,92.29435007,92.29435007,92.29435007,92.29435007,92.29435007,92.29435007,92.29435007,92.29435007,92.29435007,92.29435007,92.29435007,92.29435007,92.29435007,92.29435007,92.29435007,92.29435007,92.29435007,92.29435007,92.29435007,92.29435007,92.29435007,92.29435007,92.29435007,92.29435007,92.29435007,92.29435007,92.29435007,92.29435007,92.29435007,92.29435007,92.29435007,92.29435007,92.29435007,92.29435007,92.29435007,92.29435007,92.29435007,92.29435007,92.29435007,92.29435007,92.29435007,92.29435007,92.29435007,92.29435007,92.29435007,92.29435007,92.29435007,92.29435007,92.29435007,92.29435007,92.29435007,92.29435007,92.29435007,92.29435007,92.29435007,92.29435007,92.29435007,92.29435007,92.29435007,92.29435007,92.29435007,92.29435007,92.29435007,92.29435007,92.29435007,92.29435007,92.29435007,92.29435007,92.29435007,92.29435007,92.29435007,92.29435007,92.29435007,92.29435007,92.29435007,92.29435007,92.29435007,92.29435007,92.29435007,92.29435007,92.29435007,92.29435007,92.29435007,92.29435007,92.29435007,92.29435007,92.29435007,92.29435007,92.29435007,92.29435007,92.29435007,92.29435007,92.29435007,92.29435007,92.29435007,92.29435007,92.29435007,92.29435007,92.29435007,92.29435007,92.29435007,92.29435007,92.29435007,92.29435007,92.29435007,92.29435007,92.29435007,92.29435007,92.29435007,92.29435007,92.29435007,92.29435007,92.29435007,92.29435007,92.29435007,92.29435007,92.29435007,92.29435007,92.29435007,92.29435007,92.29435007,92.29435007,92.29435007,92.29435007,92.29435007,92.29435007,92.29435007,92.29435007,92.29435007,92.29435007,92.29435007,92.29435007,92.29435007,92.29435007,92.29435007,92.29435007,92.29435007,92.29435007,92.29435007,92.29435007,92.29435007,92.29435007,92.29435007,92.29435007,92.29435007,92.29435007,92.29435007,92.29435007,92.29435007,92.29435007,92.29435007,92.29435007,92.29435007,92.29435007,92.29435007,92.29435007,92.29435007,92.29435007,92.29435007,92.29435007,92.29435007,92.29435007,92.29435007,92.29435007,92.29435007,92.29435007,92.29435007,92.29435007,92.29435007,92.29435007,92.29435007,92.29435007,92.29435007,92.29435007,92.29435007,92.29435007,92.29435007,92.29435007,92.29435007,92.29435007,92.29435007,92.29435007,92.29435007,92.29435007,92.29435007
COCCOCCOc1cc(C=Cc2ccc(N(c3ccccc3)c3ccccc3)cc2)c(OCCOCCOC)cc1C=Cc1ccc(N(c2ccccc2)c2ccccc2)cc1,CN(C)C=O,9884.028034,10004.303,10138.52968,10298.82971,10487.83319,10701.14163,10916.47985,11120.50588,11322.52486,11528.73882,11738.44087,11953.75225,12184.80078,12437.71885,12710.39369,13002.78856,13323.1362,13682.49908,14084.52211,14522.6459,14994.56617,15498.13845,16013.66086,16527.93025,17048.04798,17583.78279,18138.98952,18708.4047,19295.31172,19901.83029,20520.2625,21127.15539,21683.27574,22185.03507,22661.75138,23129.98663,23578.51709,24011.69045,24455.09039,24903.28192,25328.65551,25703.48559,25990.99374,26178.98394,26281.26667,26300,26211.10683,26017.44876,25746.34685,25403.85264,24974.20693,24453.09689,23860.42945,23208.6841,22486.5401,21679.13462,20774.57908,19777.01783,18700.85027,17547.13611,16294.386,14962.22997,13606.14105,12248.92829,10879.46175,9518.761453,8205.83725,6974.575345,5850.939399,4846.859244,3965.210508,3217.47218,2606.298817,2113.228597,1712.68209,1385.816141,1129.815799,932.6163916,781.0424226,665.9022192,583.1837754,522.6748709,471.9090056,426.3405381,387.5251345,347.9720132,313.1647055,282.2429902,253.6218729,225.1122021,194.7918798,164.468119,133.4779042,101.1576129,70.02945523,42.01357395,18.43175278,0,0,0,0,0,0,0,0,0,0,0,0,0,0,0,0,0,0,0,0,0,0,0,0,0,0,0,0,0,0,0,0,0,0,0,0,0,0,0,0,0,0,0,0,0,0,0,0,0,0,0,0,0,0,0,0,0,0,0,0,0,0,0,0,0,0,0,0,0,0,0,0,0,0,0,0,0,0,0,0,0,0,0,0,0,0,0,0,0,0,0,0,0,0,0,0,0,0,0,0,0,0,0,0,0,0,0,0,0,0,0,0,0,0,0,0,0,0,0,0,0,0,0,0,0,0,0,0,0,0,0,0,0,0,0,0,0,0,0,0,0,0,0,0,0,0,0,0,0,0,0,0,0,0,0,0,0,0,0,0,0,0,0,0,0,0,0,0,0,0,0,0,0,0,0,0,0,0,0,0,0,0,0,0,0,0,0,0,0,0,0,0,0,0,0,0,0,0,0,0,0,0,0,0,0,0,0,0,0,0,0,0,0,0,0,0,0,0,0,0,0,0,0,0,0,0,0,0,0,0,0,0,0,0,0,0,0,0,0
NS(=O)(=O)c1ccc(N2N=C(c3ccc(O)cc3)CC2c2ccc(Cl)cc2)cc1,O,77475.49119,82613.30608,87806.60947,93251.29418,98890.21816,104524.7327,110007.0192,115120.5586,119833.8806,124102.9216,128011.3311,131261.9927,133623.6014,135023.6552,135151.9418,134000,131660.3996,128171.5979,123948.372,118994.0195,113656.4358,107793.2658,101218.1412,93755.88974,85427.89657,76289.67727,66578.62362,56681.58539,46782.07335,37464.54501,29255.23355,22355.01953,16778.70218,12448.84259,9236.988925,6877.366643,5191.923674,3998.434559,2827.38327,1940.821807,1225.292264,672.7464827,329.5755632,137.8171864,16.79266695,0,45.19786203,94.18788311,94.18788311,94.18788311,94.18788311,94.18788311,94.18788311,94.18788311,94.18788311,94.18788311,94.18788311,94.18788311,94.18788311,94.18788311,94.18788311,94.18788311,94.18788311,94.18788311,94.18788311,94.18788311,94.18788311,94.18788311,94.18788311,94.18788311,94.18788311,94.18788311,94.18788311,94.18788311,94.18788311,94.18788311,94.18788311,94.18788311,94.18788311,94.18788311,94.18788311,94.18788311,94.18788311,94.18788311,94.18788311,94.18788311,94.18788311,94.18788311,94.18788311,94.18788311,94.18788311,94.18788311,94.18788311,94.18788311,94.18788311,94.18788311,94.18788311,94.18788311,94.18788311,94.18788311,94.18788311,94.18788311,94.18788311,94.18788311,94.18788311,94.18788311,94.18788311,94.18788311,94.18788311,94.18788311,94.18788311,94.18788311,94.18788311,94.18788311,94.18788311,94.18788311,94.18788311,94.18788311,94.18788311,94.18788311,94.18788311,94.18788311,94.18788311,94.18788311,94.18788311,94.18788311,94.18788311,94.18788311,94.18788311,94.18788311,94.18788311,94.18788311,94.18788311,94.18788311,94.18788311,94.18788311,94.18788311,94.18788311,94.18788311,94.18788311,94.18788311,94.18788311,94.18788311,94.18788311,94.18788311,94.18788311,94.18788311,94.18788311,94.18788311,94.18788311,94.18788311,94.18788311,94.18788311,94.18788311,94.18788311,94.18788311,94.18788311,94.18788311,94.18788311,94.18788311,94.18788311,94.18788311,94.18788311,94.18788311,94.18788311,94.18788311,94.18788311,94.18788311,94.18788311,94.18788311,94.18788311,94.18788311,94.18788311,94.18788311,94.18788311,94.18788311,94.18788311,94.18788311,94.18788311,94.18788311,94.18788311,94.18788311,94.18788311,94.18788311,94.18788311,94.18788311,94.18788311,94.18788311,94.18788311,94.18788311,94.18788311,94.18788311,94.18788311,94.18788311,94.18788311,94.18788311,94.18788311,94.18788311,94.18788311,94.18788311,94.18788311,94.18788311,94.18788311,94.18788311,94.18788311,94.18788311,94.18788311,94.18788311,94.18788311,94.18788311,94.18788311,94.18788311,94.18788311,94.18788311,94.18788311,94.18788311,94.18788311,94.18788311,94.18788311,94.18788311,94.18788311,94.18788311,94.18788311,94.18788311,94.18788311,94.18788311,94.18788311,94.18788311,94.18788311,94.18788311,94.18788311,94.18788311,94.18788311,94.18788311,94.18788311,94.18788311,94.18788311,94.18788311,94.18788311,94.18788311,94.18788311,94.18788311,94.18788311,94.18788311,94.18788311,94.18788311,94.18788311,94.18788311,94.18788311,94.18788311,94.18788311,94.18788311,94.18788311,94.18788311,94.18788311,94.18788311,94.18788311,94.18788311,94.18788311,94.18788311,94.18788311,94.18788311,94.18788311,94.18788311,94.18788311,94.18788311,94.18788311,94.18788311,94.18788311,94.18788311,94.18788311,94.18788311,94.18788311,94.18788311,94.18788311,94.18788311,94.18788311,94.18788311,94.18788311,94.18788311,94.18788311,94.18788311,94.18788311,94.18788311,94.18788311,94.18788311,94.18788311,94.18788311,94.18788311,94.18788311,94.18788311,94.18788311,94.18788311,94.18788311,94.18788311,94.18788311,94.18788311,94.18788311,94.18788311,94.18788311,94.18788311,94.18788311,94.18788311,94.18788311,94.18788311,94.18788311,94.18788311,94.18788311,94.18788311,94.18788311,94.18788311,94.18788311,94.18788311,94.18788311,94.18788311,94.18788311,94.18788311,94.18788311,94.18788311,94.18788311,94.18788311,94.18788311,94.18788311,94.18788311,94.18788311,94.18788311,94.18788311,94.18788311,94.18788311,94.18788311,94.18788311,94.18788311,94.18788311,94.18788311,94.18788311,94.18788311
F[B-]1(F)N2C=CC=CC2=[N+]2N1Cc1cccn1[B-]2(F)F,CCCCCC,,,,,,,,,,,,,,,,8007.590661,8852.394111,9882.9661,11166.49202,12709.9389,14335.01636,15861.25908,17092.18039,18002.13474,18660.68447,19185.93685,19746.05173,20597.66643,22100.3329,24291.23136,26812.36682,29390.10617,31190.18949,31833.35593,31209.14331,29586.39255,27362.43584,25013.65797,23311.81767,22582.33312,23035.25784,24733.06588,26733.6221,28248.2768,28418.16026,26915.34804,23675.56566,19125.96507,13975.74639,8947.077951,4846.050343,2186.386819,824.6379931,353.0193187,213.4332391,165.7148988,86.78636061,51.1095818,22.91511887,0,0,0,0,0,0,0,0,0,0,0,0,0,0,0,0,0,0,0,0,0,0,0,0,0,0,0,0,0,0,0,0,0,0,0,0,0,0,0,0,0,0,0,0,0,0,0,0,0,0,0,0,0,0,0,0,0,0,0,0,0,0,0,0,0,0,0,0,0,0,0,0,0,0,0,0,0,0,0,0,0,0,0,0,0,0,0,0,0,0,0,0,0,0,0,0,0,0,0,0,0,0,0,0,0,0,0,0,0,0,0,0,0,0,0,0,0,0,0,0,0,0,0,0,0,0,0,0,0,0,0,0,0,0,0,0,0,0,0,0,0,0,0,0,0,0,0,0,0,0,0,0,0,0,0,0,0,0,0,0,0,0,0,0,0,0,0,0,0,0,0,0,0,0,0,0,0,0,0,0,0,0,0,0,0,0,0,0,0,0,0,0,0,0,0,0,0,0,0,0,0,0,0,0,0,0,0,0,0,0,0,0,0,0,0,0,0,0,0,0,0,0,0,0,0,0,0,0,0,0,0,0,0,0,0,0,0,0,0,0,0,0,0,0,0,0,0,0,0,0,0,0,0,0,0,0,0,0,0,0,0,0,0,0,0,0,0,0,0,0,0,0,0,0,0,0,0
CC(C)(C)c1ccc(-c2cc(-c3ccc(-c4cc(-c5ccc(C(C)(C)C)cc5)c(C(=O)N5CCCC5)s4)s3)sc2C(=O)N2CCCC2)cc1,ClCCl,11233.42982,12077.08429,12958.25873,13887.76815,14889.66777,15981.78049,17116.66459,18272.82916,19448.76794,20631.40675,21805.55641,22959.48677,24092.70978,25179.65523,26229.29938,27226.37485,28119.34465,28909.83572,29568.64375,30084.92226,30456.11538,30703.36442,30823.10173,30855.65478,30800,30661.83591,30392.11105,30000.11432,29422.07869,28632.04418,27623.52477,26432.12311,25091.76756,23689.1937,22255.05381,20852.93291,19505.46331,18240.73123,17027.00447,15766.49448,14430.10456,12999.35414,11513.74407,9957.813056,8374.095094,6824.748334,5384.695161,4117.117483,3057.792224,2165.868572,1479.736874,965.609665,627.6404904,381.1665675,134.6926446,0,0,0,0,0,0,0,0,0,0,0,0,0,0,0,0,0,0,0,0,0,0,0,0,0,0,0,0,0,0,0,0,0,0,0,0,0,0,0,0,0,0,0,0,0,0,0,0,0,0,0,0,0,0,0,0,0,0,0,0,0,0,0,0,0,0,0,0,0,0,0,0,0,0,0,0,0,0,0,0,0,0,0,0,0,0,0,0,0,0,0,0,0,0,0,0,0,0,0,0,0,0,0,0,0,0,0,0,0,0,0,0,0,0,0,0,0,0,0,0,0,0,0,0,0,0,0,0,0,0,0,0,0,0,0,0,0,0,0,0,0,0,0,0,0,0,0,0,0,0,0,0,0,0,0,0,0,0,0,0,0,0,0,0,0,0,0,0,0,0,0,0,0,0,0,0,0,0,0,0,0,0,0,0,0,0,0,0,0,0,0,0,0,0,0,0,0,0,0,0,0,0,0,0,0,0,0,0,0,0,0,0,0,0,0,0,0,0,0,0,0,0,0,0,0,0,0,0,0,0,0,0,0,0,0,0,0,0,0,0,0,0,0,0,0,0,0,0,0,0,0,0,0,0,0,0,0,0,0,0,0,0,0,0,0,0,0,0,0,0,0,0,0,0,0,0,0,0,0,0,0
N#Cc1c2ccccc2c(-c2ccccc2)c2ccccc12,C1CCOC1,,,,,,,,,,,,,,,,6855.335711,7669.549168,8443.935714,9066.689664,9436.576591,9520.385676,9358.407611,9072.146736,8938.066559,9183.468324,9820.071942,10738.06475,11745.94886,12597.50445,13059.17303,13000,12443.11514,11550.69491,10563.30743,9746.192516,9324.088707,9373.972225,9795.965505,10350.31136,10795.44115,10877.62083,10423.9423,9437.426497,8014.859727,6373.288107,4771.431774,3400.720487,2337.937094,1571.490921,1076.114192,748.8430783,502.0644887,321.0859956,174.0469463,71.13459902,0,0,0,0,0,0,0,0,0,0,0,0,0,0,0,0,0,0,0,0,0,0,0,0,0,0,0,0,0,0,0,0,0,0,0,0,0,0,0,0,0,0,0,0,0,0,0,0,0,0,0,0,0,0,0,0,0,0,0,0,0,0,0,0,0,0,0,0,0,0,0,0,0,0,0,0,0,0,0,0,0,0,0,0,0,0,0,0,0,0,0,0,0,0,0,0,0,0,0,0,0,0,0,0,0,0,0,0,0,0,0,0,0,0,0,0,0,0,0,0,0,0,0,0,0,0,0,0,0,0,0,0,0,0,0,0,0,0,0,0,0,0,0,0,0,0,0,0,0,0,0,0,0,0,0,0,0,0,0,0,0,0,0,0,0,0,0,0,0,0,0,0,0,0,0,0,0,0,0,0,0,0,0,0,0,0,0,0,0,0,0,0,0,0,0,0,0,0,0,0,0,0,0,0,0,0,0,0,0,0,0,0,0,0,0,0,0,0,0,0,0,0,0,0,0,0,0,0,0,0,0,0,0,0,0,0,0,0,0,0,0,0,0,0,0,0,0,0,0,0,0,0,0,0,0,0,0,0,0,0,0,0,0,0,0,0,0,0,0,0,0,0,0,0,0,0,0,0,0,0,0
CCN(CC)c1ccc2cc(-c3nc4c5ccccc5c5ccccc5c4[nH]3)c(=O)oc2c1,CO,,,,,,,,,,,,,,,,,,,,,,,,,,,,,,,5114.91687,6079.051495,7117.038978,8224.445602,9425.152366,10713.29588,12069.70842,13468.52513,14922.41828,16388.51377,17823.65621,19219.38685,20564.69283,21857.03008,23083.53296,24239.75365,25327.78965,26363.59044,27384.69358,28366.37627,29304.3161,30218.66589,31100.78258,31930.09617,32693.52318,33347.07601,33861.34672,34226.68421,34431.43573,34462,34324.22705,34036.26507,33602.46573,33046.93654,32396.12018,31650.23619,30827.59418,29962.55885,29021.90666,27967.47762,26758.97739,25365.59572,23790.85082,22070.007,20235.69961,18323.53232,16370.4551,14399.88489,12404.02779,10425.27871,8535.043504,6769.722881,5203.170965,3886.936819,2570.702673,1254.468526,0,0,0,0,0,0,0,0,0,0,0,0,0,0,0,0,0,0,0,0,0,0,0,0,0,0,0,0,0,0,0,0,0,0,0,0,0,0,0,0,0,0,0,0,0,0,0,0,0,0,0,0,0,0,0,0,0,0,0,0,0,0,0,0,0,0,0,0,0,0,0,0,0,0,0,0,0,0,0,0,0,0,0,0,0,0,0,0,0,0,0,0,0,0,0,0,0,0,0,0,0,0,0,0,0,0,0,0,0,0,0,0,0,0,0,0,0,0,0,0,0,0,0,0,0,0,0,0,0,0,0,0,0,0,0,0,0,0,0,0,0,0,0,0,0,0,0,0,0,0,0,0,0,0,0,0,0,0,0,0,0,0,0,0,0,0,0,0,0,0,0,0,0,0,0,0,0,0,0,0,0,0,0,0,0,0,0,0,0,0,0,0,0,0,0,0,0,0,0,0,0,0,0,0,0,0,0,0,0,0,0,0,0,0,0,0,0,0,0,0,0,0,0,0,0,0,0,0,0,0,0,0,0,0,0,0,0,0,0,0,0,0,0,0,0,0,0,0,0,0
COc1ccc(C=Cc2nc(-c3ccc(C)cc3)[nH]c2C=Cc2ccc(OC)cc2)cc1,ClCCl,41402.63073,42210.71831,43064.14725,43992.28091,44948.02777,45990.74328,47222.19671,48604.92648,50078.82428,51640.09215,53193.57387,54704.86995,56032.97149,57229.83567,58262.2213,59221.53501,60117.73442,60920.60561,61641.65602,62273.5283,62724.72672,63018.08773,63102.49816,63095.73445,62963.36067,62578.96054,61903.28428,60910.6923,59617.02488,58020.47009,56147.10171,54075.54593,51854.28195,49545.64746,47170.02561,44734.63424,42342.48171,39872.43798,37457.76131,35073.27415,32642.01251,30159.05898,27354.5159,24263.93976,20944.02761,17483.26986,14099.10498,10922.08441,8160.194432,5899.360452,4173.934501,2965.28359,2016.800907,1400.382395,950.3102046,593.2360552,371.6529382,241.9063535,114.5969922,29.93802292,0,23.2410296,57.61589824,80.75968314,63.90898685,47.05829056,30.20759426,13.35689797,0,0,0,0,0,0,0,0,0,0,0,0,0,0,0,0,0,0,0,0,0,0,0,0,0,0,0,0,0,0,0,0,0,0,0,0,0,0,0,0,0,0,0,0,0,0,0,0,0,0,0,0,0,0,0,0,0,0,0,0,0,0,0,0,0,0,0,0,0,0,0,0,0,0,0,0,0,0,0,0,0,0,0,0,0,0,0,0,0,0,0,0,0,0,0,0,0,0,0,0,0,0,0,0,0,0,0,0,0,0,0,0,0,0,0,0,0,0,0,0,0,0,0,0,0,0,0,0,0,0,0,0,0,0,0,0,0,0,0,0,0,0,0,0,0,0,0,0,0,0,0,0,0,0,0,0,0,0,0,0,0,0,0,0,0,0,0,0,0,0,0,0,0,0,0,0,0,0,0,0,0,0,0,0,0,0,0,0,0,0,0,0,0,0,0,0,0,0,0,0,0,0,0,0,0,0,0,0,0,0,0,0,0,0,0,0,0,0,0,0,0,0,0,0,0,0,0,0,0,0,0,0,0,0,0,0,0,0,0,0,0,0,0,0,0,0,0,0,0,0,0,0,0,0,0,0,0,0,0,0,0,0,0,0,0,0,0,0
CSC1=C(SC)SC(=Cc2ccc(-c3cc(-c4ccc(C=C5SC(SC)=C(SC)S5)cc4)c4ccc5c(-c6ccc(C=C7SC(SC)=C(SC)S7)cc6)cc(-c6ccc(C=C7SC(SC)=C(SC)S7)cc6)c6ccc3c4c65)cc2)S1,C1CCOC1,,,,,,,,,,,,53597.04818,54255.87776,54995.39738,55823.90798,56739.0412,57767.70223,58911.84181,60171.45381,61533.52932,62930.39881,64332.48339,65824.40557,67360.38705,68821.26835,70103.70937,71225.75177,72036.09956,72453.3758,72443.59601,71998.96867,71190.77166,70207.15668,69039.48115,67745.49891,66479.54283,65404.01606,64433.52965,63587.62839,62869.52032,62266.97224,61763.67417,61326.14976,60855.00995,60343.82984,59806.9533,59173.88072,58414.86903,57499.67356,56406.25643,55177.16408,53792.17831,52232.533,50464.07441,48507.11255,46386.75783,44084.47541,41604.16399,38912.66356,36051.21179,33139.75465,30183.52494,27226.13839,24299.36709,21488.2136,18848.97379,16385.45666,14101.86841,11976.19942,10066.17313,8393.221795,6943.396362,5706.915986,4627.353136,3738.86154,3020.944654,2415.406971,1929.761863,1540.528035,1252.394486,1024.801791,853.547575,718.5421554,580.7106743,468.5536828,379.1360189,305.8669156,249.0707201,205.0306298,167.0957354,134.8245702,105.8127031,74.73172512,40.49590707,14.10814939,0,0.279398546,5.274386146,8.632233323,8.632233323,8.632233323,8.632233323,8.632233323,8.632233323,8.632233323,8.632233323,8.632233323,8.632233323,8.632233323,8.632233323,8.632233323,8.632233323,8.632233323,8.632233323,8.632233323,8.632233323,8.632233323,8.632233323,8.632233323,8.632233323,8.632233323,8.632233323,8.632233323,8.632233323,8.632233323,8.632233323,8.632233323,8.632233323,8.632233323,8.632233323,8.632233323,8.632233323,8.632233323,8.632233323,8.632233323,8.632233323,8.632233323,8.632233323,8.632233323,8.632233323,8.632233323,8.632233323,8.632233323,8.632233323,8.632233323,8.632233323,8.632233323,8.632233323,8.632233323,8.632233323,8.632233323,8.632233323,8.632233323,8.632233323,8.632233323,8.632233323,8.632233323,8.632233323,8.632233323,8.632233323,8.632233323,8.632233323,8.632233323,8.632233323,8.632233323,8.632233323,8.632233323,8.632233323,8.632233323,8.632233323,8.632233323,8.632233323,8.632233323,8.632233323,8.632233323,8.632233323,8.632233323,8.632233323,8.632233323,8.632233323,8.632233323,8.632233323,8.632233323,8.632233323,8.632233323,8.632233323,8.632233323,8.632233323,8.632233323,8.632233323,8.632233323,8.632233323,8.632233323,8.632233323,8.632233323,8.632233323,8.632233323,8.632233323,8.632233323,8.632233323,8.632233323,8.632233323,8.632233323,8.632233323,8.632233323,8.632233323,8.632233323,8.632233323,8.632233323,8.632233323,8.632233323,8.632233323,8.632233323,8.632233323,8.632233323,8.632233323,8.632233323,8.632233323,8.632233323,8.632233323,8.632233323,8.632233323,8.632233323,8.632233323,8.632233323,8.632233323,8.632233323,8.632233323,8.632233323,8.632233323,8.632233323,8.632233323,8.632233323,8.632233323,8.632233323,8.632233323,8.632233323,8.632233323,8.632233323,8.632233323,8.632233323,8.632233323,8.632233323,8.632233323,8.632233323,8.632233323,8.632233323,8.632233323,8.632233323,8.632233323,8.632233323,8.632233323,8.632233323,8.632233323,8.632233323,8.632233323,8.632233323,8.632233323,8.632233323,8.632233323,8.632233323,8.632233323,8.632233323,8.632233323,8.632233323,8.632233323,8.632233323,8.632233323,8.632233323,8.632233323,8.632233323,8.632233323,8.632233323,8.632233323,8.632233323,8.632233323,8.632233323,8.632233323,8.632233323,8.632233323,8.632233323,8.632233323,8.632233323,8.632233323,8.632233323,8.632233323,8.632233323,8.632233323,8.632233323,8.632233323,8.632233323,8.632233323,8.632233323,8.632233323,8.632233323,8.632233323,8.632233323,8.632233323,8.632233323,8.632233323,8.632233323,8.632233323,8.632233323,8.632233323,8.632233323,8.632233323,8.632233323,8.632233323,8.632233323,8.632233323,8.632233323,8.632233323,8.632233323,8.632233323,8.632233323,8.632233323,8.632233323,8.632233323,8.632233323,8.632233323,8.632233323,8.632233323,8.632233323,8.632233323,8.632233323,8.632233323,8.632233323,8.632233323,8.632233323,8.632233323,8.632233323,8.632233323,8.632233323,8.632233323,8.632233323,8.632233323
CCCCCCCCCCCCN1C(=O)c2c(c3ccc4cc(-c5ccc(C=O)cc5)c(OC)cc4c3c3c2ccc2cc(-c4ccc(C=O)cc4)c(OC)cc23)C1=O,ClCCl,89583.34741,91004.44084,92112.8045,91337.3045,88381.4457,83591.94485,77512.24453,70722.84053,63815.51959,57371.32147,51762.79521,46891.24724,42379.26376,37949.95898,33658.36788,29586.23204,25607.2892,21740.50779,18194.85784,15181.00946,12811.52298,11024.37384,9717.645666,8919.050362,8580.382002,8495.629459,8535.318807,8683.67211,8954.510502,9303.77073,9685.5462,10111.20432,10576.43223,11064.77518,11586.16943,12119.23916,12632.01019,13123.11277,13588.9665,14024.17202,14420.80663,14801.08918,15170.15692,15487.5665,15756.09228,15973.50636,16128.47473,16218.25608,16238.1591,16218.10097,16146.84427,16009.18803,15809.15503,15540.52477,15208.5178,14807.0691,14347.5091,13847.77001,13320.90246,12775.58207,12204.52704,11598.66245,10959.17748,10302.51788,9644.244016,8988.769273,8354.276483,7767.995366,7226.487694,6736.74805,6311.364241,5926.376742,5570.578997,5254.868064,4961.519617,4663.553834,4350.143671,4003.347937,3614.758125,3226.168314,2837.578502,2448.988691,2060.398879,1671.809067,1283.219256,894.6294443,506.0396327,117.4498212,0,0,0,0,0,0,0,0,0,0,0,0,0,0,0,0,0,0,0,0,0,0,0,0,0,0,0,0,0,0,0,0,0,0,0,0,0,0,0,0,0,0,0,0,0,0,0,0,0,0,0,0,0,0,0,0,0,0,0,0,0,0,0,0,0,0,0,0,0,0,0,0,0,0,0,0,0,0,0,0,0,0,0,0,0,0,0,0,0,0,0,0,0,0,0,0,0,0,0,0,0,0,0,0,0,0,0,0,0,0,0,0,0,0,0,0,0,0,0,0,0,0,0,0,0,0,0,0,0,0,0,0,0,0,0,0,0,0,0,0,0,0,0,0,0,0,0,0,0,0,0,0,0,0,0,0,0,0,0,0,0,0,0,0,0,0,0,0,0,0,0,0,0,0,0,0,0,0,0,0,0,0,0,0,0,0,0,0,0,0,0,0,0,0,0,0,0,0,0,0,0,0,0,0,0,0,0,0,0,0,0,0,0,0,0,0,0,0,0,0,0,0,0,0,0,0,0,0,0,0,0,0,0,0,0,0,0,0,0,0,0,0,0,0,0,0,0,0
O=C1c2ccccc2C(=O)c2c1ccc1nc(-c3ccc(-c4ccc5[nH]c6ccccc6c5c4)cc3)[nH]c21,ClCCl,,,,,,,,,,,,,,,,12826.38276,10892.44415,9450.623562,8447.040254,7896.612369,7655.06458,7619.43565,7762.917478,7991.632181,8263.850904,8551.596719,8847.724514,9135.83873,9408.774784,9686.145086,9962.907744,10229.86119,10483.12131,10732.60922,10981.52751,11214.75715,11438.53744,11651.11811,11839.29727,11998.62009,12124.1579,12217.45293,12279.75297,12309.31128,12302.68771,12253.36275,12163.42075,12043.55225,11890.51922,11696.85059,11472.10158,11227.11125,10956.42915,10660.76188,10332.80988,9962.59775,9551.627993,9113.273099,8664.64455,8199.459676,7727.951387,7251.564683,6759.958372,6262.127394,5751.60202,5235.05068,4751.704016,4306.275158,3888.973859,3496.866365,3128.138073,2777.823761,2438.033086,2116.163553,1804.962868,1516.334939,1270.600275,1053.269143,860.9282986,692.7801266,545.8071791,419.3088839,311.1979752,221.1674699,138.2098236,64.35389613,0,0,0,0,0,0,0,0,0,0,0,0,0,0,0,0,0,0,0,0,0,0,0,0,0,0,0,0,0,0,0,0,0,0,0,0,0,0,0,0,0,0,0,0,0,0,0,0,0,0,0,0,0,0,0,0,0,0,0,0,0,0,0,0,0,0,0,0,0,0,0,0,0,0,0,0,0,0,0,0,0,0,0,0,0,0,0,0,0,0,0,0,0,0,0,0,0,0,0,0,0,0,0,0,0,0,0,0,0,0,0,0,0,0,0,0,0,0,0,0,0,0,0,0,0,0,0,0,0,0,0,0,0,0,0,0,0,0,0,0,0,0,0,0,0,0,0,0,0,0,0,0,0,0,0,0,0,0,0,0,0,0,0,0,0,0,0,0,0,0,0,0,0,0,0,0,0,0,0,0,0,0,0,0,0,0,0,0,0,0,0,0,0,0,0,0,0,0,0,0,0,0,0,0,0,0,0,0,0,0,0,0,0,0,0,0,0,0,0,0,0,0,0,0,0,0,0,0,0,0,0,0,0,0,0,0,0,0,0,0,0,0,0,0,0,0,0,0,0,0
O=[N+]([O-])c1ccc(N/N=C/CCl)c([N+](=O)[O-])c1,CO,16154.43541,17115.21096,17941.92481,18746.29504,19505.97803,20109.2557,20712.53337,21114.71848,21449.87275,21628.62169,21673.30892,21561.59083,21360.49828,21047.68763,20600.81528,20086.91208,19461.29079,18746.29504,18008.95566,17249.27267,16467.24606,15685.21945,14947.88007,14054.13537,13316.796,12579.45662,11752.74278,11104.77787,10501.5002,9808.848058,9272.601239,8937.446977,8334.169306,7931.984192,7596.829931,7194.644817,6837.146938,6524.336294,6144.494797,5854.02777,5563.560743,5407.155421,5027.313925,4781.534133,4535.754341,4334.661784,4021.85114,3798.414965,3574.978791,3306.855382,3083.419207,2882.32665,2681.234093,2435.454301,2256.705362,2055.612805,1854.520248,1675.771308,1519.365986,1340.617047,1228.898959,1117.180872,1005.462785,871.4010803,782.0266105,670.3085233,580.9340535,536.2468186,446.8723489,379.8414965,335.1542617,290.4670268,223.4361744,201.092557,178.7489395,134.0617047,134.0617047,44.68723489,44.68723489,0,22.34361744,22.34361744,0,0,0,22.34361744,0,0,0,0,0,0,0,0,0,0,0,0,0,0,0,0,0,0,0,0,0,0,0,0,0,0,0,0,0,0,0,0,0,0,0,0,0,0,0,0,0,0,0,0,0,0,0,0,0,0,0,0,0,0,0,0,0,0,0,0,0,0,0,0,0,0,0,0,0,0,0,0,0,0,0,0,0,0,0,0,0,0,0,0,0,0,0,0,0,0,0,0,0,0,0,0,0,0,0,0,0,0,0,0,0,0,0,0,0,0,0,0,0,0,0,0,0,0,0,0,0,0,0,0,0,0,0,0,0,0,0,0,0,0,0,0,0,0,0,0,0,0,0,0,0,0,0,0,0,0,0,0,0,0,0,0,0,0,0,0,0,0,0,0,0,0,0,0,0,0,0,0,0,0,0,0,0,0,0,0,0,0,0,0,0,0,0,0,0,0,0,0,0,0,0,0,0,0,0,0,0,0,0,0,0,0,0,0,0,0,0,0,0,0,0,0,0,0,0,0,0,0,0,0,0,0,0,0,0,0,0,0,0,0,0,0,0,0,0,0,0,0,0,0,0,0,0,0,0,0
CC(C)(C)c1ccc2c(c1)sc1[n+]2[B-](F)(F)n2c(c3cccc4cccc2c43)=N1,CC#N,,,,,,,,,,,,,,,,,7902.618135,8234.363436,8618.503671,8986.389223,9276.018957,9395.112979,9339.957805,9202.824938,9145.046184,9313.567521,9784.828336,10560.70215,11602.90116,12840.60423,14220.26254,15666.51159,17081.3441,18411.58756,19640.64618,20771.08807,21863.73161,23002.07022,24275.89023,25787.9315,27600.24675,29685.42933,31894.93702,34011.94671,35838.68997,37206.56984,38024.57565,38348.57079,38355.24234,38294.95803,38398.02747,38848.33902,39768.47954,41203.20577,43107.91253,45183.76596,47027.19124,48291.70017,48632.67664,47839.36259,45907.34573,43090.91734,39862.9714,36758.81278,34192.20746,32310.12576,31126.30412,30576.96994,30537.01566,30870.05323,31442.75357,32019.95242,32223.95878,31700,30175.11369,27543.75771,23920.42658,19637.65689,15179.68592,11032.77337,7598.454383,5018.193606,3203.623273,2012.689806,1270.251579,814.0849403,521.2666934,321.3532736,179.5387642,84.46565937,28.79588167,6.53197837,0,2.899230937,12.71350921,17.60602696,17.71507579,17.71507579,17.71507579,17.71507579,17.71507579,17.71507579,17.71507579,17.71507579,17.71507579,17.71507579,17.71507579,17.71507579,17.71507579,17.71507579,17.71507579,17.71507579,17.71507579,17.71507579,17.71507579,17.71507579,17.71507579,17.71507579,17.71507579,17.71507579,17.71507579,17.71507579,17.71507579,17.71507579,17.71507579,17.71507579,17.71507579,17.71507579,17.71507579,17.71507579,17.71507579,17.71507579,17.71507579,17.71507579,17.71507579,17.71507579,17.71507579,17.71507579,17.71507579,17.71507579,17.71507579,17.71507579,17.71507579,17.71507579,17.71507579,17.71507579,17.71507579,17.71507579,17.71507579,17.71507579,17.71507579,17.71507579,17.71507579,17.71507579,17.71507579,17.71507579,17.71507579,17.71507579,17.71507579,17.71507579,17.71507579,17.71507579,17.71507579,17.71507579,17.71507579,17.71507579,17.71507579,17.71507579,17.71507579,17.71507579,17.71507579,17.71507579,17.71507579,17.71507579,17.71507579,17.71507579,17.71507579,17.71507579,17.71507579,17.71507579,17.71507579,17.71507579,17.71507579,17.71507579,17.71507579,17.71507579,17.71507579,17.71507579,17.71507579,17.71507579,17.71507579,17.71507579,17.71507579,17.71507579,17.71507579,17.71507579,17.71507579,17.71507579,17.71507579,17.71507579,17.71507579,17.71507579,17.71507579,17.71507579,17.71507579,17.71507579,17.71507579,17.71507579,17.71507579,17.71507579,17.71507579,17.71507579,17.71507579,17.71507579,17.71507579,17.71507579,17.71507579,17.71507579,17.71507579,17.71507579,17.71507579,17.71507579,17.71507579,17.71507579,17.71507579,17.71507579,17.71507579,17.71507579,17.71507579,17.71507579,17.71507579,17.71507579,17.71507579,17.71507579,17.71507579,17.71507579,17.71507579,17.71507579,17.71507579,17.71507579,17.71507579,17.71507579,17.71507579,17.71507579,17.71507579,17.71507579,17.71507579,17.71507579,17.71507579,17.71507579,17.71507579,17.71507579,17.71507579,17.71507579,17.71507579,17.71507579,17.71507579,17.71507579,17.71507579,17.71507579,17.71507579,17.71507579,17.71507579,17.71507579,17.71507579,17.71507579,17.71507579,17.71507579,17.71507579,17.71507579,17.71507579,17.71507579,17.71507579,17.71507579,17.71507579,17.71507579,17.71507579,17.71507579,17.71507579,17.71507579,17.71507579,17.71507579,17.71507579,17.71507579,17.71507579,17.71507579,17.71507579,17.71507579,17.71507579,17.71507579,17.71507579,17.71507579,17.71507579,17.71507579,17.71507579,17.71507579,17.71507579,17.71507579,17.71507579,17.71507579,17.71507579,17.71507579,17.71507579,17.71507579,17.71507579,17.71507579,17.71507579,17.71507579,17.71507579,17.71507579,17.71507579,17.71507579,17.71507579,17.71507579,17.71507579,17.71507579,17.71507579,17.71507579,17.71507579,17.71507579,17.71507579,17.71507579,17.71507579,17.71507579,17.71507579,17.71507579,17.71507579,17.71507579,17.71507579,17.71507579,17.71507579,17.71507579,17.71507579,17.71507579,17.71507579,17.71507579
COc1ccc(C2=Cc3ccccc3P2(=O)c2ccccc2)cc1,C1CCOC1,6353.067558,6878.781614,7419.941057,7979.651109,8552.601376,9133.745915,9710.564078,10267.04038,10785.40222,11244.61761,11634.64269,11956.84764,12209.62627,12399.93289,12530.16805,12598.96146,12600,12521.73407,12354.63483,12088.89767,11725.97754,11271.58764,10741.8251,10165.70254,9562.464631,8946.46771,8325.179541,7694.05005,7049.269002,6374.359854,5665.419554,4926.684571,4176.36997,3440.578539,2744.814972,2116.606193,1573.872363,1129.997453,775.7231217,498.7075236,295.5435915,157.7456216,72.61271202,25.63221781,4.401723785,0,4.450426567,14.22658624,17.00768299,17.00768299,17.00768299,17.00768299,17.00768299,17.00768299,17.00768299,17.00768299,17.00768299,17.00768299,17.00768299,17.00768299,17.00768299,17.00768299,17.00768299,17.00768299,17.00768299,17.00768299,17.00768299,17.00768299,17.00768299,17.00768299,17.00768299,17.00768299,17.00768299,17.00768299,17.00768299,17.00768299,17.00768299,17.00768299,17.00768299,17.00768299,17.00768299,17.00768299,17.00768299,17.00768299,17.00768299,17.00768299,17.00768299,17.00768299,17.00768299,17.00768299,17.00768299,17.00768299,17.00768299,17.00768299,17.00768299,17.00768299,17.00768299,17.00768299,17.00768299,17.00768299,17.00768299,17.00768299,17.00768299,17.00768299,17.00768299,17.00768299,17.00768299,17.00768299,17.00768299,17.00768299,17.00768299,17.00768299,17.00768299,17.00768299,17.00768299,17.00768299,17.00768299,17.00768299,17.00768299,17.00768299,17.00768299,17.00768299,17.00768299,17.00768299,17.00768299,17.00768299,17.00768299,17.00768299,17.00768299,17.00768299,17.00768299,17.00768299,17.00768299,17.00768299,17.00768299,17.00768299,17.00768299,17.00768299,17.00768299,17.00768299,17.00768299,17.00768299,17.00768299,17.00768299,17.00768299,17.00768299,17.00768299,17.00768299,17.00768299,17.00768299,17.00768299,17.00768299,17.00768299,17.00768299,17.00768299,17.00768299,17.00768299,17.00768299,17.00768299,17.00768299,17.00768299,17.00768299,17.00768299,17.00768299,17.00768299,17.00768299,17.00768299,17.00768299,17.00768299,17.00768299,17.00768299,17.00768299,17.00768299,17.00768299,17.00768299,17.00768299,17.00768299,17.00768299,17.00768299,17.00768299,17.00768299,17.00768299,17.00768299,17.00768299,17.00768299,17.00768299,17.00768299,17.00768299,17.00768299,17.00768299,17.00768299,17.00768299,17.00768299,17.00768299,17.00768299,17.00768299,17.00768299,17.00768299,17.00768299,17.00768299,17.00768299,17.00768299,17.00768299,17.00768299,17.00768299,17.00768299,17.00768299,17.00768299,17.00768299,17.00768299,17.00768299,17.00768299,17.00768299,17.00768299,17.00768299,17.00768299,17.00768299,17.00768299,17.00768299,17.00768299,17.00768299,17.00768299,17.00768299,17.00768299,17.00768299,17.00768299,17.00768299,17.00768299,17.00768299,17.00768299,17.00768299,17.00768299,17.00768299,17.00768299,17.00768299,17.00768299,17.00768299,17.00768299,17.00768299,17.00768299,17.00768299,17.00768299,17.00768299,17.00768299,17.00768299,17.00768299,17.00768299,17.00768299,17.00768299,17.00768299,17.00768299,17.00768299,17.00768299,17.00768299,17.00768299,17.00768299,17.00768299,17.00768299,17.00768299,17.00768299,17.00768299,17.00768299,17.00768299,17.00768299,17.00768299,17.00768299,17.00768299,17.00768299,17.00768299,17.00768299,17.00768299,17.00768299,17.00768299,17.00768299,17.00768299,17.00768299,17.00768299,17.00768299,17.00768299,17.00768299,17.00768299,17.00768299,17.00768299,17.00768299,17.00768299,17.00768299,17.00768299,17.00768299,17.00768299,17.00768299,17.00768299,17.00768299,17.00768299,17.00768299,17.00768299,17.00768299,17.00768299,17.00768299,17.00768299,17.00768299,17.00768299,17.00768299,17.00768299,17.00768299,17.00768299,17.00768299,17.00768299,17.00768299,17.00768299,17.00768299,17.00768299,17.00768299,17.00768299,17.00768299,17.00768299,17.00768299,17.00768299,17.00768299,17.00768299,17.00768299,17.00768299,17.00768299,17.00768299,17.00768299,17.00768299,17.00768299,17.00768299,17.00768299,17.00768299,17.00768299,17.00768299,17.00768299,17.00768299,17.00768299,17.00768299,17.00768299
CCOC(=O)C1C2C3=[N+](c4ccc(Br)cc4C12C)[B-](F)(F)n1ccc2cccc3c21,ClCCl,,,,,,,,,,,,,,,,,6663.214258,6697.227488,6799.770811,6962.083226,7168.947533,7411.420354,7694.65599,8013.010881,8366.367084,8756.642931,9173.492531,9617.613304,10091.93342,10596.43753,11116.66422,11657.80998,12241.58639,12857.09402,13494.06304,14139.22185,14765.70291,15363.66843,15932.68504,16479.04294,17016.76074,17575.17179,18172.05313,18787.66263,19394.49024,19938.49498,20351.38876,20595.00373,20651.72773,20529,20275.77822,19960.31255,19644.6799,19372.3657,19166.67782,18996.56292,18786.69319,18471.11662,17960.7403,17189.66125,16143.56116,14847.90172,13364.92014,11777.68889,10185.6262,8655.823374,7242.347139,5990.089725,4898.889534,3970.283873,3201.758619,2577.865635,2077.092141,1675.320094,1358.662941,1102.929367,894.4291825,724.6262562,584.8146043,474.4287834,396.2279826,342.402916,298.8758632,263.2703596,236.8103752,211.5579974,184.6415795,158.3445031,133.4095408,110.9082916,91.48762866,71.76533118,52.76410152,37.66110533,24.5279596,12.49481862,4.355201093,0,0,0,0,0,0,0,0,0,0,0,0,0,0,0,0,0,0,0,0,0,0,0,0,0,0,0,0,0,0,0,0,0,0,0,0,0,0,0,0,0,0,0,0,0,0,0,0,0,0,0,0,0,0,0,0,0,0,0,0,0,0,0,0,0,0,0,0,0,0,0,0,0,0,0,0,0,0,0,0,0,0,0,0,0,0,0,0,0,0,0,0,0,0,0,0,0,0,0,0,0,0,0,0,0,0,0,0,0,0,0,0,0,0,0,0,0,0,0,0,0,0,0,0,0,0,0,0,0,0,0,0,0,0,0,0,0,0,0,0,0,0,0,0,0,0,0,0,0,0,0,0,0,0,0,0,0,0,0,0,0,0,0,0,0,0,0,0,0,0,0,0,0,0,0,0,0,0,0,0,0,0,0,0,0,0,0,0,0,0,0,0,0,0,0,0,0,0,0,0,0,0,0,0,0,0,0,0,0,0,0,0,0,0,0,0,0,0,0,0,0,0,0,0,0,0,0,0,0,0,0,0,0,0,0,0,0,0,0
CCN(CC(=O)OCCCCOC(=O)CN(CC)c1ccc(N=Nc2ccc([N+](=O)[O-])cc2)cc1)c1ccc(N=Nc2ccc([N+](=O)[O-])cc2)cc1,CN(C)C=O,,,,,,,,,,,,,,,,,,,,,,,,,,,,,,,,,,,,,,,,,18781.4016,19877.66304,21001.76438,22140.27352,23304.38272,24489.20818,25684.96078,26879.80381,28054.4274,29207.14881,30359.59985,31485.09346,32575.47766,33633.68854,34662.25088,35673.77736,36634.64329,37567.83618,38453.90026,39307.88126,40134.17145,40908.5257,41614.78923,42265.08525,42865.77723,43408.79851,43875.91143,44290.99991,44641.68139,44941.33435,45201.88645,45403.42212,45551.21976,45650.83635,45708.81896,45697.07979,45611.49563,45453.79164,45226.04799,44943.49255,44605.21438,44198.04381,43716.9191,43146.93473,42510.7555,41788.14174,40997.44101,40129.94443,39193.57311,38211.1628,37188.83026,36111.46876,34971.78837,33794.11885,32574.2576,31298.12283,29986.7608,28642.22823,27290.10495,25932.48664,24599.2481,23249.90905,21936.66914,20675.53556,19427.64817,18200.70846,17003.27514,15841.90051,14725.98809,13631.1718,12582.62046,11556.43712,10600.77049,9700.448442,8855.717265,8083.245816,7365.618258,6692.275233,6073.009963,5489.232579,4951.610434,4452.267357,3997.027929,3585.078705,3215.973254,2895.531875,2601.144037,2327.674232,2091.214094,1877.641059,1686.936824,1515.820534,1360.957925,1225.917448,1097.743294,979.2937558,864.5767481,758.5583464,665.1679134,584.8652588,518.9149669,459.8167633,401.6512374,356.2761548,312.1079662,274.2179597,237.1259845,207.3103727,179.5436765,150.2315437,121.10265,84.48268634,49.05131422,26.22650426,8.487431681,3.651935344,6.647014675,20.23399089,35.78789605,40.75300827,39.04466888,30.47460841,25.67368344,22.26867116,19.6995796,11.12416753,4.357169869,0,0,0,0,0,0,0,0,0,0,0,0,0,0,0,0,0,0,0,0,0,0,0,0,0,0,0,0,0,0,0,0,0,0,0,0,0,0,0,0,0,0,0,0,0,0,0,0,0,0,0,0,0,0,0,0,0,0,0,0,0,0,0,0,0,0,0,0,0,0,0,0,0,0,0,0,0,0,0,0,0,0,0,0,0,0,0,0,0,0,0,0,0,0,0,0,0,0,0,0,0,0,0,0,0,0,0,0,0,0,0,0,0,0,0,0,0,0,0,0,0,0,0,0,0,0,0,0,0,0,0,0,0,0,0,0,0,0,0,0,0,0,0,0,0,0,0,0,0,0,0,0,0,0,0,0,0,0,0,0,0,0,0,0,0,0,0,0,0
F[B-]1(F)n2c(CCCBr)ccc2C(c2c(Cl)cccc2Cl)=C2C=CC(CCCBr)=[N+]21,ClCCl,,,,,,,,,,,,,,,,,,,,,,,,,,,,,,,,,,,,,,,,,,,,1171.962824,1175.129052,1178.382534,1182.364252,1186.727485,1189.562536,1185.390237,1178.436229,1173.345819,1170.24512,1176.866009,1200.182099,1247.8283,1330.100944,1450.68113,1615.891246,1822.848021,2067.823728,2352.423736,2666.01029,2996.550275,3322.727909,3630.432231,3912.600783,4182.367245,4455.77259,4761.321701,5138.266724,5638.041993,6317.090121,7222.1558,8376.28594,9752.850739,11300.94221,12926.16894,14542.18506,15984.27802,17138.09854,17899.15525,18306.24585,18438.19415,18474.11633,18567.3406,18896.13956,19946.24448,21863.46538,25031.30988,29677.88682,36010.22309,43945.48419,52700.61373,61198.23494,67960.64195,71743.57593,71800,67819.56659,60399.08299,50633.15862,40074.81835,30091.01244,21500.47677,14768.34692,9826.325559,6448.081272,4216.180495,2849.053266,1948.045962,1356.392505,934.6110746,637.2354096,416.5514844,247.2515547,122.2950644,42.30444947,0,0,0,0,0,0,0,0,0,0,0,0,0,0,0,0,0,0,0,0,0,0,0,0,0,0,0,0,0,0,0,0,0,0,0,0,0,0,0,0,0,0,0,0,0,0,0,0,0,0,0,0,0,0,0,0,0,0,0,0,0,0,0,0,0,0,0,0,0,0,0,0,0,0,0,0,0,0,0,0,0,0,0,0,0,0,0,0,0,0,0,0,0,0,0,0,0,0,0,0,0,0,0,0,0,0,0,0,0,0,0,0,0,0,0,0,0,0,0,0,0,0,0,0,0,0,0,0,0,0,0,0,0,0,0,0,0,0,0,0,0,0,0,0,0,0,0,0,0,0,0,0,0,0,0,0,0,0,0,0,0,0,0,0,0,0,0,0,0,0,0,0,0,0,0,0,0,0,0,0,0,0,0,0,0,0,0,0,0,0,0,0,0,0,0,0,0,0,0,0,0,0,0,0,0,0,0,0,0,0,0,0,0,0,0,0,0,0,0
Cc1ccc(S2(=O)=NC(c3ccccc3)=CC(c3ccco3)=N2)cc1,C1COCCO1,6039.311364,6192.224167,6400.769383,6707.77197,7137.055032,7675.383022,8314.166161,9126.87449,10053.19011,11038.24558,12067.38798,13089.36716,14085.50044,15093.55207,16041.00509,16867.05494,17595.43345,18274.07942,18819.87369,19235.07458,19514.45769,19624.53793,19627.87642,19498.446,19133.29016,18564.4064,17771.39928,16740.38375,15483.36324,14055.04555,12504.09289,10875.04378,9295.350217,7778.399548,6425.11316,5302.117932,4369.264552,3618.699057,3009.233428,2511.055756,2096.075984,1714.319522,1332.563059,950.8065969,569.0501345,187.293672,0,0,0,0,0,0,0,0,0,0,0,0,0,0,0,0,0,0,0,0,0,0,0,0,0,0,0,0,0,0,0,0,0,0,0,0,0,0,0,0,0,0,0,0,0,0,0,0,0,0,0,0,0,0,0,0,0,0,0,0,0,0,0,0,0,0,0,0,0,0,0,0,0,0,0,0,0,0,0,0,0,0,0,0,0,0,0,0,0,0,0,0,0,0,0,0,0,0,0,0,0,0,0,0,0,0,0,0,0,0,0,0,0,0,0,0,0,0,0,0,0,0,0,0,0,0,0,0,0,0,0,0,0,0,0,0,0,0,0,0,0,0,0,0,0,0,0,0,0,0,0,0,0,0,0,0,0,0,0,0,0,0,0,0,0,0,0,0,0,0,0,0,0,0,0,0,0,0,0,0,0,0,0,0,0,0,0,0,0,0,0,0,0,0,0,0,0,0,0,0,0,0,0,0,0,0,0,0,0,0,0,0,0,0,0,0,0,0,0,0,0,0,0,0,0,0,0,0,0,0,0,0,0,0,0,0,0,0,0,0,0,0,0,0,0,0,0,0,0,0,0,0,0,0,0,0,0,0,0,0,0,0,0,0,0,0,0,0,0,0,0,0,0,0,0,0,0,0,0,0,0,0,0,0,0,0,0,0,0,0
CCN(CC)c1ccc2c(c1)O[B-]1(c3ccccc3)OC(=O)C(c3ccc(C#N)cc3)=N[N+]1=C2,Cc1ccccc1,,,,,,,,4132.301958,3815.236936,3461.604029,3079.654344,2705.774888,2355.464795,2043.775199,1785.257573,1584.075022,1445.11648,1361.581632,1324.62276,1331.108491,1363.586492,1420.198052,1494.134753,1582.905677,1684.730111,1796.378429,1920.253135,2057.49767,2213.112101,2391.29484,2590.964087,2817.615806,3071.022089,3359.002106,3678.477011,4038.882885,4448.393274,4906.420685,5421.087583,6005.941205,6664.327951,7409.558757,8245.014753,9159.252684,10158.99762,11235.19897,12386.86045,13623.7404,14926.72905,16338.03641,17824.04551,19429.9047,21140.78828,22958.89733,24910.25914,26971.1854,29148.9266,31456.91754,33814.72406,36218.20188,38622.91705,40983.52806,43218.25285,45335.04979,47305.68387,49121.47984,50790.87332,52331.30535,53747.35463,55086.34234,56389.00353,57630.1104,58790.43959,59868.88108,60796.02724,61542.34057,61960.50608,62000,61534.22389,60510.05498,58809.94092,56395.8762,53271.24224,49506.16861,45262.45449,40743.02726,36063.9028,31323.69097,26628.16443,22218.15998,18095.90519,14369.55277,11115.61094,8362.65797,6179.240219,4516.95889,3267.81276,2268.787433,1506.762256,972.5865051,568.6403788,292.6342427,120.3148677,26.18819696,0,0,0,0,0,0,0,0,0,0,0,0,0,0,0,0,0,0,0,0,0,0,0,0,0,0,0,0,0,0,0,0,0,0,0,0,0,0,0,0,0,0,0,0,0,0,0,0,0,0,0,0,0,0,0,0,0,0,0,0,0,0,0,0,0,0,0,0,0,0,0,0,0,0,0,0,0,0,0,0,0,0,0,0,0,0,0,0,0,0,0,0,0,0,0,0,0,0,0,0,0,0,0,0,0,0,0,0,0,0,0,0,0,0,0,0,0,0,0,0,0,0,0,0,0,0,0,0,0,0,0,0,0,0,0,0,0,0,0,0,0,0,0,0,0,0,0,0,0,0,0,0,0,0,0,0,0,0,0,0,0,0,0,0,0,0,0,0,0,0,0,0,0,0,0,0,0,0,0,0,0,0,0,0,0,0,0,0,0,0,0,0,0,0,0,0,0,0,0,0,0,0,0,0,0,0,0,0,0,0,0,0,0,0,0,0,0,0,0,0,0,0,0,0,0,0,0,0,0,0,0,0
CCN(CC)c1ccc2c(c1)O[B-](F)(F)[N+](c1ccc(I)cc1)=C2,Cc1ccccc1,,,,,,,,,,,,,,,,13654.81457,15642.0846,17855.6695,20297.07751,22908.37146,25682.54733,28617.31135,31722.56516,34943.56084,38247.10694,41631.7712,45001.75814,48338.94213,51599.84616,54710.92918,57661.53157,60480.30241,63070.31046,65291.93057,67075.40619,68348.12301,69011.15089,69183.09709,68821.22625,67889.66793,66443.60631,64362.89434,61522.32718,57989.76907,53880.10913,49319.3003,44489.17502,39704.0915,35043.13044,30647.75783,26555.65726,22625.25699,18898.29569,15504.61508,12510.28341,9964.527846,7840.139371,6147.807567,4840.924001,3840.107243,3018.101607,2308.796439,1682.840997,1160.55267,746.843329,457.0153413,270.2214786,164.7148208,112.0339563,82.53197262,60.19481192,38.8026837,22.16178884,9.164677523,2.55787063,0,0.154644622,2.052968083,3.170781514,3.199929192,3.199929192,3.199929192,3.199929192,3.199929192,3.199929192,3.199929192,3.199929192,3.199929192,3.199929192,3.199929192,3.199929192,3.199929192,3.199929192,3.199929192,3.199929192,3.199929192,3.199929192,3.199929192,3.199929192,3.199929192,3.199929192,3.199929192,3.199929192,3.199929192,3.199929192,3.199929192,3.199929192,3.199929192,3.199929192,3.199929192,3.199929192,3.199929192,3.199929192,3.199929192,3.199929192,3.199929192,3.199929192,3.199929192,3.199929192,3.199929192,3.199929192,3.199929192,3.199929192,3.199929192,3.199929192,3.199929192,3.199929192,3.199929192,3.199929192,3.199929192,3.199929192,3.199929192,3.199929192,3.199929192,3.199929192,3.199929192,3.199929192,3.199929192,3.199929192,3.199929192,3.199929192,3.199929192,3.199929192,3.199929192,3.199929192,3.199929192,3.199929192,3.199929192,3.199929192,3.199929192,3.199929192,3.199929192,3.199929192,3.199929192,3.199929192,3.199929192,3.199929192,3.199929192,3.199929192,3.199929192,3.199929192,3.199929192,3.199929192,3.199929192,3.199929192,3.199929192,3.199929192,3.199929192,3.199929192,3.199929192,3.199929192,3.199929192,3.199929192,3.199929192,3.199929192,3.199929192,3.199929192,3.199929192,3.199929192,3.199929192,3.199929192,3.199929192,3.199929192,3.199929192,3.199929192,3.199929192,3.199929192,3.199929192,3.199929192,3.199929192,3.199929192,3.199929192,3.199929192,3.199929192,3.199929192,3.199929192,3.199929192,3.199929192,3.199929192,3.199929192,3.199929192,3.199929192,3.199929192,3.199929192,3.199929192,3.199929192,3.199929192,3.199929192,3.199929192,3.199929192,3.199929192,3.199929192,3.199929192,3.199929192,3.199929192,3.199929192,3.199929192,3.199929192,3.199929192,3.199929192,3.199929192,3.199929192,3.199929192,3.199929192,3.199929192,3.199929192,3.199929192,3.199929192,3.199929192,3.199929192,3.199929192,3.199929192,3.199929192,3.199929192,3.199929192,3.199929192,3.199929192,3.199929192,3.199929192,3.199929192,3.199929192,3.199929192,3.199929192,3.199929192,3.199929192,3.199929192,3.199929192,3.199929192,3.199929192,3.199929192,3.199929192,3.199929192,3.199929192,3.199929192,3.199929192,3.199929192,3.199929192,3.199929192,3.199929192,3.199929192,3.199929192,3.199929192,3.199929192,3.199929192,3.199929192,3.199929192,3.199929192,3.199929192,3.199929192,3.199929192,3.199929192,3.199929192,3.199929192,3.199929192,3.199929192,3.199929192,3.199929192,3.199929192,3.199929192,3.199929192,3.199929192,3.199929192,3.199929192,3.199929192,3.199929192,3.199929192,3.199929192,3.199929192,3.199929192,3.199929192,3.199929192,3.199929192,3.199929192,3.199929192,3.199929192,3.199929192,3.199929192,3.199929192,3.199929192,3.199929192,3.199929192,3.199929192,3.199929192,3.199929192,3.199929192,3.199929192,3.199929192,3.199929192,3.199929192,3.199929192,3.199929192,3.199929192,3.199929192,3.199929192,3.199929192,3.199929192,3.199929192,3.199929192,3.199929192,3.199929192,3.199929192,3.199929192,3.199929192,3.199929192,3.199929192,3.199929192,3.199929192,3.199929192,3.199929192,3.199929192,3.199929192,3.199929192,3.199929192,3.199929192,3.199929192,3.199929192
CCCCCCc1ccc(C2(c3ccc(CCCCCC)cc3)c3cc4c(cc3-c3sc(-c5ccc(-c6ccc(C=C7SC(=S)N(CC)C7=O)s6)s5)cc32)C(c2ccc(CCCCCC)cc2)(c2ccc(CCCCCC)cc2)c2cc(-c3ccc(-c5ccc(C=C6SC(=S)N(CC)C6=O)s5)s3)sc2-4)cc1,ClC(Cl)Cl,22618.36442,22578.61621,22433.48965,22200.54595,21899.89545,21523.71326,21149.60181,20761.0982,20406.79829,20102.00117,19868.57395,19755.76816,19765.3059,19915.38631,20233.18414,20685.27723,21292.93227,22035.94055,22880.34576,23782.74791,24652.73139,25456.30216,26135.56142,26685.06565,27108.7513,27455.69211,27809.80858,28224.01096,28746.11923,29424.02455,30237.70597,31190.31639,32216.86895,33265.18972,34316.44833,35361.51886,36422.73629,37481.57186,38532.63444,39611.58574,40700.49226,41769.05594,42802.42062,43755.74218,44636.50816,45399.41199,46056.71113,46588.53287,46983.51744,47263.80403,47383.58431,47364.16508,47201.32238,46918.35693,46549.41257,46127.31363,45716.00951,45317.66141,44971.2614,44716.15024,44545.14481,44472.85335,44478.5538,44598.26805,44824.99336,45192.37311,45708.25092,46333.84228,47100.10503,47993.98527,49009.74249,50106.69305,51268.14564,52506.89365,53833.23296,55234.55981,56708.64828,58249.71803,59869.18895,61561.95536,63296.36602,64988.66896,66818.44879,68713.43512,70629.00246,72534.3687,74438.33346,76335.81214,78231.60236,80096.16986,81909.01767,83692.25105,85614.29857,87517.57146,89417.2388,91303.45865,93147.96875,94956.19155,96712.37376,98398.42645,100008.1194,101508.6959,102894.8532,104149.838,105306.8896,106331.6271,107205.8753,107947.7763,108559.0593,109049.8654,109403.3872,109601.3942,109647.8196,109556.7438,109353.202,109037.4736,108623.2856,108113.1671,107505.3998,106812.4515,106017.7657,105114.759,104051.1166,102811.5958,101402.2963,99814.33378,98039.95064,96034.50004,93804.01773,91352.84736,88691.08805,85816.91157,82711.50785,79416.95428,75988.88854,72455.69802,68833.02143,65115.75926,61360.3487,57610.01454,53931.792,50284.80913,46579.93339,42959.43622,39479.40439,36159.55284,32995.42024,29989.13614,27179.12001,24588.66688,22219.97623,19973.89656,17793.19424,15808.6851,13989.12641,12332.69918,10831.74246,9485.700538,8289.299955,7219.856596,6281.223169,5448.372742,4708.572571,4053.407895,3462.221146,2939.440267,2483.603923,2090.250513,1757.257144,1484.272869,1277.512221,1109.539171,959.3716649,810.3315055,638.0471517,460.2511845,288.5523417,129.9836914,0,0,0,0,0,0,0,0,0,0,0,0,0,0,0,0,0,0,0,0,0,0,0,0,0,0,0,0,0,0,0,0,0,0,0,0,0,0,0,0,0,0,0,0,0,0,0,0,0,0,0,0,0,0,0,0,0,0,0,0,0,0,0,0,0,0,0,0,0,0,0,0,0,0,0,0,0,0,0,0,0,0,0,0,0,0,0,0,0,0,0,0,0,0,0,0,0,0,0,0,0,0,0,0,0,0,0,0,0,0,0,0,0,0,0,0,0,0,0,0,0,0,0,0,0,0,0,0,0,0,0,0,0,0,0,0,0,0,0,0,0,0,0,0,0,0,0,0,0,0,0,0,0,0,0,0,0,0
COc1ccc(C2=Cc3ccccc3P2(=O)c2ccccc2)cc1,ClCCl,5692.014469,6239.535926,6777.424379,7309.794704,7841.904265,8371.854549,8898.719842,9416.095105,9913.028665,10383.33405,10824.81821,11223.1165,11561.43957,11836.66827,12054.28299,12212.76909,12311.62252,12344.76166,12302.68771,12178.26513,11960.17286,11648.45636,11254.29832,10790.13688,10278.95014,9732.579828,9130.022899,8469.824055,7777.887905,7075.231371,6378.580913,5697.177326,5038.709507,4393.12773,3789.059834,3225.777589,2662.72917,2125.774042,1651.654991,1249.697132,925.0675021,673.7709169,483.5950899,333.258792,232.7762671,164.4357557,107.7083598,72.96400566,53.42794345,36.93467388,21.25615621,12.26884974,8.412126023,7.587151001,7.014283808,4.465558343,2.465597413,1.075068079,0.280501208,0,0.085292067,0.313968831,0.398589307,0.398589307,0.398589307,0.398589307,0.398589307,0.398589307,0.398589307,0.398589307,0.398589307,0.398589307,0.398589307,0.398589307,0.398589307,0.398589307,0.398589307,0.398589307,0.398589307,0.398589307,0.398589307,0.398589307,0.398589307,0.398589307,0.398589307,0.398589307,0.398589307,0.398589307,0.398589307,0.398589307,0.398589307,0.398589307,0.398589307,0.398589307,0.398589307,0.398589307,0.398589307,0.398589307,0.398589307,0.398589307,0.398589307,0.398589307,0.398589307,0.398589307,0.398589307,0.398589307,0.398589307,0.398589307,0.398589307,0.398589307,0.398589307,0.398589307,0.398589307,0.398589307,0.398589307,0.398589307,0.398589307,0.398589307,0.398589307,0.398589307,0.398589307,0.398589307,0.398589307,0.398589307,0.398589307,0.398589307,0.398589307,0.398589307,0.398589307,0.398589307,0.398589307,0.398589307,0.398589307,0.398589307,0.398589307,0.398589307,0.398589307,0.398589307,0.398589307,0.398589307,0.398589307,0.398589307,0.398589307,0.398589307,0.398589307,0.398589307,0.398589307,0.398589307,0.398589307,0.398589307,0.398589307,0.398589307,0.398589307,0.398589307,0.398589307,0.398589307,0.398589307,0.398589307,0.398589307,0.398589307,0.398589307,0.398589307,0.398589307,0.398589307,0.398589307,0.398589307,0.398589307,0.398589307,0.398589307,0.398589307,0.398589307,0.398589307,0.398589307,0.398589307,0.398589307,0.398589307,0.398589307,0.398589307,0.398589307,0.398589307,0.398589307,0.398589307,0.398589307,0.398589307,0.398589307,0.398589307,0.398589307,0.398589307,0.398589307,0.398589307,0.398589307,0.398589307,0.398589307,0.398589307,0.398589307,0.398589307,0.398589307,0.398589307,0.398589307,0.398589307,0.398589307,0.398589307,0.398589307,0.398589307,0.398589307,0.398589307,0.398589307,0.398589307,0.398589307,0.398589307,0.398589307,0.398589307,0.398589307,0.398589307,0.398589307,0.398589307,0.398589307,0.398589307,0.398589307,0.398589307,0.398589307,0.398589307,0.398589307,0.398589307,0.398589307,0.398589307,0.398589307,0.398589307,0.398589307,0.398589307,0.398589307,0.398589307,0.398589307,0.398589307,0.398589307,0.398589307,0.398589307,0.398589307,0.398589307,0.398589307,0.398589307,0.398589307,0.398589307,0.398589307,0.398589307,0.398589307,0.398589307,0.398589307,0.398589307,0.398589307,0.398589307,0.398589307,0.398589307,0.398589307,0.398589307,0.398589307,0.398589307,0.398589307,0.398589307,0.398589307,0.398589307,0.398589307,0.398589307,0.398589307,0.398589307,0.398589307,0.398589307,0.398589307,0.398589307,0.398589307,0.398589307,0.398589307,0.398589307,0.398589307,0.398589307,0.398589307,0.398589307,0.398589307,0.398589307,0.398589307,0.398589307,0.398589307,0.398589307,0.398589307,0.398589307,0.398589307,0.398589307,0.398589307,0.398589307,0.398589307,0.398589307,0.398589307,0.398589307,0.398589307,0.398589307,0.398589307,0.398589307,0.398589307,0.398589307,0.398589307,0.398589307,0.398589307,0.398589307,0.398589307,0.398589307,0.398589307,0.398589307,0.398589307,0.398589307,0.398589307,0.398589307,0.398589307,0.398589307,0.398589307,0.398589307,0.398589307,0.398589307,0.398589307,0.398589307,0.398589307,0.398589307,0.398589307,0.398589307,0.398589307,0.398589307,0.398589307,0.398589307,0.398589307,0.398589307,0.398589307,0.398589307,0.398589307,0.398589307,0.398589307,0.398589307,0.398589307
c1ccc2c3c(ccc2c1)-c1cccc2c1c-3cc1ccccc12,CCCCCCC,7644.443289,7554.046101,7331.083126,7082.011107,6881.918977,6828.234556,7264.644358,7860.963201,8635.066546,9422.216468,9989.694636,10267.37589,10437.44288,10701.22281,11040.90808,11429.64301,11996.20822,12760.23427,13487.4137,13847.03128,13555.10101,12649.15883,11836.29175,11630.38264,11665.67882,11561.07666,11264.16708,10715.19305,9828.345687,8544.743798,6871.872772,5100.471326,3871.068198,3358.125927,3103.199106,2838.377896,2575.604717,2348.386263,2171.016272,2044.536722,1963.11889,1904.821819,1833.448119,1732.541511,1605.20254,1460.554433,1311.428046,1163.827753,1021.513173,890.3867758,790.7041854,722.3021876,649.3832235,583.9441194,539.6252401,491.1239397,433.5203121,368.9368289,294.3964339,214.3214467,139.4135182,75.54886696,23.68259672,0,0.511230857,1.724886002,4.085529024,7.702832761,7.999726627,8.005944299,8.005944299,8.005944299,8.005944299,8.005944299,8.005944299,8.005944299,8.005944299,8.005944299,8.005944299,8.005944299,8.005944299,8.005944299,8.005944299,8.005944299,8.005944299,8.005944299,8.005944299,8.005944299,8.005944299,8.005944299,8.005944299,8.005944299,8.005944299,8.005944299,8.005944299,8.005944299,8.005944299,8.005944299,8.005944299,8.005944299,8.005944299,8.005944299,8.005944299,8.005944299,8.005944299,8.005944299,8.005944299,8.005944299,8.005944299,8.005944299,8.005944299,8.005944299,8.005944299,8.005944299,8.005944299,8.005944299,8.005944299,8.005944299,8.005944299,8.005944299,8.005944299,8.005944299,8.005944299,8.005944299,8.005944299,8.005944299,8.005944299,8.005944299,8.005944299,8.005944299,8.005944299,8.005944299,8.005944299,8.005944299,8.005944299,8.005944299,8.005944299,8.005944299,8.005944299,8.005944299,8.005944299,8.005944299,8.005944299,8.005944299,8.005944299,8.005944299,8.005944299,8.005944299,8.005944299,8.005944299,8.005944299,8.005944299,8.005944299,8.005944299,8.005944299,8.005944299,8.005944299,8.005944299,8.005944299,8.005944299,8.005944299,8.005944299,8.005944299,8.005944299,8.005944299,8.005944299,8.005944299,8.005944299,8.005944299,8.005944299,8.005944299,8.005944299,8.005944299,8.005944299,8.005944299,8.005944299,8.005944299,8.005944299,8.005944299,8.005944299,8.005944299,8.005944299,8.005944299,8.005944299,8.005944299,8.005944299,8.005944299,8.005944299,8.005944299,8.005944299,8.005944299,8.005944299,8.005944299,8.005944299,8.005944299,8.005944299,8.005944299,8.005944299,8.005944299,8.005944299,8.005944299,8.005944299,8.005944299,8.005944299,8.005944299,8.005944299,8.005944299,8.005944299,8.005944299,8.005944299,8.005944299,8.005944299,8.005944299,8.005944299,8.005944299,8.005944299,8.005944299,8.005944299,8.005944299,8.005944299,8.005944299,8.005944299,8.005944299,8.005944299,8.005944299,8.005944299,8.005944299,8.005944299,8.005944299,8.005944299,8.005944299,8.005944299,8.005944299,8.005944299,8.005944299,8.005944299,8.005944299,8.005944299,8.005944299,8.005944299,8.005944299,8.005944299,8.005944299,8.005944299,8.005944299,8.005944299,8.005944299,8.005944299,8.005944299,8.005944299,8.005944299,8.005944299,8.005944299,8.005944299,8.005944299,8.005944299,8.005944299,8.005944299,8.005944299,8.005944299,8.005944299,8.005944299,8.005944299,8.005944299,8.005944299,8.005944299,8.005944299,8.005944299,8.005944299,8.005944299,8.005944299,8.005944299,8.005944299,8.005944299,8.005944299,8.005944299,8.005944299,8.005944299,8.005944299,8.005944299,8.005944299,8.005944299,8.005944299,8.005944299,8.005944299,8.005944299,8.005944299,8.005944299,8.005944299,8.005944299,8.005944299,8.005944299,8.005944299,8.005944299,8.005944299,8.005944299,8.005944299,8.005944299,8.005944299,8.005944299,8.005944299,8.005944299,8.005944299,8.005944299,8.005944299,8.005944299,8.005944299,8.005944299,8.005944299,8.005944299,8.005944299,8.005944299,8.005944299,8.005944299,8.005944299,8.005944299,8.005944299,8.005944299,8.005944299,8.005944299,8.005944299,8.005944299,8.005944299,8.005944299,8.005944299,8.005944299,8.005944299,8.005944299,8.005944299,8.005944299,8.005944299,8.005944299,8.005944299,8.005944299,8.005944299,8.005944299
COC(=O)C(=C1OC(=O)C(c2ccccc2)=C1O)c1ccccc1,CO,12387.85091,12553.02225,12685.15933,12850.33067,13015.50202,13147.63909,13279.77617,13477.98179,13643.15313,13709.22167,13808.32448,13874.39301,13907.42728,14006.53009,14039.56436,14006.53009,13973.49582,13940.46155,13808.32448,13676.1874,13577.08459,13411.91325,13180.67336,12982.46775,12718.1936,12519.98798,12156.61102,11826.26833,11495.92564,11033.44587,10670.06891,10273.65768,9811.177917,9381.732419,8820.149845,8324.635809,7895.190311,7432.710543,7003.265045,6408.648202,5946.168435,5483.688668,4988.174631,4360.523519,4096.249366,3666.803868,3303.426908,2940.049948,2609.707257,2279.364567,2015.090414,1750.816261,1431.484994,1321.370763,1068.108034,957.9938034,825.856727,660.6853816,594.6168435,495.5140362,363.3769599,330.3426908,264.2741527,198.2056145,198.2056145,187.1941915,165.1713454,132.1370763,66.06853816,66.06853816,132.1370763,99.10280725,88.09138422,132.1370763,88.09138422,132.1370763,88.09138422,66.06853816,66.06853816,132.1370763,66.06853816,132.1370763,132.1370763,132.1370763,132.1370763,132.1370763,132.1370763,132.1370763,132.1370763,132.1370763,132.1370763,132.1370763,132.1370763,66.06853816,33.03426908,33.03426908,33.03426908,33.03426908,33.03426908,33.03426908,66.06853816,132.1370763,132.1370763,132.1370763,132.1370763,132.1370763,132.1370763,132.1370763,165.1713454,132.1370763,132.1370763,33.03426908,66.06853816,132.1370763,132.1370763,99.10280725,132.1370763,132.1370763,33.03426908,33.03426908,33.03426908,33.03426908,33.03426908,33.03426908,33.03426908,132.1370763,132.1370763,132.1370763,198.2056145,198.2056145,198.2056145,165.1713454,132.1370763,132.1370763,33.03426908,0,33.03426908,66.06853816,99.10280725,132.1370763,132.1370763,99.10280725,165.1713454,165.1713454,165.1713454,132.1370763,132.1370763,66.06853816,66.06853816,132.1370763,99.10280725,132.1370763,132.1370763,66.06853816,66.06853816,132.1370763,66.06853816,66.06853816,66.06853816,66.06853816,66.06853816,132.1370763,132.1370763,132.1370763,66.06853816,99.10280725,132.1370763,99.10280725,66.06853816,66.06853816,66.06853816,66.06853816,66.06853816,66.06853816,132.1370763,110.1142303,66.06853816,132.1370763,132.1370763,132.1370763,132.1370763,132.1370763,132.1370763,132.1370763,132.1370763,66.06853816,132.1370763,132.1370763,132.1370763,132.1370763,132.1370763,132.1370763,132.1370763,132.1370763,132.1370763,132.1370763,132.1370763,99.10280725,33.03426908,33.03426908,33.03426908,55.05711514,33.03426908,132.1370763,132.1370763,99.10280725,99.10280725,33.03426908,33.03426908,33.03426908,0,33.03426908,66.06853816,66.06853816,66.06853816,66.06853816,66.06853816,66.06853816,132.1370763,66.06853816,66.06853816,66.06853816,66.06853816,88.09138422,66.06853816,66.06853816,88.09138422,132.1370763,99.10280725,66.06853816,88.09138422,66.06853816,66.06853816,33.03426908,33.03426908,33.03426908,0,0,0,0,0,0,0,0,0,0,0,0,0,0,0,0,0,0,0,0,0,0,0,0,0,0,0,0,0,0,0,0,0,0,0,0,0,0,0,0,0,0,0,0,0,0,0,0,0,0,0,0,0,0,0,0,0,0,0,0,0,0,0,0,0,0,0,0,0,0,0,0,0,0,0,0,0,0,0,0,0,0,0,0,0,0,0,0,0,0,0,0,0,0,0,0,0,0,0,0
CSc1sc(C(=O)c2ccccc2)c2nn[nH]c(=O)c12,CO,2720.899477,2699.950165,2640.731034,2559.657119,2486.730995,2454.244858,2490.503059,2570.83724,2691.15114,2848.178519,3041.335994,3268.189361,3519.150871,3793.629634,4100.03441,4439.215046,4809.589974,5213.035473,5660.029428,6151.902966,6678.147299,7221.18727,7763.3627,8291.880262,8793.155069,9258.615004,9691.413174,10096.37303,10483.72316,10848.15668,11178.55853,11467.43997,11706.93457,11884.36835,11983.64316,12000,11940.44861,11808.04683,11605.69878,11336.06398,10999.02247,10595.74464,10132.03649,9611.647907,9026.717873,8383.00082,7694.832769,6977.500494,6246.228597,5517.66181,4804.843944,4126.329478,3500.853926,2936.047945,2432.224151,1992.77469,1613.449284,1289.896881,1020.16511,799.4028191,619.9465683,475.3083324,361.3363599,273.81123,210.3514348,160.7023342,117.3001133,79.45549196,49.874908,27.74308326,12.30558666,3.026240139,0,1.307778198,4.193003183,5.020414175,5.020414175,5.020414175,5.020414175,5.020414175,5.020414175,5.020414175,5.020414175,5.020414175,5.020414175,5.020414175,5.020414175,5.020414175,5.020414175,5.020414175,5.020414175,5.020414175,5.020414175,5.020414175,5.020414175,5.020414175,5.020414175,5.020414175,5.020414175,5.020414175,5.020414175,5.020414175,5.020414175,5.020414175,5.020414175,5.020414175,5.020414175,5.020414175,5.020414175,5.020414175,5.020414175,5.020414175,5.020414175,5.020414175,5.020414175,5.020414175,5.020414175,5.020414175,5.020414175,5.020414175,5.020414175,5.020414175,5.020414175,5.020414175,5.020414175,5.020414175,5.020414175,5.020414175,5.020414175,5.020414175,5.020414175,5.020414175,5.020414175,5.020414175,5.020414175,5.020414175,5.020414175,5.020414175,5.020414175,5.020414175,5.020414175,5.020414175,5.020414175,5.020414175,5.020414175,5.020414175,5.020414175,5.020414175,5.020414175,5.020414175,5.020414175,5.020414175,5.020414175,5.020414175,5.020414175,5.020414175,5.020414175,5.020414175,5.020414175,5.020414175,5.020414175,5.020414175,5.020414175,5.020414175,5.020414175,5.020414175,5.020414175,5.020414175,5.020414175,5.020414175,5.020414175,5.020414175,5.020414175,5.020414175,5.020414175,5.020414175,5.020414175,5.020414175,5.020414175,5.020414175,5.020414175,5.020414175,5.020414175,5.020414175,5.020414175,5.020414175,5.020414175,5.020414175,5.020414175,5.020414175,5.020414175,5.020414175,5.020414175,5.020414175,5.020414175,5.020414175,5.020414175,5.020414175,5.020414175,5.020414175,5.020414175,5.020414175,5.020414175,5.020414175,5.020414175,5.020414175,5.020414175,5.020414175,5.020414175,5.020414175,5.020414175,5.020414175,5.020414175,5.020414175,5.020414175,5.020414175,5.020414175,5.020414175,5.020414175,5.020414175,5.020414175,5.020414175,5.020414175,5.020414175,5.020414175,5.020414175,5.020414175,5.020414175,5.020414175,5.020414175,5.020414175,5.020414175,5.020414175,5.020414175,5.020414175,5.020414175,5.020414175,5.020414175,5.020414175,5.020414175,5.020414175,5.020414175,5.020414175,5.020414175,5.020414175,5.020414175,5.020414175,5.020414175,5.020414175,5.020414175,5.020414175,5.020414175,5.020414175,5.020414175,5.020414175,5.020414175,5.020414175,5.020414175,5.020414175,5.020414175,5.020414175,5.020414175,5.020414175,5.020414175,5.020414175,5.020414175,5.020414175,5.020414175,5.020414175,5.020414175,5.020414175,5.020414175,5.020414175,5.020414175,5.020414175,5.020414175,5.020414175,5.020414175,5.020414175,5.020414175,5.020414175,5.020414175,5.020414175,5.020414175,5.020414175,5.020414175,5.020414175,5.020414175,5.020414175,5.020414175,5.020414175,5.020414175,5.020414175,5.020414175,5.020414175,5.020414175,5.020414175,5.020414175,5.020414175,5.020414175,5.020414175,5.020414175,5.020414175,5.020414175,5.020414175,5.020414175,5.020414175,5.020414175,5.020414175,5.020414175,5.020414175,5.020414175,5.020414175,5.020414175,5.020414175,5.020414175,5.020414175,5.020414175,5.020414175,5.020414175,5.020414175,5.020414175,5.020414175,5.020414175,5.020414175,5.020414175,5.020414175,5.020414175,5.020414175,5.020414175,5.020414175,5.020414175,5.020414175,5.020414175,5.020414175,5.020414175
CC1=C(C#N)C(C)=[N+]2C1=C(CO)c1c(C)c(C#N)c(C)n1[B-]2(F)F,CC#N,,,,,,,,,,,,,,,,,,,,,,,,,,,,,,,,,,,,,,,,,,,,,,,,,,,,,,,,,,,,,,,,,,10835.98913,12596.43162,14675.01388,17037.8886,19696.67873,22386.75036,24933.40002,27123.3739,28777.41449,29967.54074,30703.78231,31432.71965,32508.71527,34161.76441,36815.22181,40572.9541,45768.90591,52237.64511,59654.32179,67920.57329,76658.31383,84977.99261,92180.54971,96490.92426,97032.05516,93325.43008,85990.61716,75731.20877,63548.84695,51238.62785,40106.76601,30679.59494,23597.40823,18125.88463,14025.30121,10934.32242,8793.590268,7237.257591,5905.289555,4860.241893,3950.922646,3092.949062,2339.067002,1733.173331,1256.253311,911.7082185,633.4752783,390.8915756,195.7957158,0,0,0,0,0,0,0,0,0,0,0,0,0,0,0,0,0,0,0,0,0,0,0,0,0,0,0,0,0,0,0,0,0,0,0,0,0,0,0,0,0,0,0,0,0,0,0,0,0,0,0,0,0,0,0,0,0,0,0,0,0,0,0,0,0,0,0,0,0,0,0,0,0,0,0,0,0,0,0,0,0,0,0,0,0,0,0,0,0,0,0,0,0,0,0,0,0,0,0,0,0,0,0,0,0,0,0,0,0,0,0,0,0,0,0,0,0,0,0,0,0,0,0,0,0,0,0,0,0,0,0,0,0,0,0,0,0,0,0,0,0,0,0,0,0,0,0,0,0,0,0,0,0,0,0,0,0,0,0,0,0,0,0,0,0,0,0,0,0,0,0,0,0,0,0,0,0,0,0,0,0,0,0,0,0,0,0,0,0,0,0,0,0,0,0,0,0,0,0,0,0,0,0,0,0,0,0,0,0,0,0,0,0,0,0,0,0,0,0,0,0,0
Nc1ccc(C#Cc2cncc(C#Cc3ccc(N)cc3)n2)cc1,ClCCl,,,,,,,,,,,,,,,,20250.58488,20822.4912,21290.46127,21635.02632,21842.13775,21877.61624,21738.80529,21438.61698,20943.04153,20227.7101,19316.718,18214.3071,16934.70982,15517.00954,14002.27711,12450.36417,10923.79047,9469.211362,8099.93445,6837.067097,5709.662077,4707.812102,3837.090882,3101.34356,2488.506826,1993.531773,1597.551882,1289.045533,1053.252348,872.1328317,740.5898373,644.7135373,569.4833118,506.8203701,452.9522499,406.1959283,364.0979613,327.5141325,295.8335764,273.7685523,260.5900794,250.0114402,240.4401003,230.0107645,220.9883456,214.9550177,210.3287145,205.3699183,198.9575312,191.2179242,182.3049333,172.1715066,160.3108648,146.695597,133.5194443,123.4185006,116.639195,112.4169338,110.0877026,109.1809821,110.8603359,112.8580994,111.7235657,108.7254635,104.129539,98.29709906,91.67573026,84.80226684,78.31104621,72.92268558,69.45687018,66.36795566,62.46351073,58.55825642,54.65300211,50.74855718,46.84573101,42.94236525,39.03926928,35.13725249,31.23415652,27.33079076,23.42796459,19.52351966,15.61826535,11.71301104,7.81050862,3.90525431,0,0,0,0,0,0,0,0,0,0,0,0,0,0,0,0,0,0,0,0,0,0,0,0,0,0,0,0,0,0,0,0,0,0,0,0,0,0,0,0,0,0,0,0,0,0,0,0,0,0,0,0,0,0,0,0,0,0,0,0,0,0,0,0,0,0,0,0,0,0,0,0,0,0,0,0,0,0,0,0,0,0,0,0,0,0,0,0,0,0,0,0,0,0,0,0,0,0,0,0,0,0,0,0,0,0,0,0,0,0,0,0,0,0,0,0,0,0,0,0,0,0,0,0,0,0,0,0,0,0,0,0,0,0,0,0,0,0,0,0,0,0,0,0,0,0,0,0,0,0,0,0,0,0,0,0,0,0,0,0,0,0,0,0,0,0,0,0,0,0,0,0,0,0,0,0,0,0,0,0,0,0,0,0,0,0,0,0,0,0,0,0,0,0,0,0,0,0,0,0,0,0,0,0,0,0,0,0,0,0,0,0,0,0,0,0,0,0,0,0,0,0,0,0,0,0,0,0,0,0,0,0,0
CN1C(=O)C(=Cc2ccc(C#N)cc2)N=C1C=Cc1ccncc1,C1COCCO1,7114.995928,6976.527104,6599.657373,6077.539422,5485.830867,4904.330272,4446.027733,4083.678567,3853.541679,3745.993685,3714.295873,3745.363645,3835.994012,3973.593087,4142.765907,4331.303429,4532.991376,4746.074084,4975.023913,5220.128035,5483.551837,5767.314635,6074.644873,6402.021414,6739.73637,7082.819731,7431.153239,7782.655629,8133.71077,8482.534861,8831.012344,9178.740368,9526.321417,9869.533942,10201.09525,10516.13926,10811.28859,11080.29418,11316.32174,11516.34695,11680.89299,11810.66887,11908.67147,11975.80832,12014.02572,12022.64435,11998.24872,11936.72853,11833.92981,11686.13452,11486.07417,11232.15914,10928.09487,10581.2566,10202.8282,9801.979141,9385.855833,8961.321757,8533.539714,8103.36858,7666.066697,7221.953377,6770.539135,6314.016718,5855.721213,5400.465264,4954.652716,4525.262661,4118.87538,3739.906151,3391.163275,3072.517103,2780.284263,2509.81096,2257.835772,2019.553703,1791.324067,1575.702195,1374.367827,1185.973859,1012.858306,856.238944,713.9968519,585.2371445,456.4774372,327.7177298,198.9580224,70.19831508,0,0,0,0,0,0,0,0,0,0,0,0,0,0,0,0,0,0,0,0,0,0,0,0,0,0,0,0,0,0,0,0,0,0,0,0,0,0,0,0,0,0,0,0,0,0,0,0,0,0,0,0,0,0,0,0,0,0,0,0,0,0,0,0,0,0,0,0,0,0,0,0,0,0,0,0,0,0,0,0,0,0,0,0,0,0,0,0,0,0,0,0,0,0,0,0,0,0,0,0,0,0,0,0,0,0,0,0,0,0,0,0,0,0,0,0,0,0,0,0,0,0,0,0,0,0,0,0,0,0,0,0,0,0,0,0,0,0,0,0,0,0,0,0,0,0,0,0,0,0,0,0,0,0,0,0,0,0,0,0,0,0,0,0,0,0,0,0,0,0,0,0,0,0,0,0,0,0,0,0,0,0,0,0,0,0,0,0,0,0,0,0,0,0,0,0,0,0,0,0,0,0,0,0,0,0,0,0,0,0,0,0,0,0,0,0,0,0,0,0,0,0,0,0,0,0,0,0,0,0,0,0,0,0,0,0,0,0,0,0,0,0,0,0,0,0,0,0
Cc1csc2[n+]1[B-](F)(F)n1c(c3cccc4cccc1c43)=N2,ClCCl,,,,,,,,,,,,,,,,7877.025053,8130.197216,8157.649534,7975.296262,7628.557951,7240.925559,6988.83229,7010.645422,7359.318612,7975.462426,8721.761997,9537.141289,10464.23641,11532.84726,12722.70213,13985.86591,15230.09718,16380.13595,17424.69203,18395.98852,19327.98329,20285.91085,21375.2808,22687.86794,24296.59354,26185.02681,28173.33547,30009.01589,31474.41557,32411.94143,32779.05404,32701.6377,32381.21688,32102.65024,32152.56466,32636.20798,33601.96736,35136.79356,37086.92729,38968.68404,40390.57371,41093.63732,40831.43545,39525.42375,37259.12998,34328.78091,31310.12936,28800.03676,26994.99594,25793.04216,25125.17671,24924.14541,25155.63342,25721.57685,26490.78403,27168.07785,27413.14913,26961.07718,25500,22961.36703,19502.92519,15535.38352,11618.49743,8168.348216,5468.460628,3509.959309,2199.432459,1419.445802,937.5920803,646.5609019,463.261178,332.8871982,228.6875701,141.9778538,80.60535259,40.05837134,12.47921516,0,2.001609427,12.0976797,24.34074019,31.13553536,34.66236975,34.18893976,30.72425134,29.3629491,30.45620867,31.9977342,31.38208165,28.85977055,26.33745945,23.81514835,21.29283725,18.77052615,16.24821505,13.72590395,11.20359285,8.681281746,6.158970646,3.636659546,1.114348445,0,0,0,0,0,0,0,0,0,0,0,0,0,0,0,0,0,0,0,0,0,0,0,0,0,0,0,0,0,0,0,0,0,0,0,0,0,0,0,0,0,0,0,0,0,0,0,0,0,0,0,0,0,0,0,0,0,0,0,0,0,0,0,0,0,0,0,0,0,0,0,0,0,0,0,0,0,0,0,0,0,0,0,0,0,0,0,0,0,0,0,0,0,0,0,0,0,0,0,0,0,0,0,0,0,0,0,0,0,0,0,0,0,0,0,0,0,0,0,0,0,0,0,0,0,0,0,0,0,0,0,0,0,0,0,0,0,0,0,0,0,0,0,0,0,0,0,0,0,0,0,0,0,0,0,0,0,0,0,0,0,0,0,0,0,0,0,0,0,0,0,0,0,0,0,0,0,0,0,0,0,0,0,0,0,0,0,0,0,0,0,0,0,0,0,0,0,0,0,0,0,0,0,0,0,0,0,0,0,0,0,0,0,0,0,0,0,0,0,0
Oc1c(Cl)cc(Cl)cc1/C=N/NC(S)=NCC1CCCO1,CO,17160.03304,17634.81657,18313.07874,19036.5584,19601.77688,19827.86427,19782.64679,19330.47201,18833.07974,18222.64378,17725.25152,17227.85926,16640.03204,15667.85626,14175.67947,12118.2842,10445.2375,8681.755848,6805.230495,5177.401274,4046.964315,3255.658443,2735.657442,2396.526354,2215.65644,2125.221484,2080.004005,2080.004005,2080.004005,2102.612744,2080.004005,2057.395266,2080.004005,2057.395266,2012.177788,1921.742831,1876.525353,1831.307874,1740.872917,1650.437961,1560.003004,1401.74183,1356.524351,1243.480655,1062.610742,949.5670459,813.9146107,678.2621756,610.4359581,520.0010013,452.1747837,339.1310878,271.3048702,226.0873919,180.8699135,135.6524351,90.43495675,67.82621756,67.82621756,67.82621756,22.60873919,0,22.60873919,22.60873919,0,0,0,22.60873919,22.60873919,0,22.60873919,22.60873919,0,22.60873919,22.60873919,0,22.60873919,22.60873919,22.60873919,22.60873919,22.60873919,22.60873919,0,45.21747837,67.82621756,49.5338453,0,0,0,0,0,0,0,0,0,0,0,0,0,0,0,0,0,0,0,0,0,0,0,0,0,0,0,0,0,0,0,0,0,0,0,0,0,0,0,0,0,0,0,0,0,0,0,0,0,0,0,0,0,0,0,0,0,0,0,0,0,0,0,0,0,0,0,0,0,0,0,0,0,0,0,0,0,0,0,0,0,0,0,0,0,0,0,0,0,0,0,0,0,0,0,0,0,0,0,0,0,0,0,0,0,0,0,0,0,0,0,0,0,0,0,0,0,0,0,0,0,0,0,0,0,0,0,0,0,0,0,0,0,0,0,0,0,0,0,0,0,0,0,0,0,0,0,0,0,0,0,0,0,0,0,0,0,0,0,0,0,0,0,0,0,0,0,0,0,0,0,0,0,0,0,0,0,0,0,0,0,0,0,0,0,0,0,0,0,0,0,0,0,0,0,0,0,0,0,0,0,0,0,0,0,0,0,0,0,0,0,0,0,0,0,0,0,0,0,0,0,0,0,0,0,0,0,0,0,0,0,0,0,0,0,0,0,0,0,0,0,0,0,0,0,0,0,0,0,0
Cc1cc(C)c(C2=C3C=CC(C=O)=[N+]3[B-](F)(F)n3cccc32)c(C)c1,ClCCl,,,,,,,,,,,,,,,,,,,,,,,,,,,,,,,,,,,,,,,,,,,,,,,,,,,,,,,,,1616.510021,2018.905073,2494.113307,3038.741622,3631.175168,4244.484995,4872.789013,5527.266252,6213.876737,6928.752408,7680.751173,8473.178653,9349.675119,10332.40599,11450.6776,12754.03798,14271.51218,16007.13213,17925.99004,19949.1202,21967.68283,23888.13258,25632.64657,27097.00053,28240.78111,29060.22141,29560.55643,29850.93886,30103.01046,30525.05666,31358.44549,32858.72308,35257.44747,38505.98131,42474.29563,46739.87303,50627.8436,53355.37903,54168.39351,52700,48817.08857,42995.09081,35853.85643,28191.11062,20841.17936,14367.93566,9130.582421,5231.563921,2544.253078,0,0,0,0,0,0,0,0,0,0,0,0,0,0,0,0,0,0,0,0,0,0,0,0,0,0,0,0,0,0,0,0,0,0,0,0,0,0,0,0,0,0,0,0,0,0,0,0,0,0,0,0,0,0,0,0,0,0,0,0,0,0,0,0,0,0,0,0,0,0,0,0,0,0,0,0,0,0,0,0,0,0,0,0,0,0,0,0,0,0,0,0,0,0,0,0,0,0,0,0,0,0,0,0,0,0,0,0,0,0,0,0,0,0,0,0,0,0,0,0,0,0,0,0,0,0,0,0,0,0,0,0,0,0,0,0,0,0,0,0,0,0,0,0,0,0,0,0,0,0,0,0,0,0,0,0,0,0,0,0,0,0,0,0,0,0,0,0,0,0,0,0,0,0,0,0,0,0,0,0,0,0,0,0,0,0,0,0,0,0,0,0,0,0,0,0,0,0,0,0,0,0,0,0,0,0,0,0,0,0,0,0,0,0,0,0,0,0,0,0,0,0,0,0,0,0,0,0,0,0,0
CCCCCC(=O)N1C(=CC2=C([O-])C(=CC3=[N+](C(=O)CCCCC)c4ccccc4C3(C)C)C2=C2C(=O)NC(=S)NC2=O)C(C)(C)c2ccccc21,CN(C)C=O,,,,,,,,,,,,,,,,,,,,,,,,,,,,,,,,,,,,,,,,,,,,,,,,,,,,,,,,,,,,,,,,,,,,,,,,,,,,,,,,,,,,,,,,,,,,1626.85678,1511.421622,1464.865235,1315.041908,1167.685717,1068.719221,1060.137561,1201.849442,1463.012349,1832.037353,2323.291664,2872.803514,3438.799058,4002.454022,4565.279732,5122.301364,5590.693507,6015.626031,6452.822912,6907.408607,7455.62798,8029.773776,8616.96459,9222.678323,9849.013979,10378.18359,10824.72775,11308.95124,11925.84871,12696.71054,13811.34393,15126.44107,16704.22958,18526.45537,20504.20055,22568.06648,24770.22378,27018.24946,29135.56696,31161.56199,33442.66414,35739.71404,38021.71326,40165.29105,42213.02463,44157.60524,45987.03247,47635.64038,48882.54118,50149.03642,51706.27048,53434.93007,55473.02969,58003.6726,60977.74578,64433.88016,68508.26882,73250.24467,78579.49629,84780.20537,91472.10199,98620.34175,106001.2862,113733.7039,121188.4439,128235.8884,134677.5814,140228.2819,144513.5119,147161.1376,147910.8388,146765.9502,143542.2936,138526.0536,131377.3111,122891.591,113459.3799,103316.4157,92741.66743,81991.1156,71536.18687,61835.40204,52837.94937,44629.59513,37075.66839,30630.78597,25171.58655,20595.07553,16745.24688,13408.38139,10589.97617,8419.506007,6647.92833,5180.670425,3961.482164,2969.159537,2246.862207,1739.104624,1367.08144,1095.631868,969.657983,903.4756859,873.0935968,792.0060541,734.8490606,623.2986709,504.9775554,364.5675896,237.9378529,141.4531757,102.9977469,96.7587645,114.9006177,141.0476383,166.8583426,155.7634001,139.7817325,116.0550007,88.25646419,59.86605289,34.13540723,13.96446889,1.875959845,0,10.02131736,10.10941685,10.10941685,10.10941685,10.10941685,10.10941685,10.10941685,10.10941685,10.10941685,10.10941685,10.10941685,10.10941685,10.10941685,10.10941685,10.10941685,10.10941685,10.10941685,10.10941685,10.10941685,10.10941685,10.10941685,10.10941685,10.10941685,10.10941685,10.10941685,10.10941685,10.10941685,10.10941685,10.10941685,10.10941685,10.10941685,10.10941685,10.10941685,10.10941685,10.10941685,10.10941685,10.10941685,10.10941685,10.10941685,10.10941685,10.10941685,10.10941685,10.10941685,10.10941685,10.10941685,10.10941685,10.10941685,10.10941685,10.10941685,10.10941685,10.10941685,10.10941685,10.10941685,10.10941685,10.10941685,10.10941685,10.10941685,10.10941685,10.10941685,10.10941685,10.10941685,10.10941685,10.10941685,10.10941685,10.10941685,10.10941685,10.10941685,10.10941685,10.10941685,10.10941685,10.10941685,10.10941685,10.10941685,10.10941685,10.10941685,10.10941685,10.10941685,10.10941685,10.10941685,10.10941685,10.10941685,10.10941685,10.10941685,10.10941685,10.10941685,10.10941685,10.10941685,10.10941685,10.10941685,10.10941685,10.10941685,10.10941685,10.10941685,10.10941685,10.10941685,10.10941685,10.10941685,10.10941685,10.10941685,10.10941685,10.10941685,10.10941685,10.10941685,10.10941685,10.10941685,10.10941685,10.10941685,10.10941685,10.10941685,10.10941685,10.10941685,10.10941685,10.10941685,10.10941685,10.10941685,10.10941685,10.10941685,10.10941685,10.10941685,10.10941685,10.10941685
c1coc(-c2ccc3ccc4cccc5ccc2c3c45)c1,ClC(Cl)Cl,14312.12887,15449.81138,16644.80205,17920.32524,19266.30668,20650.26621,22023.33691,23335.67705,24545.75828,25626.93717,26568.76578,27380.03881,28050.40208,28565.61956,28906.14036,29052.9229,29000,28748.9065,28312.33221,27722.07177,26993.02045,26121.06742,25102.86118,23922.50045,22587.51895,21118.80842,19547.96334,17901.30504,16225.16975,14581.93223,13014.18237,11545.43035,10195.5252,8965.572859,7863.175847,6891.611633,6043.661371,5302.469776,4663.481425,4130.054334,3694.563431,3345.029651,3065.861598,2841.896186,2659.205861,2506.670384,2373.949653,2255.74844,2148.01704,2050.417106,1959.839937,1877.262217,1802.664188,1734.603661,1669.984952,1602.811612,1531.185714,1461.367897,1395.681844,1331.371262,1268.794026,1209.998583,1153.899687,1100.457125,1047.822015,989.2133544,925.8756222,864.6642111,806.562664,752.4816469,703.5288369,658.0721248,616.1689285,578.1885124,541.6946847,504.8276409,467.59912,428.4732521,388.2361042,350.5289461,315.9526896,283.5042653,253.2058733,226.114049,203.9075099,189.0728918,179.2790754,166.2488199,146.7097714,121.6565142,92.61864226,64.57093812,40.53644155,19.49662444,0,0,0,0,0,0,0,0,0,0,0,0,0,0,0,0,0,0,0,0,0,0,0,0,0,0,0,0,0,0,0,0,0,0,0,0,0,0,0,0,0,0,0,0,0,0,0,0,0,0,0,0,0,0,0,0,0,0,0,0,0,0,0,0,0,0,0,0,0,0,0,0,0,0,0,0,0,0,0,0,0,0,0,0,0,0,0,0,0,0,0,0,0,0,0,0,0,0,0,0,0,0,0,0,0,0,0,0,0,0,0,0,0,0,0,0,0,0,0,0,0,0,0,0,0,0,0,0,0,0,0,0,0,0,0,0,0,0,0,0,0,0,0,0,0,0,0,0,0,0,0,0,0,0,0,0,0,0,0,0,0,0,0,0,0,0,0,0,0,0,0,0,0,0,0,0,0,0,0,0,0,0,0,0,0,0,0,0,0,0,0,0,0,0,0,0,0,0,0,0,0,0,0,0,0,0,0,0,0,0,0,0,0,0,0,0,0,0,0,0,0,0,0,0,0,0,0,0,0,0,0,0,0,0,0,0,0,0,0,0,0,0
Cc1csc2[n+]1[B-](F)(F)n1c(c3cccc4cccc1c43)=N2,CC#N,,,,,,,,,,,,,,,,7562.977331,8092.843122,8613.135214,8983.994838,9091.040442,8939.140639,8618.136319,8248.669761,8033.415734,8128.061457,8571.509136,9306.261346,10240.29782,11299.07443,12423.88092,13588.72814,14752.71284,15867.49672,16931.85062,17967.56553,18999.4357,20062.92375,21224.75089,22558.82336,24098.66033,25790.21498,27503.40258,29078.84996,30386.66791,31348.96887,31936.16542,32225.3981,32369.44812,32538.94746,32878.20875,33457.05061,34324.7495,35476.83705,36853.29969,38258.30292,39303.53781,39707.88122,39340.62669,38137.61679,36197.43338,33804.1016,31341.73381,29166.85599,27535.64222,26469.90569,25792.25229,25425.4146,25349.29471,25453.11713,25575.00727,25500,24957.38412,23721.59057,21706.33354,18956.9358,15676.92534,12214.9068,8949.651843,6183.810172,4055.844734,2546.097242,1545.534709,910.260959,523.675293,290.7767452,151.6610131,73.64637885,28.85026443,11.91926495,6.004476708,0.211455981,0,1.142887309,3.793395023,5.300161252,5.300161252,5.300161252,5.300161252,5.300161252,5.300161252,5.300161252,5.300161252,5.300161252,5.300161252,5.300161252,5.300161252,5.300161252,5.300161252,5.300161252,5.300161252,5.300161252,5.300161252,5.300161252,5.300161252,5.300161252,5.300161252,5.300161252,5.300161252,5.300161252,5.300161252,5.300161252,5.300161252,5.300161252,5.300161252,5.300161252,5.300161252,5.300161252,5.300161252,5.300161252,5.300161252,5.300161252,5.300161252,5.300161252,5.300161252,5.300161252,5.300161252,5.300161252,5.300161252,5.300161252,5.300161252,5.300161252,5.300161252,5.300161252,5.300161252,5.300161252,5.300161252,5.300161252,5.300161252,5.300161252,5.300161252,5.300161252,5.300161252,5.300161252,5.300161252,5.300161252,5.300161252,5.300161252,5.300161252,5.300161252,5.300161252,5.300161252,5.300161252,5.300161252,5.300161252,5.300161252,5.300161252,5.300161252,5.300161252,5.300161252,5.300161252,5.300161252,5.300161252,5.300161252,5.300161252,5.300161252,5.300161252,5.300161252,5.300161252,5.300161252,5.300161252,5.300161252,5.300161252,5.300161252,5.300161252,5.300161252,5.300161252,5.300161252,5.300161252,5.300161252,5.300161252,5.300161252,5.300161252,5.300161252,5.300161252,5.300161252,5.300161252,5.300161252,5.300161252,5.300161252,5.300161252,5.300161252,5.300161252,5.300161252,5.300161252,5.300161252,5.300161252,5.300161252,5.300161252,5.300161252,5.300161252,5.300161252,5.300161252,5.300161252,5.300161252,5.300161252,5.300161252,5.300161252,5.300161252,5.300161252,5.300161252,5.300161252,5.300161252,5.300161252,5.300161252,5.300161252,5.300161252,5.300161252,5.300161252,5.300161252,5.300161252,5.300161252,5.300161252,5.300161252,5.300161252,5.300161252,5.300161252,5.300161252,5.300161252,5.300161252,5.300161252,5.300161252,5.300161252,5.300161252,5.300161252,5.300161252,5.300161252,5.300161252,5.300161252,5.300161252,5.300161252,5.300161252,5.300161252,5.300161252,5.300161252,5.300161252,5.300161252,5.300161252,5.300161252,5.300161252,5.300161252,5.300161252,5.300161252,5.300161252,5.300161252,5.300161252,5.300161252,5.300161252,5.300161252,5.300161252,5.300161252,5.300161252,5.300161252,5.300161252,5.300161252,5.300161252,5.300161252,5.300161252,5.300161252,5.300161252,5.300161252,5.300161252,5.300161252,5.300161252,5.300161252,5.300161252,5.300161252,5.300161252,5.300161252,5.300161252,5.300161252,5.300161252,5.300161252,5.300161252,5.300161252,5.300161252,5.300161252,5.300161252,5.300161252,5.300161252,5.300161252,5.300161252,5.300161252,5.300161252,5.300161252,5.300161252,5.300161252,5.300161252,5.300161252,5.300161252,5.300161252,5.300161252,5.300161252,5.300161252,5.300161252,5.300161252,5.300161252,5.300161252,5.300161252,5.300161252,5.300161252,5.300161252,5.300161252,5.300161252,5.300161252,5.300161252,5.300161252,5.300161252,5.300161252,5.300161252,5.300161252,5.300161252,5.300161252,5.300161252,5.300161252,5.300161252,5.300161252
FC(F)(F)c1cc(N=C(S)N/N=C/c2cccc3ccccc23)cc(C(F)(F)F)c1,CO,24380.82461,25471.877,26479.00228,27108.45559,27779.87244,28535.21641,29164.66971,29836.08657,30507.50342,30759.28474,30801.2483,30381.61276,29416.45103,28115.58087,26688.82005,25304.02278,24254.93395,23289.77221,22198.71982,21149.63098,19680.90661,17792.5467,15568.47836,12882.81094,10239.10706,7679.330298,5497.225514,3860.646926,2643.703873,1720.505695,1133.015946,839.2710708,587.4897495,503.5626425,377.6719818,335.7084283,335.7084283,335.7084283,335.7084283,335.7084283,209.8177677,209.8177677,251.7813212,335.7084283,209.8177677,167.8542142,167.8542142,167.8542142,167.8542142,209.8177677,167.8542142,209.8177677,209.8177677,209.8177677,167.8542142,125.8906606,167.8542142,167.8542142,125.8906606,167.8542142,167.8542142,167.8542142,125.8906606,125.8906606,125.8906606,125.8906606,167.8542142,125.8906606,125.8906606,125.8906606,125.8906606,125.8906606,125.8906606,83.92710708,125.8906606,125.8906606,83.92710708,83.92710708,125.8906606,125.8906606,83.92710708,41.96355354,41.96355354,41.96355354,41.96355354,0,0,0,0,0,0,0,0,0,0,0,0,0,0,0,0,0,0,0,0,0,0,0,0,0,0,0,0,0,0,0,0,0,0,0,0,0,0,0,0,0,0,0,0,0,0,0,0,0,0,0,0,0,0,0,0,0,0,0,0,0,0,0,0,0,0,0,0,0,0,0,0,0,0,0,0,0,0,0,0,0,0,0,0,0,0,0,0,0,0,0,0,0,0,0,0,0,0,0,0,0,0,0,0,0,0,0,0,0,0,0,0,0,0,0,0,0,0,0,0,0,0,0,0,0,0,0,0,0,0,0,0,0,0,0,0,0,0,0,0,0,0,0,0,0,0,0,0,0,0,0,0,0,0,0,0,0,0,0,0,0,0,0,0,0,0,0,0,0,0,0,0,0,0,0,0,0,0,0,0,0,0,0,0,0,0,0,0,0,0,0,0,0,0,0,0,0,0,0,0,0,0,0,0,0,0,0,0,0,0,0,0,0,0,0,0,0,0,0,0,0,0,0,0,0,0,0,0,0,0,0,0,0,0,0,0,0,0,0,0,0,0,0,0,0,0,0,0,0,0,0
CCOc1c(C=C2N(CC)c3ccc4ccccc4c3C2(C)C)c(=O)c1=O,CC#N,,,,,,,,,,,,,,,,,,,,,,,,,,,,,,,,3861.793231,4351.613352,4900.51238,5520.950844,6207.577212,6974.626089,7809.593323,8695.366196,9609.439663,10523.65577,11406.54524,12245.03813,13028.43695,13770.82466,14481.57324,15202.27147,15944.2474,16709.04468,17479.83875,18218.48138,18872.12582,19362.29602,19592.07728,19498.446,19042.8243,18203.17688,16996.0481,15480.19902,13737.44037,11866.15491,9970.74185,8124.236283,6411.816174,4897.109312,3611.803348,2537.405568,1674.518531,1027.840124,573.8259646,278.183626,103.3821935,14.64398947,0,20.33481387,49.40178886,60.26747132,60.26747132,60.26747132,60.26747132,60.26747132,60.26747132,60.26747132,60.26747132,60.26747132,60.26747132,60.26747132,60.26747132,60.26747132,60.26747132,60.26747132,60.26747132,60.26747132,60.26747132,60.26747132,60.26747132,60.26747132,60.26747132,60.26747132,60.26747132,60.26747132,60.26747132,60.26747132,60.26747132,60.26747132,60.26747132,60.26747132,60.26747132,60.26747132,60.26747132,60.26747132,60.26747132,60.26747132,60.26747132,60.26747132,60.26747132,60.26747132,60.26747132,60.26747132,60.26747132,60.26747132,60.26747132,60.26747132,60.26747132,60.26747132,60.26747132,60.26747132,60.26747132,60.26747132,60.26747132,60.26747132,60.26747132,60.26747132,60.26747132,60.26747132,60.26747132,60.26747132,60.26747132,60.26747132,60.26747132,60.26747132,60.26747132,60.26747132,60.26747132,60.26747132,60.26747132,60.26747132,60.26747132,60.26747132,60.26747132,60.26747132,60.26747132,60.26747132,60.26747132,60.26747132,60.26747132,60.26747132,60.26747132,60.26747132,60.26747132,60.26747132,60.26747132,60.26747132,60.26747132,60.26747132,60.26747132,60.26747132,60.26747132,60.26747132,60.26747132,60.26747132,60.26747132,60.26747132,60.26747132,60.26747132,60.26747132,60.26747132,60.26747132,60.26747132,60.26747132,60.26747132,60.26747132,60.26747132,60.26747132,60.26747132,60.26747132,60.26747132,60.26747132,60.26747132,60.26747132,60.26747132,60.26747132,60.26747132,60.26747132,60.26747132,60.26747132,60.26747132,60.26747132,60.26747132,60.26747132,60.26747132,60.26747132,60.26747132,60.26747132,60.26747132,60.26747132,60.26747132,60.26747132,60.26747132,60.26747132,60.26747132,60.26747132,60.26747132,60.26747132,60.26747132,60.26747132,60.26747132,60.26747132,60.26747132,60.26747132,60.26747132,60.26747132,60.26747132,60.26747132,60.26747132,60.26747132,60.26747132,60.26747132,60.26747132,60.26747132,60.26747132,60.26747132,60.26747132,60.26747132,60.26747132,60.26747132,60.26747132,60.26747132,60.26747132,60.26747132,60.26747132,60.26747132,60.26747132,60.26747132,60.26747132,60.26747132,60.26747132,60.26747132,60.26747132,60.26747132,60.26747132,60.26747132,60.26747132,60.26747132,60.26747132,60.26747132,60.26747132,60.26747132,60.26747132,60.26747132,60.26747132,60.26747132,60.26747132,60.26747132,60.26747132,60.26747132,60.26747132,60.26747132,60.26747132,60.26747132,60.26747132,60.26747132,60.26747132,60.26747132,60.26747132,60.26747132,60.26747132,60.26747132,60.26747132,60.26747132,60.26747132,60.26747132,60.26747132,60.26747132,60.26747132,60.26747132,60.26747132,60.26747132,60.26747132,60.26747132,60.26747132,60.26747132,60.26747132,60.26747132,60.26747132,60.26747132,60.26747132,60.26747132,60.26747132,60.26747132,60.26747132,60.26747132,60.26747132,60.26747132,60.26747132,60.26747132,60.26747132,60.26747132,60.26747132,60.26747132,60.26747132,60.26747132,60.26747132,60.26747132,60.26747132,60.26747132,60.26747132,60.26747132,60.26747132,60.26747132,60.26747132,60.26747132,60.26747132,60.26747132,60.26747132,60.26747132,60.26747132,60.26747132,60.26747132,60.26747132,60.26747132,60.26747132,60.26747132,60.26747132,60.26747132,60.26747132
Cc1ccc(-n2c3ccccc3c3cc(C=C(C#N)C#N)ccc32)cc1,CC(C)=O,,,,,,,,,,,,,,,,,9210.244751,10035.64393,10891.91799,11758.51112,12660.28036,13598.52524,14555.82995,15525.79863,16496.15925,17461.38384,18402.07438,19315.19561,20187.7652,21001.85263,21765.24865,22452.67795,23038.15763,23498.4475,23788.52438,23898.80009,23819,23543.79505,23074.51088,22411.23306,21543.75458,20487.18536,19272.37882,17926.51822,16484.63151,14992.65925,13492.3074,12022.42059,10614.52864,9283.390267,8031.332284,6871.117484,5814.27796,4868.171243,4032.405514,3308.536935,2693.971009,2171.028518,1731.796946,1292.565373,853.3338006,414.1022281,0,0,0,0,0,0,0,0,0,0,0,0,0,0,0,0,0,0,0,0,0,0,0,0,0,0,0,0,0,0,0,0,0,0,0,0,0,0,0,0,0,0,0,0,0,0,0,0,0,0,0,0,0,0,0,0,0,0,0,0,0,0,0,0,0,0,0,0,0,0,0,0,0,0,0,0,0,0,0,0,0,0,0,0,0,0,0,0,0,0,0,0,0,0,0,0,0,0,0,0,0,0,0,0,0,0,0,0,0,0,0,0,0,0,0,0,0,0,0,0,0,0,0,0,0,0,0,0,0,0,0,0,0,0,0,0,0,0,0,0,0,0,0,0,0,0,0,0,0,0,0,0,0,0,0,0,0,0,0,0,0,0,0,0,0,0,0,0,0,0,0,0,0,0,0,0,0,0,0,0,0,0,0,0,0,0,0,0,0,0,0,0,0,0,0,0,0,0,0,0,0,0,0,0,0,0,0,0,0,0,0,0,0,0,0,0,0,0,0,0,0,0,0,0,0,0,0,0,0,0,0,0,0,0,0,0,0,0,0,0,0,0,0,0,0,0,0,0,0,0,0,0,0,0,0,0,0,0,0,0,0,0,0,0,0,0,0,0,0,0,0,0,0,0
N#Cc1ccc(C#Cc2ccc(N(c3ccc(C#Cc4ccc(C#N)cc4)cc3)c3ccc(C#Cc4ccc(C#N)cc4)cc3)cc2)cc1,C1CCOC1,,,,,,,,,,,,,49727.64015,52716.80966,55745.3371,58746.66088,61704.17922,64603.30176,67349.27963,69860.64188,72112.11546,74121.20282,75861.8413,77300.85421,78442.05683,79309.46235,79932.64767,80319.41655,80421.31921,80167.80634,79540.67827,78497.97232,76945.79862,74777.50136,71916.02757,68411.15588,64241.45459,59462.17362,54285.90753,48842.92899,43253.60155,37766.12132,32542.35629,27601.74143,23099.57532,19120.54988,15595.03916,12594.27844,10193.73957,8290.474172,6754.591266,5218.708359,3682.825452,2146.942545,611.0596381,0,0,0,0,0,0,0,0,0,0,0,0,0,0,0,0,0,0,0,0,0,0,0,0,0,0,0,0,0,0,0,0,0,0,0,0,0,0,0,0,0,0,0,0,0,0,0,0,0,0,0,0,0,0,0,0,0,0,0,0,0,0,0,0,0,0,0,0,0,0,0,0,0,0,0,0,0,0,0,0,0,0,0,0,0,0,0,0,0,0,0,0,0,0,0,0,0,0,0,0,0,0,0,0,0,0,0,0,0,0,0,0,0,0,0,0,0,0,0,0,0,0,0,0,0,0,0,0,0,0,0,0,0,0,0,0,0,0,0,0,0,0,0,0,0,0,0,0,0,0,0,0,0,0,0,0,0,0,0,0,0,0,0,0,0,0,0,0,0,0,0,0,0,0,0,0,0,0,0,0,0,0,0,0,0,0,0,0,0,0,0,0,0,0,0,0,0,0,0,0,0,0,0,0,0,0,0,0,0,0,0,0,0,0,0,0,0,0,0,0,0,0,0,0,0,0,0,0,0,0,0,0,0,0,0,0,0,0,0,0,0,0,0,0,0,0,0,0,0,0,0,0,0,0,0,0,0,0,0,0,0,0,0,0,0,0,0,0,0,0,0,0,0,0,0,0,0,0,0,0,0
N#CC(C#N)=C(C=Cc1cn(-c2ccccc2)nc1-c1ccccc1)c1ccccc1,C1COCCO1,,,,,,,,9802.083836,10043.86631,10345.80972,10719.93207,11173.47628,11704.87505,12336.20993,13074.00732,13920.0033,14858.93044,15864.65897,16896.72622,17957.78296,19036.12698,20136.86151,21222.38531,22265.89582,23252.89907,24158.49855,24958.31226,25670.90391,26311.29351,26895.76768,27415.13387,27869.42385,28224.43255,28457.48489,28569.99447,28542,28364.92281,28056.86317,27613.97247,27041.93291,26327.97558,25481.492,24520.81526,23446.19422,22280.7477,21071.20597,19811.94864,18504.07917,17155.28737,15792.77075,14415.76175,13041.92683,11697.372,10392.38155,9154.701227,8005.658661,6929.328186,5914.107337,4957.520428,4088.557871,3297.346324,2600.160843,2014.577986,1538.174044,1159.089557,864.4137357,643.0722739,421.730812,200.3893501,0,0,0,0,0,0,0,0,0,0,0,0,0,0,0,0,0,0,0,0,0,0,0,0,0,0,0,0,0,0,0,0,0,0,0,0,0,0,0,0,0,0,0,0,0,0,0,0,0,0,0,0,0,0,0,0,0,0,0,0,0,0,0,0,0,0,0,0,0,0,0,0,0,0,0,0,0,0,0,0,0,0,0,0,0,0,0,0,0,0,0,0,0,0,0,0,0,0,0,0,0,0,0,0,0,0,0,0,0,0,0,0,0,0,0,0,0,0,0,0,0,0,0,0,0,0,0,0,0,0,0,0,0,0,0,0,0,0,0,0,0,0,0,0,0,0,0,0,0,0,0,0,0,0,0,0,0,0,0,0,0,0,0,0,0,0,0,0,0,0,0,0,0,0,0,0,0,0,0,0,0,0,0,0,0,0,0,0,0,0,0,0,0,0,0,0,0,0,0,0,0,0,0,0,0,0,0,0,0,0,0,0,0,0,0,0,0,0,0,0,0,0,0,0,0,0,0,0,0,0,0,0,0,0,0,0,0,0,0,0,0,0,0,0,0,0,0,0,0,0,0,0,0,0,0,0,0,0,0,0,0,0,0,0,0,0,0
CCOC(=O)c1c2c3c(ccc(F)c3c3cc4ccccc4cc13)N(C)C2=O,CC#N,,,,,,,,,,,,,,3700.55541,3684.097475,3630.755061,3532.633653,3398.557969,3261.162206,3162.562676,3121.175596,3141.907817,3224.886955,3361.168137,3529.959203,3706.368111,3873.444649,4020.689628,4152.960197,4272.384431,4373.828217,4456.067445,4523.267401,4581.14162,4634.377281,4685.195659,4733.309303,4774.536147,4805.868169,4820.603399,4800,4738.746629,4622.988031,4454.712441,4232.508395,3964.714943,3661.406585,3336.956141,3012.056541,2701.68149,2411.629334,2157.287602,1937.08502,1756.940514,1608.865101,1487.985616,1384.015596,1292.130145,1209.116804,1130.827709,1056.640581,987.8093871,925.1646237,870.3394134,823.9686589,784.0663594,747.4057357,713.375562,680.1274265,645.4385475,607.490483,565.6133615,521.0332021,478.2606825,440.0229194,406.6940943,376.5663868,348.0165096,318.0122355,281.7251277,232.5164341,176.2336616,119.9508891,63.66811666,7.385344172,0,0,0,0,0,0,0,0,0,0,0,0,0,0,0,0,0,0,0,0,0,0,0,0,0,0,0,0,0,0,0,0,0,0,0,0,0,0,0,0,0,0,0,0,0,0,0,0,0,0,0,0,0,0,0,0,0,0,0,0,0,0,0,0,0,0,0,0,0,0,0,0,0,0,0,0,0,0,0,0,0,0,0,0,0,0,0,0,0,0,0,0,0,0,0,0,0,0,0,0,0,0,0,0,0,0,0,0,0,0,0,0,0,0,0,0,0,0,0,0,0,0,0,0,0,0,0,0,0,0,0,0,0,0,0,0,0,0,0,0,0,0,0,0,0,0,0,0,0,0,0,0,0,0,0,0,0,0,0,0,0,0,0,0,0,0,0,0,0,0,0,0,0,0,0,0,0,0,0,0,0,0,0,0,0,0,0,0,0,0,0,0,0,0,0,0,0,0,0,0,0,0,0,0,0,0,0,0,0,0,0,0,0,0,0,0,0,0,0,0,0,0,0,0,0,0,0,0,0,0,0,0,0,0,0,0,0,0,0,0,0,0,0,0,0,0,0,0,0,0,0
O=C(O)C1CCC(O)c2cc3ccc4cccc5ccc(c21)c3c45,CO,17921.83205,14488.75383,14896.0682,18329.14641,24729.80072,32759.71248,34505.34547,27522.8135,17398.14215,8553.601659,4538.645778,2385.698422,1571.069693,1221.943094,1047.379795,872.8164958,698.2531967,581.8776639,581.8776639,581.8776639,465.5021311,465.5021311,465.5021311,465.5021311,465.5021311,407.3143647,290.9388319,290.9388319,290.9388319,290.9388319,290.9388319,290.9388319,290.9388319,232.7510656,232.7510656,232.7510656,232.7510656,232.7510656,232.7510656,232.7510656,349.1265983,290.9388319,290.9388319,58.18776639,58.18776639,58.18776639,58.18776639,58.18776639,58.18776639,58.18776639,58.18776639,58.18776639,58.18776639,116.3755328,58.18776639,174.5632992,58.18776639,116.3755328,116.3755328,58.18776639,58.18776639,0,58.18776639,58.18776639,58.18776639,58.18776639,58.18776639,58.18776639,116.3755328,116.3755328,116.3755328,58.18776639,58.18776639,58.18776639,58.18776639,58.18776639,116.3755328,116.3755328,58.18776639,58.18776639,58.18776639,58.18776639,0,58.18776639,58.18776639,0,0,0,0,0,0,0,0,0,0,0,0,0,0,0,0,0,0,0,0,0,0,0,0,0,0,0,0,0,0,0,0,0,0,0,0,0,0,0,0,0,0,0,0,0,0,0,0,0,0,0,0,0,0,0,0,0,0,0,0,0,0,0,0,0,0,0,0,0,0,0,0,0,0,0,0,0,0,0,0,0,0,0,0,0,0,0,0,0,0,0,0,0,0,0,0,0,0,0,0,0,0,0,0,0,0,0,0,0,0,0,0,0,0,0,0,0,0,0,0,0,0,0,0,0,0,0,0,0,0,0,0,0,0,0,0,0,0,0,0,0,0,0,0,0,0,0,0,0,0,0,0,0,0,0,0,0,0,0,0,0,0,0,0,0,0,0,0,0,0,0,0,0,0,0,0,0,0,0,0,0,0,0,0,0,0,0,0,0,0,0,0,0,0,0,0,0,0,0,0,0,0,0,0,0,0,0,0,0,0,0,0,0,0,0,0,0,0,0,0,0,0,0,0,0,0,0,0,0,0,0,0,0,0,0,0,0,0,0,0,0,0,0,0,0,0,0,0,0,0,0
N=C1NC(=Nc2cc[nH]n2)c2ccccc21,CN(C)C=O,8496.382654,8782.792688,9073.858165,9370.361222,9670.190767,9965.79714,10246.85651,10507.34434,10746.636,10967.31803,11176.6907,11378.75351,11579.66,11775.8058,11965.1918,12139.34135,12293.18104,12423.59154,12531.02457,12607.70636,12649.73776,12645.99245,12589.25412,12468.42622,12292.07289,12070.30403,11822.07132,11565.37226,11316.28964,11074.11442,10825.73202,10544.27933,10205.57224,9787.134371,9281.29681,8694.664972,8053.765153,7391.636165,6751.517911,6162.746364,5645.577675,5200.79722,4817.039311,4464.043208,4105.802742,3716.463067,3284.943217,2814.981248,2331.420039,1854.259796,1408.523171,1006.65034,671.6019736,413.083101,226.609073,102.5299206,29.97548478,0,1.070920536,15.17807041,26.88407394,28.3806241,28.3806241,28.3806241,28.3806241,28.3806241,28.3806241,28.3806241,28.3806241,28.3806241,28.3806241,28.3806241,28.3806241,28.3806241,28.3806241,28.3806241,28.3806241,28.3806241,28.3806241,28.3806241,28.3806241,28.3806241,28.3806241,28.3806241,28.3806241,28.3806241,28.3806241,28.3806241,28.3806241,28.3806241,28.3806241,28.3806241,28.3806241,28.3806241,28.3806241,28.3806241,28.3806241,28.3806241,28.3806241,28.3806241,28.3806241,28.3806241,28.3806241,28.3806241,28.3806241,28.3806241,28.3806241,28.3806241,28.3806241,28.3806241,28.3806241,28.3806241,28.3806241,28.3806241,28.3806241,28.3806241,28.3806241,28.3806241,28.3806241,28.3806241,28.3806241,28.3806241,28.3806241,28.3806241,28.3806241,28.3806241,28.3806241,28.3806241,28.3806241,28.3806241,28.3806241,28.3806241,28.3806241,28.3806241,28.3806241,28.3806241,28.3806241,28.3806241,28.3806241,28.3806241,28.3806241,28.3806241,28.3806241,28.3806241,28.3806241,28.3806241,28.3806241,28.3806241,28.3806241,28.3806241,28.3806241,28.3806241,28.3806241,28.3806241,28.3806241,28.3806241,28.3806241,28.3806241,28.3806241,28.3806241,28.3806241,28.3806241,28.3806241,28.3806241,28.3806241,28.3806241,28.3806241,28.3806241,28.3806241,28.3806241,28.3806241,28.3806241,28.3806241,28.3806241,28.3806241,28.3806241,28.3806241,28.3806241,28.3806241,28.3806241,28.3806241,28.3806241,28.3806241,28.3806241,28.3806241,28.3806241,28.3806241,28.3806241,28.3806241,28.3806241,28.3806241,28.3806241,28.3806241,28.3806241,28.3806241,28.3806241,28.3806241,28.3806241,28.3806241,28.3806241,28.3806241,28.3806241,28.3806241,28.3806241,28.3806241,28.3806241,28.3806241,28.3806241,28.3806241,28.3806241,28.3806241,28.3806241,28.3806241,28.3806241,28.3806241,28.3806241,28.3806241,28.3806241,28.3806241,28.3806241,28.3806241,28.3806241,28.3806241,28.3806241,28.3806241,28.3806241,28.3806241,28.3806241,28.3806241,28.3806241,28.3806241,28.3806241,28.3806241,28.3806241,28.3806241,28.3806241,28.3806241,28.3806241,28.3806241,28.3806241,28.3806241,28.3806241,28.3806241,28.3806241,28.3806241,28.3806241,28.3806241,28.3806241,28.3806241,28.3806241,28.3806241,28.3806241,28.3806241,28.3806241,28.3806241,28.3806241,28.3806241,28.3806241,28.3806241,28.3806241,28.3806241,28.3806241,28.3806241,28.3806241,28.3806241,28.3806241,28.3806241,28.3806241,28.3806241,28.3806241,28.3806241,28.3806241,28.3806241,28.3806241,28.3806241,28.3806241,28.3806241,28.3806241,28.3806241,28.3806241,28.3806241,28.3806241,28.3806241,28.3806241,28.3806241,28.3806241,28.3806241,28.3806241,28.3806241,28.3806241,28.3806241,28.3806241,28.3806241,28.3806241,28.3806241,28.3806241,28.3806241,28.3806241,28.3806241,28.3806241,28.3806241,28.3806241,28.3806241,28.3806241,28.3806241,28.3806241,28.3806241,28.3806241,28.3806241,28.3806241,28.3806241,28.3806241,28.3806241,28.3806241,28.3806241,28.3806241,28.3806241,28.3806241,28.3806241,28.3806241,28.3806241,28.3806241,28.3806241,28.3806241,28.3806241,28.3806241,28.3806241,28.3806241,28.3806241,28.3806241,28.3806241,28.3806241,28.3806241,28.3806241,28.3806241,28.3806241
F[B-]1(F)n2c(ccc2-c2ccc(Cl)cc2)C(c2c(Cl)cccc2Cl)=C2C=CC(c3ccc(Cl)cc3)=[N+]21,ClCCl,,,,,,,,,,,,,,,,,,,,,,,,,,,,,,,5005.054793,4581.450247,4216.282191,3893.400325,3582.339302,3269.361898,2964.956477,2652.503752,2346.270857,2089.254533,1865.420811,1712.310724,1613.811713,1515.117644,1408.835224,1299.196098,1216.103759,1124.476753,1030.693217,962.0299957,890.3721987,843.0127844,790.050237,708.4164575,636.1442255,570.3675909,520.2006028,485.9364147,472.1254077,465.3988494,441.1007495,419.5963713,411.1046728,415.8515262,440.7321167,469.2846174,511.7260073,585.5821728,672.0125598,761.6318745,860.3496901,977.1620309,1116.190856,1275.231011,1448.245712,1617.930562,1799.071721,2001.49605,2226.801194,2484.241558,2763.537548,3076.195933,3422.890937,3801.576281,4210.885142,4632.933175,5087.838854,5601.542022,6182.302427,6826.523781,7543.487486,8354.843933,9237.909062,10190.66585,11227.83007,12316.68246,13446.15596,14617.72795,15814.20371,17038.89501,18305.33593,19616.2398,20955.14236,22346.94232,23827.32495,25391.65958,27052.68385,28831.7899,30751.56043,32843.61533,35099.48325,37505.16165,40023.02695,42615.88796,45247.93853,47845.59742,50335.63886,52665.86896,54769.61876,56558.57429,57951.76806,58878.15559,59275.97945,59100,58323.41942,56962.79904,55058.18174,52678.61662,49893.4373,46759.57027,43389.12371,39869.37522,36243.32015,32579.02267,28965.54677,25466.71268,22120.27431,18995.24627,16129.16506,13540.42517,11271.70882,9301.832638,7596.764248,6157.129107,4958.21709,3945.177396,3106.015043,2436.936987,1881.741149,1425.433875,1075.887762,800.5405809,584.6598842,423.0264369,291.1523103,190.4714687,135.4678719,115.4482017,98.51583085,79.01815483,76.92084932,76.3742608,65.53945444,54.50181527,34.82010556,14.31589816,0,2.183668476,12.53365492,9.424446846,16.56826123,32.47261601,40.19213638,42.45481778,39.48935952,31.24671422,17.23075422,3.214794215,0,0,0,0,0,0,0,0,0,0,0,0,0,0,0,0,0,0,0,0,0,0,0,0,0,0,0,0,0,0,0,0,0,0,0,0,0,0,0,0,0,0,0,0,0,0,0,0,0,0,0,0,0,0,0,0,0,0,0,0,0,0,0,0,0,0,0,0,0,0,0,0,0,0,0,0,0,0,0,0,0,0,0,0,0,0,0,0,0,0,0,0,0,0,0,0,0,0,0,0,0,0,0,0,0,0,0,0,0,0,0,0,0,0,0,0,0,0,0,0,0,0,0,0,0,0,0,0,0,0,0,0,0,0,0,0,0,0,0,0,0,0,0,0,0,0,0,0,0,0,0,0,0,0,0,0,0,0
CCOCCOCCC1(CCOCCOCC)c2cc(N=C=S)ccc2-c2ccc(-c3ccc(-c4nc5ccccc5s4)s3)cc21,CS(C)=O,13645.8386,13572.9386,13679.12264,13885.79728,14252.99148,14847.03515,15735.39884,16840.47694,18202.85423,19788.64418,21571.19229,23526.52098,25584.31847,27670.49898,29796.87387,31916.71894,34039.23153,36267.99734,38600.75367,41037.26233,43552.50321,46012.29802,48340.01558,50463.33226,52250.59201,53718.3994,54966.86659,56077.58209,57146.90182,58299.00072,59527.92783,60672.08564,61598.06127,62008.57266,61659.50019,60532.64779,58598.6468,56075.14065,53251.41604,50434.85691,47902.98211,45770.13698,44123.68682,42753.97194,41457.96084,39972.3317,37989.82197,35410.54056,31976.79481,27864.68236,23376.66727,18746.30005,14426.03415,10640.56594,7525.355206,5161.618376,3497.013311,2381.220246,1544.71746,1021.800737,696.6336915,438.5844079,292.7853031,205.9289575,129.049714,84.42640972,56.99686361,35.64879404,20.19710939,0,0,0,0,0,0,0,0,0,0,0,0,0,0,0,0,0,0,0,0,0,0,0,0,0,0,0,0,0,0,0,0,0,0,0,0,0,0,0,0,0,0,0,0,0,0,0,0,0,0,0,0,0,0,0,0,0,0,0,0,0,0,0,0,0,0,0,0,0,0,0,0,0,0,0,0,0,0,0,0,0,0,0,0,0,0,0,0,0,0,0,0,0,0,0,0,0,0,0,0,0,0,0,0,0,0,0,0,0,0,0,0,0,0,0,0,0,0,0,0,0,0,0,0,0,0,0,0,0,0,0,0,0,0,0,0,0,0,0,0,0,0,0,0,0,0,0,0,0,0,0,0,0,0,0,0,0,0,0,0,0,0,0,0,0,0,0,0,0,0,0,0,0,0,0,0,0,0,0,0,0,0,0,0,0,0,0,0,0,0,0,0,0,0,0,0,0,0,0,0,0,0,0,0,0,0,0,0,0,0,0,0,0,0,0,0,0,0,0,0,0,0,0,0,0,0,0,0,0,0,0,0,0,0,0,0,0,0,0,0,0,0,0,0,0,0,0,0,0,0,0,0,0,0,0,0,0,0,0,0,0,0,0,0,0,0,0
CC(=O)Oc1ccccc1N/C=C\C(=O)c1ccc(C)cc1,CO,5929.190718,6159.202427,6440.327849,6798.12384,7181.476688,7615.94325,8101.523524,8714.888081,9328.252638,10018.28776,10733.87975,11577.25601,12471.74599,13391.79283,14362.95338,15308.55707,16228.6039,17174.2076,17787.57215,18452.05042,19320.98355,20138.80296,20726.61066,21365.53207,21851.11234,22311.13576,22668.93175,22771.15918,22771.15918,22822.27289,22668.93175,22413.36319,22055.5672,21569.98692,20931.06551,20241.03038,19423.21097,18554.27785,17532.00359,16484.17247,15436.34135,14388.51023,13289.5654,12241.73428,11091.67574,10094.95833,9072.684072,8152.637237,7309.260971,6465.884705,5648.065296,4906.916456,4242.438186,3654.630486,3092.379642,2632.356224,2197.889663,1840.093671,1533.411393,1277.842827,1098.944831,894.489979,766.7056963,664.4782701,587.8077005,485.5802743,434.4665612,383.3528481,332.239135,281.125422,281.125422,204.4548523,178.8979958,178.8979958,127.7842827,102.2274262,76.67056963,51.11371308,51.11371308,0,0,0,0,0,0,0.061553914,0,0,0,0,0,0,0,0,0,0,0,0,0,0,0,0,0,0,0,0,0,0,0,0,0,0,0,0,0,0,0,0,0,0,0,0,0,0,0,0,0,0,0,0,0,0,0,0,0,0,0,0,0,0,0,0,0,0,0,0,0,0,0,0,0,0,0,0,0,0,0,0,0,0,0,0,0,0,0,0,0,0,0,0,0,0,0,0,0,0,0,0,0,0,0,0,0,0,0,0,0,0,0,0,0,0,0,0,0,0,0,0,0,0,0,0,0,0,0,0,0,0,0,0,0,0,0,0,0,0,0,0,0,0,0,0,0,0,0,0,0,0,0,0,0,0,0,0,0,0,0,0,0,0,0,0,0,0,0,0,0,0,0,0,0,0,0,0,0,0,0,0,0,0,0,0,0,0,0,0,0,0,0,0,0,0,0,0,0,0,0,0,0,0,0,0,0,0,0,0,0,0,0,0,0,0,0,0,0,0,0,0,0,0,0,0,0,0,0,0,0,0,0,0,0,0,0,0,0,0,0,0,0,0,0,0,0,0,0,0,0,0,0,0,0,0,0,0,0,0
CCc1c(C)c2n(c1C)[B-](F)(F)[N+]1=C3C=CC=CN3[B-](F)(F)N1C2,CO,,,,,,,,,,,,,,,,7619.544348,8030.301045,8475.950476,8977.14098,9558.026166,10252.44341,11088.58786,12066.14536,13154.40181,14322.74095,15523.53735,16692.15492,17818.89192,18889.39624,19938.05708,21005.93259,22150.13545,23393.61134,24712.73986,26082.81793,27387.19324,28504.64318,29304.61317,29708.17945,29733.85253,29438.52639,28989.81968,28519.19133,28172.82963,28021.87429,28001.79611,28052.50272,27956.56378,27542.28703,26682.57809,25260.47561,23298.76128,20814.45587,18027.43122,15125.48498,12253.09979,9620.428161,7303.987792,5395.322536,3908.787209,2776.508282,1932.070797,1285.939407,639.808016,0,0,0,0,0,0,0,0,0,0,0,0,0,0,0,0,0,0,0,0,0,0,0,0,0,0,0,0,0,0,0,0,0,0,0,0,0,0,0,0,0,0,0,0,0,0,0,0,0,0,0,0,0,0,0,0,0,0,0,0,0,0,0,0,0,0,0,0,0,0,0,0,0,0,0,0,0,0,0,0,0,0,0,0,0,0,0,0,0,0,0,0,0,0,0,0,0,0,0,0,0,0,0,0,0,0,0,0,0,0,0,0,0,0,0,0,0,0,0,0,0,0,0,0,0,0,0,0,0,0,0,0,0,0,0,0,0,0,0,0,0,0,0,0,0,0,0,0,0,0,0,0,0,0,0,0,0,0,0,0,0,0,0,0,0,0,0,0,0,0,0,0,0,0,0,0,0,0,0,0,0,0,0,0,0,0,0,0,0,0,0,0,0,0,0,0,0,0,0,0,0,0,0,0,0,0,0,0,0,0,0,0,0,0,0,0,0,0,0,0,0,0,0,0,0,0,0,0,0,0,0,0,0,0,0,0,0,0,0,0,0,0,0,0,0,0,0,0,0,0,0,0,0,0,0,0,0,0,0,0,0,0,0,0,0,0,0,0,0,0,0,0
COC(=O)C(=NNc1ccccc1)C(=O)OC,CO,16036.81881,16890.31897,17945.9639,18889.30618,19518.20104,20147.09589,20775.99075,21157.81977,21517.18826,21629.49091,21719.33303,21472.2672,21225.20136,20955.67499,20731.06969,20169.55642,19495.74051,18664.70088,17833.66125,16912.7795,15902.05562,14756.56856,13588.62098,12532.97604,11612.09429,10781.05466,9500.804418,8422.698952,7524.277731,6603.395979,5749.895818,4963.777249,4200.119211,3571.224356,3054.632153,2538.039951,2043.908279,1662.07926,1325.171302,1100.565996,875.960691,673.8159162,539.0527329,426.7500802,359.3684886,284.5000535,269.5263665,239.5789924,224.6053054,179.6842443,179.6842443,112.3026527,134.7631832,67.38159162,67.38159162,67.38159162,67.38159162,67.38159162,59.8947481,44.92106108,44.92106108,44.92106108,44.92106108,44.92106108,44.92106108,44.92106108,44.92106108,44.92106108,44.92106108,44.92106108,44.92106108,44.92106108,44.92106108,44.92106108,22.46053054,22.46053054,22.46053054,22.46053054,22.46053054,22.46053054,22.46053054,22.46053054,22.46053054,22.46053054,22.46053054,22.46053054,44.92106108,37.43421757,22.46053054,22.46053054,22.46053054,22.46053054,22.46053054,22.46053054,44.92106108,44.92106108,67.38159162,67.38159162,67.38159162,67.38159162,67.38159162,67.38159162,89.84212216,89.84212216,89.84212216,89.84212216,112.3026527,112.3026527,89.84212216,67.38159162,67.38159162,67.38159162,67.38159162,44.92106108,22.46053054,22.46053054,22.46053054,22.46053054,22.46053054,0,0,22.46053054,22.46053054,22.46053054,44.92106108,67.38159162,67.38159162,67.38159162,89.84212216,112.3026527,112.3026527,112.3026527,112.3026527,89.84212216,89.84212216,67.38159162,67.38159162,67.38159162,67.38159162,44.92106108,44.92106108,22.46053054,44.92106108,67.38159162,67.38159162,67.38159162,67.38159162,89.84212216,112.3026527,112.3026527,89.84212216,67.38159162,67.38159162,44.92106108,22.46053054,22.46053054,22.46053054,22.46053054,22.46053054,22.46053054,22.46053054,22.46053054,22.46053054,44.92106108,44.92106108,44.92106108,44.92106108,44.92106108,44.92106108,44.92106108,44.92106108,44.92106108,44.92106108,44.92106108,44.92106108,44.92106108,44.92106108,44.92106108,44.92106108,44.92106108,44.92106108,44.92106108,44.92106108,44.92106108,44.92106108,67.38159162,67.38159162,67.38159162,67.38159162,67.38159162,67.38159162,67.38159162,67.38159162,67.38159162,67.38159162,67.38159162,67.38159162,67.38159162,67.38159162,67.38159162,67.38159162,59.8947481,44.92106108,44.92106108,44.92106108,44.92106108,44.92106108,44.92106108,22.46053054,22.46053054,22.46053054,22.46053054,22.46053054,22.46053054,22.46053054,22.46053054,22.46053054,22.46053054,22.46053054,22.46053054,22.46053054,22.46053054,22.46053054,22.46053054,22.46053054,22.46053054,22.46053054,22.46053054,22.46053054,22.46053054,22.46053054,22.46053054,0,0,30.82894243,92.4868273,0,0,0,0,0,0,0,0,0,0,0,0,0,0,0,0,0,0,0,0,0,0,0,0,0,0,0,0,0,0,0,0,0,0,0,0,0,0,0,0,0,0,0,0,0,0,0,0,0,0,0,0,0,0,0,0,0,0,0,0,0,0,0,0,0,0,0,0,0,0,0,0,0,0,0,0,0,0,0,0,0,0,0,0,0,0,0,0,0,0,0,0,0,0,0,0,0,0,0,0
Cc1cccc(-c2c3ccccc3c(-c3cccc(C)n3)c3ccccc23)n1,ClCCl,3192.309423,3515.298743,3808.458153,4091.845524,4359.510258,4692.519216,5247.331694,6043.765795,6998.484185,7947.180731,8740.356311,9197.181619,9259.274759,8975.33582,8564.279732,8478.5539,9018.938695,10200.04266,11736.80178,13160.42792,14075.75145,14253.63012,13641.99728,12329.4153,10824.59135,9743.12829,9463.468215,10069.04163,11232.47896,12453.36376,13252.98533,13387.29773,12700,11165.16686,9138.900916,7011.129938,5126.129912,3605.221819,2493.929042,1724.945356,1187.21721,649.4890649,111.7609195,0,0,0,0,0,0,0,0,0,0,0,0,0,0,0,0,0,0,0,0,0,0,0,0,0,0,0,0,0,0,0,0,0,0,0,0,0,0,0,0,0,0,0,0,0,0,0,0,0,0,0,0,0,0,0,0,0,0,0,0,0,0,0,0,0,0,0,0,0,0,0,0,0,0,0,0,0,0,0,0,0,0,0,0,0,0,0,0,0,0,0,0,0,0,0,0,0,0,0,0,0,0,0,0,0,0,0,0,0,0,0,0,0,0,0,0,0,0,0,0,0,0,0,0,0,0,0,0,0,0,0,0,0,0,0,0,0,0,0,0,0,0,0,0,0,0,0,0,0,0,0,0,0,0,0,0,0,0,0,0,0,0,0,0,0,0,0,0,0,0,0,0,0,0,0,0,0,0,0,0,0,0,0,0,0,0,0,0,0,0,0,0,0,0,0,0,0,0,0,0,0,0,0,0,0,0,0,0,0,0,0,0,0,0,0,0,0,0,0,0,0,0,0,0,0,0,0,0,0,0,0,0,0,0,0,0,0,0,0,0,0,0,0,0,0,0,0,0,0,0,0,0,0,0,0,0,0,0,0,0,0,0,0,0,0,0,0,0,0,0,0,0,0,0,0,0,0,0,0,0,0,0,0,0,0,0,0,0,0,0,0,0,0
Cn1cc2cccc([N+](=O)[O-])c2n1,CO,4197.001327,4495.148962,4770.362164,5068.509799,5435.460735,5779.477237,6215.231473,6559.247975,6926.198911,7339.018714,7774.77295,8118.789452,8394.002654,8738.019156,8967.363491,9196.707825,9357.24886,9540.724328,9609.527628,9563.658761,9471.921027,9403.117727,9334.314426,9196.707825,8944.429057,8669.215855,8302.26492,7935.313984,7614.231915,7178.477679,6719.78901,6215.231473,5687.739503,5183.181966,4609.821129,4059.394726,3600.706056,3187.886254,2775.066451,2385.181082,2041.16458,1674.213644,1444.869309,1261.393841,1054.98394,810.349983,733.9018714,581.0056482,504.5575366,412.8198026,344.0165022,275.2132018,229.3443348,160.5410344,160.5410344,137.6066009,114.6721674,114.6721674,76.4481116,45.86886696,68.80330044,22.93443348,22.93443348,22.93443348,22.93443348,22.93443348,22.93443348,22.93443348,22.93443348,22.93443348,22.93443348,22.93443348,22.93443348,22.93443348,22.93443348,0,0,0,0,0,0,0,0,0,0,0,22.93443348,30.57924464,45.86886696,45.86886696,45.86886696,45.86886696,45.86886696,91.73773392,45.86886696,45.86886696,91.73773392,91.73773392,91.73773392,91.73773392,91.73773392,91.73773392,91.73773392,91.73773392,91.73773392,91.73773392,114.6721674,114.6721674,114.6721674,114.6721674,114.6721674,68.80330044,68.80330044,45.86886696,45.86886696,68.80330044,22.93443348,0,0,0,0,0,22.93443348,45.86886696,45.86886696,45.86886696,45.86886696,45.86886696,91.73773392,91.73773392,114.6721674,114.6721674,114.6721674,114.6721674,114.6721674,137.6066009,137.6066009,137.6066009,160.5410344,160.5410344,160.5410344,160.5410344,160.5410344,160.5410344,160.5410344,137.6066009,114.6721674,114.6721674,114.6721674,114.6721674,114.6721674,114.6721674,114.6721674,114.6721674,114.6721674,114.6721674,91.73773392,91.73773392,45.86886696,45.86886696,45.86886696,45.86886696,45.86886696,45.86886696,45.86886696,45.86886696,45.86886696,45.86886696,45.86886696,45.86886696,45.86886696,45.86886696,45.86886696,45.86886696,45.86886696,45.86886696,45.86886696,45.86886696,45.86886696,45.86886696,45.86886696,45.86886696,45.86886696,45.86886696,45.86886696,45.86886696,45.86886696,45.86886696,45.86886696,45.86886696,38.2240558,22.93443348,22.93443348,22.93443348,22.93443348,22.93443348,22.93443348,22.93443348,30.57924464,45.86886696,45.86886696,22.93443348,22.93443348,0,0,0,0,0,0,22.93443348,45.86886696,45.86886696,53.51367812,68.80330044,45.86886696,45.86886696,38.2240558,22.93443348,0,0,0,0,22.93443348,45.86886696,45.86886696,45.86886696,45.86886696,45.86886696,45.86886696,22.93443348,15.28962232,0,0,0,0,0,0,0,0,0,0,0,0,0,0,0,0,0,0,0,0,0,0,0,0,0,0,0,0,0,0,0,0,0,0,0,0,0,0,0,0,0,0,0,0,0,0,0,0,0,0,0,0,0,0,0,0,0,0,0,0,0,0,0,0,0,0,0,0,0,0,0,0,0,0,0,0,0,0,0,0,0,0,0,0,0,0,0,0,0,0,0,0,0,0,0,0,0,0,0,0,0,0,0,0,0
c1ccc(N(c2ccccc2)c2ccc(-c3ccc(-c4cncc(-c5ccc(-c6ccc(N(c7ccccc7)c7ccccc7)cc6)cc5)n4)cc3)cc2)cc1,ClCCl,23215.61261,24038.02487,24919.87392,25856.44041,26900.20615,28067.87568,29278.12914,30520.11844,31800.12579,33104.12291,34413.79267,35721.47085,36987.39276,38186.07442,39307.32578,40320.67344,41164.03255,41850.13404,42359.60238,42657.95188,42723.25071,42561.27894,42145.48704,41483.483,40611.47027,39495.01231,38110.22318,36473.69276,34603.15626,32520.76274,30284.54999,27937.30453,25502.64818,23042.97518,20648.24096,18292.94909,15999.06763,13825.79328,11807.08617,9966.199807,8323.619362,6863.289003,5578.718369,4476.993296,3560.125805,2810.081786,2189.524499,1691.02913,1284.14077,943.4441903,602.7476107,262.0510311,0,0,0,0,0,0,0,0,0,0,0,0,0,0,0,0,0,0,0,0,0,0,0,0,0,0,0,0,0,0,0,0,0,0,0,0,0,0,0,0,0,0,0,0,0,0,0,0,0,0,0,0,0,0,0,0,0,0,0,0,0,0,0,0,0,0,0,0,0,0,0,0,0,0,0,0,0,0,0,0,0,0,0,0,0,0,0,0,0,0,0,0,0,0,0,0,0,0,0,0,0,0,0,0,0,0,0,0,0,0,0,0,0,0,0,0,0,0,0,0,0,0,0,0,0,0,0,0,0,0,0,0,0,0,0,0,0,0,0,0,0,0,0,0,0,0,0,0,0,0,0,0,0,0,0,0,0,0,0,0,0,0,0,0,0,0,0,0,0,0,0,0,0,0,0,0,0,0,0,0,0,0,0,0,0,0,0,0,0,0,0,0,0,0,0,0,0,0,0,0,0,0,0,0,0,0,0,0,0,0,0,0,0,0,0,0,0,0,0,0,0,0,0,0,0,0,0,0,0,0,0,0,0,0,0,0,0,0,0,0,0,0,0,0,0,0,0,0,0,0,0,0,0,0,0,0,0,0,0,0,0,0,0,0,0,0,0,0,0,0,0,0,0,0,0,0,0,0,0,0,0,0,0,0
F[B-]1(F)N2C=CC=CC2=[N+]2N1Cc1cccn1[B-]2(F)F,CO,,,,,,,,,,,,8369.728077,9234.139686,10231.41448,11377.04955,12646.46543,13986.58234,15306.72464,16570.60288,17702.33897,18739.87745,19779.41714,20930.83212,22260.00068,23809.93639,25509.01541,27167.70558,28549.83813,29430.78256,29692.74627,29399.49816,28701.14536,27897.548,27245.09163,26997.70787,27202.10173,27603.87564,27910.4559,27760.01652,26915.34804,25124.74497,22475.54941,19219.52682,15584.84202,12018.38602,8822.265587,6101.232991,3991.548531,2477.799072,1478.886105,815.1930198,446.7555076,262.1656926,114.4974803,39.89108109,0,0,0,0,0,0,0,0,0,0,0,0,0,0,0,0,0,0,0,0,0,0,0,0,0,0,0,0,0,0,0,0,0,0,0,0,0,0,0,0,0,0,0,0,0,0,0,0,0,0,0,0,0,0,0,0,0,0,0,0,0,0,0,0,0,0,0,0,0,0,0,0,0,0,0,0,0,0,0,0,0,0,0,0,0,0,0,0,0,0,0,0,0,0,0,0,0,0,0,0,0,0,0,0,0,0,0,0,0,0,0,0,0,0,0,0,0,0,0,0,0,0,0,0,0,0,0,0,0,0,0,0,0,0,0,0,0,0,0,0,0,0,0,0,0,0,0,0,0,0,0,0,0,0,0,0,0,0,0,0,0,0,0,0,0,0,0,0,0,0,0,0,0,0,0,0,0,0,0,0,0,0,0,0,0,0,0,0,0,0,0,0,0,0,0,0,0,0,0,0,0,0,0,0,0,0,0,0,0,0,0,0,0,0,0,0,0,0,0,0,0,0,0,0,0,0,0,0,0,0,0,0,0,0,0,0,0,0,0,0,0,0,0,0,0,0,0,0,0,0,0,0,0,0,0,0,0,0,0,0,0,0,0,0,0,0,0,0,0,0,0,0,0,0,0,0,0,0,0,0,0
O=C1C(=Cc2ccc(Br)cc2)Oc2cccc(O)c21,CC#N,11115.58274,10854.10523,10128.98701,9059.677044,7913.233114,7109.226763,7085.928493,7419.404292,7965.768994,8680.268018,9558.865916,10506.07936,11504.94186,12561.95669,13634.86174,14735.42415,15900.40951,17129.70525,18408.9742,19734.78421,21076.85835,22388.23531,23661.66669,24862.13866,25935.26307,26902.64971,27746.2744,28486.0461,28935.17253,28964.35959,28500,27519.62887,26082.09678,24254.79405,22122.5927,19867.13779,17640.78168,15530.1252,13448.76652,11467.70175,9638.7359,8003.453244,6606.838241,5442.956664,4484.993117,3724.620388,3129.509936,2625.846204,2203.765824,1873.69901,1597.082882,1369.466021,1196.580362,1056.229106,943.9759802,860.9241928,793.6129884,740.6239019,704.1435727,676.7869915,657.2154724,647.5258432,644.1750281,644.6629631,647.0188075,647.3786331,645.4227449,643.7330119,642.2918768,639.5987804,634.0339288,625.1944718,613.9126387,601.7033624,589.2752004,575.9883768,561.0561956,545.1684025,529.2116349,513.7355671,498.5422471,482.6944882,465.7086967,448.0845766,430.4449251,411.5501289,391.1643236,371.6229989,357.5329831,350.7144337,347.5158451,342.5235309,332.183804,316.4246993,295.9270876,271.3344104,245.6086204,222.1266755,204.3747353,193.012062,186.1288791,182.351965,180.9913807,181.8764743,183.6109685,185.3520225,188.367322,191.4327848,190.996846,183.8012998,168.6271768,147.2576876,121.1964785,92.97158913,66.11490506,44.04139256,30.13071065,23.60378397,21.06928088,19.59901248,17.82130065,14.57293455,8.808876613,2.780014086,0,1.744623317,6.549982525,12.64183864,18.79157554,23.93428325,26.99241451,26.38013228,22.18271424,17.98529621,13.78787818,9.590460142,5.393042108,1.195624075,0,0,0,0,0,0,0,0,0,0,0,0,0,0,0,0,0,0,0,0,0,0,0,0,0,0,0,0,0,0,0,0,0,0,0,0,0,0,0,0,0,0,0,0,0,0,0,0,0,0,0,0,0,0,0,0,0,0,0,0,0,0,0,0,0,0,0,0,0,0,0,0,0,0,0,0,0,0,0,0,0,0,0,0,0,0,0,0,0,0,0,0,0,0,0,0,0,0,0,0,0,0,0,0,0,0,0,0,0,0,0,0,0,0,0,0,0,0,0,0,0,0,0,0,0,0,0,0,0,0,0,0,0,0,0,0,0,0,0,0,0,0,0,0,0,0,0,0,0,0,0,0,0,0,0,0,0,0,0,0,0,0,0,0,0,0,0,0,0,0,0,0,0,0,0,0,0,0,0,0,0,0,0,0,0,0,0,0,0,0,0,0,0,0,0,0,0,0
CC1(C)C2=[N+](c3ccc(Br)cc31)[B-](F)(F)n1c(c3cccc4cccc1c43)=C2,CS(C)=O,,,,,,,,,,,,,,,,,,,,,,,,,,,,,,,,,,,,,,,,,,,,,,,6638.758666,7260.251267,7970.164821,8813.395953,9829.402786,11017.30004,12368.00604,13823.15051,15321.94456,16816.63432,18262.76501,19647.63424,20968.4366,22267.56157,23609.06935,25093.47328,26886.93073,29026.18941,31551.05681,34492.75863,37720.30691,41049.70069,44249.24136,47094.4926,49400.47137,51099.02718,52249.41351,52907.41638,53308.25462,53765.81416,54558.272,55946.65686,57992.08268,60792.95254,64429.01128,68802.72689,73691.73825,78662.4311,83192.54404,86704.90667,88793.76759,89125.09381,87520.27657,84287.70524,79915.16372,75044.86286,70331.1057,66223.93921,63049.21076,60944.32544,60049.15609,60448.73306,62124.02032,65000.15223,68832.23044,73184.90984,77448.96619,80815.74037,82357.42146,81490.28196,77974.66728,71907.89608,63790.76454,54417.85984,44678.88393,35331.50008,27026.31447,20079.45569,14476.72334,10225.6621,7117.160806,4848.295637,3240.842296,2122.497197,1360.813355,846.3744397,509.5652056,300.5781528,173.3446247,94.09643221,48.89446768,21.56590683,6.59149435,0,0,0,0,0,0,0,0,0,0,0,0,0,0,0,0,0,0,0,0,0,0,0,0,0,0,0,0,0,0,0,0,0,0,0,0,0,0,0,0,0,0,0,0,0,0,0,0,0,0,0,0,0,0,0,0,0,0,0,0,0,0,0,0,0,0,0,0,0,0,0,0,0,0,0,0,0,0,0,0,0,0,0,0,0,0,0,0,0,0,0,0,0,0,0,0,0,0,0,0,0,0,0,0,0,0,0,0,0,0,0,0,0,0,0,0,0,0,0,0,0,0,0,0,0,0,0,0,0,0,0,0,0,0,0,0,0,0,0,0,0,0,0,0,0,0,0,0,0,0,0,0,0,0,0,0,0,0,0,0,0,0,0,0,0,0,0,0,0,0,0,0,0,0,0,0,0,0,0,0,0,0,0,0,0,0,0,0,0,0,0,0,0,0,0,0,0,0,0,0,0,0,0,0,0,0,0
CCCCCCCCCCCCc1sc(CCCCCCCCCCCC)c2c3ccsc3c3sccc3c12,ClC(Cl)Cl,7271.296734,7185.781112,6960.17649,6661.978056,6383.471097,6294.555991,6668.338941,6996.643463,7217.229947,7336.781214,7379.476003,7387.291697,7432.730786,7570.98209,7813.038868,8108.206388,8370.001606,8534.628478,8562.983978,8467.112817,8291.379017,8100.157067,7957.153097,7886.975894,7895.518358,7961.181269,8000.186482,7900,7588.236014,7042.256634,6280.516564,5375.067296,4425.137394,3512.22548,2716.424608,2107.64042,1683.469955,1400.282049,1223.775584,1110.197096,1021.992636,948.4815154,882.4050086,816.7032264,755.1088301,699.9822969,649.3876502,599.2584487,547.7013331,489.9296496,426.3569937,366.501076,312.8053339,265.1259924,228.5792703,195.6851263,165.8382206,136.997873,116.3749733,98.0353446,85.16324308,76.65075232,63.1862902,47.46739222,35.42415398,23.93527534,15.30737663,10.27619192,14.45509724,14.11937718,13.55545042,9.433814205,0,0,0,0,0,0,0,0,0,0,0,0,0,0,0,0,0,0,0,0,0,0,0,0,0,0,0,0,0,0,0,0,0,0,0,0,0,0,0,0,0,0,0,0,0,0,0,0,0,0,0,0,0,0,0,0,0,0,0,0,0,0,0,0,0,0,0,0,0,0,0,0,0,0,0,0,0,0,0,0,0,0,0,0,0,0,0,0,0,0,0,0,0,0,0,0,0,0,0,0,0,0,0,0,0,0,0,0,0,0,0,0,0,0,0,0,0,0,0,0,0,0,0,0,0,0,0,0,0,0,0,0,0,0,0,0,0,0,0,0,0,0,0,0,0,0,0,0,0,0,0,0,0,0,0,0,0,0,0,0,0,0,0,0,0,0,0,0,0,0,0,0,0,0,0,0,0,0,0,0,0,0,0,0,0,0,0,0,0,0,0,0,0,0,0,0,0,0,0,0,0,0,0,0,0,0,0,0,0,0,0,0,0,0,0,0,0,0,0,0,0,0,0,0,0,0,0,0,0,0,0,0,0,0,0,0,0,0,0,0,0,0,0,0,0,0,0,0,0,0,0,0,0,0,0,0,0,0,0,0,0,0,0,0
F[B-]1(F)N2C=CC=CC2=[N+]2N1Cc1cccn1[B-]2(F)F,ClCCl,,,,,,,,,,5035.825128,5722.19263,6437.61727,7177.594831,7940.361464,8774.968397,9753.359203,10914.62136,12227.87928,13622.94066,14976.57929,16202.11827,17291.4524,18265.44662,19209.87104,20230.61587,21489.85296,23094.20973,24956.75139,26879.48898,28538.39965,29719.29212,30199.18906,29972.63544,29192.69301,28131.03186,27205.27248,26750.62458,26883.03418,27576.4886,28455.6437,29210.7109,29217.58749,28183.82931,25934.09537,22701.12209,18865.70318,14757.1866,10868.35299,7588.544933,5027.467779,3283.082076,2085.434817,1320.319194,555.2035702,0,0,0,0,0,0,0,0,0,0,0,0,0,0,0,0,0,0,0,0,0,0,0,0,0,0,0,0,0,0,0,0,0,0,0,0,0,0,0,0,0,0,0,0,0,0,0,0,0,0,0,0,0,0,0,0,0,0,0,0,0,0,0,0,0,0,0,0,0,0,0,0,0,0,0,0,0,0,0,0,0,0,0,0,0,0,0,0,0,0,0,0,0,0,0,0,0,0,0,0,0,0,0,0,0,0,0,0,0,0,0,0,0,0,0,0,0,0,0,0,0,0,0,0,0,0,0,0,0,0,0,0,0,0,0,0,0,0,0,0,0,0,0,0,0,0,0,0,0,0,0,0,0,0,0,0,0,0,0,0,0,0,0,0,0,0,0,0,0,0,0,0,0,0,0,0,0,0,0,0,0,0,0,0,0,0,0,0,0,0,0,0,0,0,0,0,0,0,0,0,0,0,0,0,0,0,0,0,0,0,0,0,0,0,0,0,0,0,0,0,0,0,0,0,0,0,0,0,0,0,0,0,0,0,0,0,0,0,0,0,0,0,0,0,0,0,0,0,0,0,0,0,0,0,0,0,0,0,0,0,0,0,0,0,0,0,0,0,0,0,0,0,0,0,0,0,0,0,0,0,0,0
Cn1cccc1N=Nc1ccc([N+](=O)[O-])cc1,C1COCCO1,3139.984318,3190.391,3251.050052,3317.8083,3399.278402,3504.533323,3644.922769,3824.850263,4045.963874,4301.738479,4591.092398,4920.761525,5286.104233,5695.063393,6157.522787,6664.571237,7227.838155,7848.436037,8526.452551,9252.169517,10023.40467,10831.07354,11668.99039,12542.88883,13449.52204,14371.90644,15315.13084,16280.03802,17256.73793,18228.06893,19180.56824,20097.70497,20968.90934,21787.52892,22546.90751,23237.54396,23864.13367,24427.35914,24919.06164,25337.21152,25680.76392,25943.5701,26123.16072,26204.97321,26179.27887,26052,25833.40593,25533.46187,25159.73131,24721.57138,24215.93071,23661.60108,23076.76623,22472.26227,21855.66874,21235.21627,20612.51674,19981.86185,19338.78433,18673.9788,17964.61437,17228.91242,16476.91169,15712.57583,14926.96814,14121.64948,13303.06332,12475.92387,11657.45287,10843.96183,10039.73248,9262.847489,8515.786339,7799.988352,7118.426084,6477.774119,5888.761926,5354.037587,4860.235554,4402.695303,3986.602384,3609.24789,3265.71203,2955.005329,2668.086774,2403.431322,2161.917179,1940.522809,1735.511877,1556.813337,1405.270362,1278.659091,1172.657828,1079.422477,987.1086406,891.3191185,795.5295963,699.7400742,603.950552,508.1610299,412.3715077,316.5819856,220.7924635,125.0029413,29.21341917,0,0,0,0,0,0,0,0,0,0,0,0,0,0,0,0,0,0,0,0,0,0,0,0,0,0,0,0,0,0,0,0,0,0,0,0,0,0,0,0,0,0,0,0,0,0,0,0,0,0,0,0,0,0,0,0,0,0,0,0,0,0,0,0,0,0,0,0,0,0,0,0,0,0,0,0,0,0,0,0,0,0,0,0,0,0,0,0,0,0,0,0,0,0,0,0,0,0,0,0,0,0,0,0,0,0,0,0,0,0,0,0,0,0,0,0,0,0,0,0,0,0,0,0,0,0,0,0,0,0,0,0,0,0,0,0,0,0,0,0,0,0,0,0,0,0,0,0,0,0,0,0,0,0,0,0,0,0,0,0,0,0,0,0,0,0,0,0,0,0,0,0,0,0,0,0,0,0,0,0,0,0,0,0,0,0,0,0,0,0,0,0,0,0,0,0,0,0,0,0,0,0,0,0,0,0,0,0,0,0,0,0,0,0,0,0,0,0,0,0,0,0,0,0,0,0,0,0,0,0,0
CSC1=C(SC)SC(=Cc2ccc(-c3cc(-c4ccc(C=C5SC(SC)=C(SC)S5)cc4)c4ccc5c(-c6ccc(C=C7SC(SC)=C(SC)S7)cc6)cc(-c6ccc(C=C7SC(SC)=C(SC)S7)cc6)c6ccc3c4c65)cc2)S1,Cc1ccccc1,,,,,,,,,,,,53689.79541,54234.06946,54841.21634,55549.17811,56372.01053,57343.83638,58500.8761,59817.8882,61265.17336,62795.89307,64400.38388,65985.75331,67467.12347,68852.66156,70031.94302,70982.60723,71760.68836,72248.37829,72443.59601,72320.80466,71818.7747,70962.64158,69830.685,68579.52245,67284.22323,66081.4727,65091.19388,64281.41203,63692.76677,63234.4697,62808.27543,62401.7888,61943.68294,61478.69145,60950.12393,60336.63605,59587.69084,58694.09839,57650.91943,56467.32805,55211.01216,53700.33195,51957.98714,50069.27305,47935.80432,45586.47909,43033.72051,40312.28454,37436.72421,34498.23962,31555.103,28499.57348,25445.88787,22526.45637,19721.71881,17101.58646,14726.75169,12559.29655,10630.12188,8984.015057,7554.269664,6314.52868,5257.223328,4409.784534,3726.868559,3183.554882,2767.029186,2410.74256,2122.200398,1886.277308,1659.714619,1463.926651,1307.670479,1182.690127,1078.772172,1002.563011,947.0421292,901.370584,854.2902835,809.2320943,760.5639828,711.9432496,663.6562981,615.5268472,565.6117493,513.0093242,463.2694404,420.7291265,388.4182418,367.6273092,357.5500454,355.6205564,358.3684936,361.4634444,359.7593221,351.5870045,340.7894635,328.6352406,316.3696148,305.7329891,298.4320468,288.9256692,273.2678049,241.7354597,195.9333043,149.365841,122.5563796,114.8309539,121.4551559,138.4955254,159.977924,170.2487556,162.7100685,131.3315958,86.30499204,45.62779504,23.2213076,11.69068459,7.615089864,10.3779662,13.59584426,10.51113744,0,0,0,0,0,0,0,0,0,0,0,0,0,0,0,0,0,0,0,0,0,0,0,0,0,0,0,0,0,0,0,0,0,0,0,0,0,0,0,0,0,0,0,0,0,0,0,0,0,0,0,0,0,0,0,0,0,0,0,0,0,0,0,0,0,0,0,0,0,0,0,0,0,0,0,0,0,0,0,0,0,0,0,0,0,0,0,0,0,0,0,0,0,0,0,0,0,0,0,0,0,0,0,0,0,0,0,0,0,0,0,0,0,0,0,0,0,0,0,0,0,0,0,0,0,0,0,0,0,0,0,0,0,0,0,0,0,0,0,0,0,0,0,0,0,0,0,0,0,0,0,0,0,0,0,0,0,0,0,0,0,0,0,0,0,0,0,0,0,0,0,0,0,0,0,0,0,0,0,0,0,0,0,0,0,0,0,0,0,0,0,0,0,0,0,0,0,0,0,0,0,0,0
Cc1ccccc1-c1nc(-c2ccccc2C)nc(-c2ccc(N3c4ccccc4C(C)(C)c4ccccc43)cc2C)n1,ClC(Cl)Cl,,,,,,,,,,,41175.46961,42797.36031,44533.69681,46297.91803,48039.04331,49730.48391,51303.06241,52742.50774,54010.96902,55041.93213,55781.54041,56218.74473,56347.19898,56104.7976,55450.10517,54449.32818,53141.4648,51568.845,49777.54552,47797.72786,45667.45018,43487.67027,41300.72917,39120.39434,36909.47351,34699.59115,32514.29283,30346.85662,28188.68314,26021.88815,23869.25681,21800.6157,19829.0768,17955.17958,16157.72662,14418.99397,12787.54857,11279.45382,9915.545057,8671.053137,7560.980689,6592.468688,5744.649299,4999.432087,4323.047087,3691.227534,3134.919588,2664.819246,2194.718903,1724.61856,1254.518217,784.4178747,314.317532,0,0,0,0,0,0,0,0,0,0,0,0,0,0,0,0,0,0,0,0,0,0,0,0,0,0,0,0,0,0,0,0,0,0,0,0,0,0,0,0,0,0,0,0,0,0,0,0,0,0,0,0,0,0,0,0,0,0,0,0,0,0,0,0,0,0,0,0,0,0,0,0,0,0,0,0,0,0,0,0,0,0,0,0,0,0,0,0,0,0,0,0,0,0,0,0,0,0,0,0,0,0,0,0,0,0,0,0,0,0,0,0,0,0,0,0,0,0,0,0,0,0,0,0,0,0,0,0,0,0,0,0,0,0,0,0,0,0,0,0,0,0,0,0,0,0,0,0,0,0,0,0,0,0,0,0,0,0,0,0,0,0,0,0,0,0,0,0,0,0,0,0,0,0,0,0,0,0,0,0,0,0,0,0,0,0,0,0,0,0,0,0,0,0,0,0,0,0,0,0,0,0,0,0,0,0,0,0,0,0,0,0,0,0,0,0,0,0,0,0,0,0,0,0,0,0,0,0,0,0,0,0,0,0,0,0,0,0,0,0,0,0,0,0,0,0,0,0,0,0,0,0,0,0,0,0,0,0,0,0,0,0,0,0,0,0,0,0,0,0,0,0,0
COc1ccc(C2=[N+]3C(=Nc4c(-c5ccccc5)cc(-c5ccc(OC)cc5)n4[B-]3(F)F)C(c3ccccc3)=C2I)cc1,CC(C)O,,,,,,,,,,,,,,,,,,,,,,,,,,,,,,,,,,,,,,,,,,,,,,,,,,,,,,,,,,,,,,,,,,,,,,,,,,,,,,,,,,,,,,,,,,,,,,,10323.59584,9946.732895,9569.242885,9205.722221,8852.690638,8508.812452,8151.468141,7794.608337,7455.28594,7122.190496,6809.461863,6522.7235,6277.964103,6074.986591,5922.252373,5827.971249,5797.308975,5819.657016,5877.562529,5971.367464,6102.856198,6263.180548,6455.245932,6671.400067,6922.952713,7217.524501,7558.521067,7937.877706,8354.088224,8811.564466,9309.780107,9855.180208,10431.94589,11029.45777,11678.2277,12382.9025,13153.98443,14050.31682,15042.61651,16112.18556,17229.43859,18422.29581,19677.11827,20971.81324,22306.49532,23657.97777,25080.51278,26549.19254,27975.72929,29349.41352,30654.68145,31941.85976,33232.03268,34497.19589,35777.37925,37235.99182,38854.93428,40581.5057,42591.08568,44851.89022,47315.18454,49944.11475,52734.013,55661.0022,58767.32307,62215.00302,65902.22255,69800.44478,73929.87388,78036.12801,81911.36613,85418.15882,88460.47338,90979.21532,92938.41616,94392.69058,95372.6646,95764.7963,95499.2586,94574.04485,92796.25373,90134.35609,86564.17099,82242.57554,77325.22348,71998.71917,66435.27063,60714.32207,55009.14386,49437.94092,43930.33094,38547.30139,33329.65844,28438.62428,24003.43794,20071.42828,16628.72948,13694.18527,11248.02819,9205.114798,7504.655876,6090.732227,4889.134491,3853.431654,2996.832453,2288.350453,1698.104782,1220.923679,832.0862481,522.4173736,283.7698689,112.4562207,0,0,0,0,0,0,0,0,0,0,0,0,0,0,0,0,0,0,0,0,0,0,0,0,0,0,0,0,0,0,0,0,0,0,0,0,0,0,0,0,0,0,0,0,0,0,0,0,0,0,0,0,0,0,0,0,0,0,0,0,0,0,0,0,0,0,0,0,0,0,0,0,0,0,0,0,0,0,0,0,0,0,0,0,0,0,0,0,0,0,0,0,0,0,0,0,0,0,0,0,0,0,0,0,0,0,0,0,0,0,0,0,0,0,0,0,0,0,0,0,0,0,0,0,0,0,0,0,0,0
COc1ccc(C2=[N+]3C(=Nc4c(-c5ccccc5)c(I)c(-c5ccc(OC)cc5)n4[B-]3(F)F)C(c3ccccc3)=C2I)cc1,CC#N,,,,,,,,,,,,,,,,,,,,,,,,,,,,,,,,,,,,,,,,,,,,,,,,,,,,,,,,,,,,,,,,,,,,,,,,,10516.92176,10616.74205,10726.80599,10840.07746,10954.6535,11066.04037,11156.18551,11220.98265,11252.48289,11240.48646,11190.4112,11107.57502,10999.55453,10874.62303,10737.57812,10598.8405,10456.7839,10319.476,10179.07805,10030.51378,9883.602664,9741.818215,9603.380628,9458.095634,9301.170133,9136.25752,8967.762931,8801.941725,8629.765205,8443.749031,8260.9544,8084.997664,7908.082108,7732.766644,7566.96079,7415.821084,7278.008416,7155.358826,7057.75838,6966.769389,6889.064718,6829.996472,6794.427837,6798.238089,6834.275621,6910.592122,7028.643678,7197.035144,7424.416594,7696.233015,8006.000103,8372.514812,8804.804169,9292.014282,9826.633277,10421.67164,11095.09951,11825.8395,12600.61065,13424.48722,14304.93937,15254.94872,16265.38528,17287.48588,18305.52393,19341.71715,20396.29917,21443.11752,22505.12764,23585.64938,24691.13048,25807.78002,26951.31609,28109.92846,29286.92612,30519.19829,31813.33892,33164.93084,34647.05884,36273.05998,38034.11662,39940.33178,42015.90574,44240.10537,46591.6943,49047.44006,51567.37423,54107.40091,56670.18514,59221.9628,61659.66919,63906.13845,65895.28507,67517.8761,68704.10053,69378.74836,69536.0977,69183.09709,68323.35837,66955.67575,65060.38957,62622.6927,59713.97669,56374.72878,52612.90035,48587.48091,44484.97336,40447.48639,36522.6902,32740.24213,29197.75365,25858.91122,22735.31581,19788.01487,16985.36233,14421.23648,12093.06773,10040.1956,8238.002114,6690.581708,5439.715492,4407.417119,3532.330259,2791.221955,2183.979903,1666.788045,1209.218767,838.7170948,543.0458018,307.1586161,133.5640562,0,0,0,0,0,0,0,0,0,0,0,0,0,0,0,0,0,0,0,0,0,0,0,0,0,0,0,0,0,0,0,0,0,0,0,0,0,0,0,0,0,0,0,0,0,0,0,0,0,0,0,0,0,0,0,0,0,0,0,0,0,0,0,0,0,0,0,0,0,0,0,0,0,0,0,0,0,0,0,0,0,0,0,0,0,0,0,0,0,0,0,0,0,0,0,0,0,0,0,0,0,0,0,0,0,0,0,0,0,0,0,0,0,0,0,0,0,0,0,0,0,0,0,0,0,0,0,0,0,0,0,0,0
CCOc1c(C=C2N(CC)c3ccc4ccccc4c3C2(C)C)c(=O)c1=O,CS(C)=O,,,,,,,,,,,,,,,,,,,,,,,,,,,,,,,,5926.569096,6376.424146,6878.870037,7438.174218,8066.99144,8756.576033,9512.30611,10341.28862,11237.44071,12188.49615,13179.99086,14187.2113,15182.98633,16148.78415,17071.46341,17935.30879,18754.66686,19544.53658,20316.10608,21090.25711,21869.38991,22630.86623,23344.95799,23955.12059,24409.89123,24626.31915,24547.08916,24126.84104,23332.82245,22165.60382,20637.34948,18833.72228,16820.8649,14686.46817,12528.87397,10417.95746,8460.826362,6718.74269,5219.584925,3969.743432,2957.550397,2181.215689,1583.862515,1132.880763,790.7225788,527.057265,335.6997054,199.8119557,63.92420603,0,0,0,0,0,0,0,0,0,0,0,0,0,0,0,0,0,0,0,0,0,0,0,0,0,0,0,0,0,0,0,0,0,0,0,0,0,0,0,0,0,0,0,0,0,0,0,0,0,0,0,0,0,0,0,0,0,0,0,0,0,0,0,0,0,0,0,0,0,0,0,0,0,0,0,0,0,0,0,0,0,0,0,0,0,0,0,0,0,0,0,0,0,0,0,0,0,0,0,0,0,0,0,0,0,0,0,0,0,0,0,0,0,0,0,0,0,0,0,0,0,0,0,0,0,0,0,0,0,0,0,0,0,0,0,0,0,0,0,0,0,0,0,0,0,0,0,0,0,0,0,0,0,0,0,0,0,0,0,0,0,0,0,0,0,0,0,0,0,0,0,0,0,0,0,0,0,0,0,0,0,0,0,0,0,0,0,0,0,0,0,0,0,0,0,0,0,0,0,0,0,0,0,0,0,0,0,0,0,0,0,0,0,0,0,0,0,0,0,0,0,0,0,0,0,0,0,0,0,0,0,0,0,0,0,0,0,0,0,0,0,0,0,0,0,0,0,0,0,0,0,0,0,0,0,0
CC1(C)C2=[N+](c3ccc(Br)cc31)[B-](F)(F)n1c(c3cccc4cccc1c43)=C2,ClCCl,,,,,,,,,,,,,,,,,,,,,,,,,,,,,,,,,,,,,,,,,,5170.886574,5761.707685,6374.301214,6991.315008,7645.019779,8405.220389,9308.187093,10401.11566,11696.55666,13173.92363,14793.3404,16474.90961,18100.31412,19600.27502,20997.41028,22306.12399,23575.37166,24912.35112,26427.41918,28214.22683,30354.64145,32922.03633,35905.8493,39232.51695,42754.11066,46172.51691,49179.99543,51543.5566,53154.63952,54056.01992,54464.71824,54664.27871,54931.75676,55546.63317,56761.9109,58777.77423,61746.36832,65702.74585,70524.98878,75877.03869,81228.21901,85900.44639,89111.82834,90294.66603,89179.48045,85973.45981,81283.05162,75807.39212,70290.05904,65392.30176,61589.75268,59104.48804,57908.62124,57956.11301,59217.86329,61719.20362,65437.11828,69868.15578,74363.93565,78337.29031,80773.18802,80593.92409,77259.78027,70849.91989,62094.05641,52033.94885,41744.568,31972.37426,23431.18274,16732.03617,11705.30041,7943.91995,5203.903235,3280.635957,2043.898266,1325.063323,918.9627226,623.9282817,374.7793779,222.4926271,133.2465222,78.46632097,60.17139238,54.63685765,47.47249337,38.70579901,27.68133494,13.89306799,0,0,0,0,0,0,0,0,0,0,0,0,0,0,0,0,0,0,0,0,0,0,0,0,0,0,0,0,0,0,0,0,0,0,0,0,0,0,0,0,0,0,0,0,0,0,0,0,0,0,0,0,0,0,0,0,0,0,0,0,0,0,0,0,0,0,0,0,0,0,0,0,0,0,0,0,0,0,0,0,0,0,0,0,0,0,0,0,0,0,0,0,0,0,0,0,0,0,0,0,0,0,0,0,0,0,0,0,0,0,0,0,0,0,0,0,0,0,0,0,0,0,0,0,0,0,0,0,0,0,0,0,0,0,0,0,0,0,0,0,0,0,0,0,0,0,0,0,0,0,0,0,0,0,0,0,0,0,0,0,0,0,0,0,0,0,0,0,0,0,0,0,0,0,0,0,0,0,0,0,0,0,0,0,0,0,0,0,0,0,0,0,0,0,0,0,0,0,0,0,0,0,0,0,0,0,0
CSC1=C(SC)SC(=Cc2ccc(-c3cc(-c4ccc(C=C5SC(SC)=C(SC)S5)cc4)c4ccc5c(-c6ccc(C=C7SC(SC)=C(SC)S7)cc6)cc(-c6ccc(C=C7SC(SC)=C(SC)S7)cc6)c6ccc3c4c65)cc2)S1,ClCCl,59449.2987,59315.34,58954.3734,58458.43645,57910.72836,57396.24287,57284.65191,57276.6025,57486.95688,57917.54545,58493.43579,59171.9694,60046.55119,60995.16757,61959.65254,62943.00772,64057.4786,65296.59892,66634.02314,68004.63798,69357.72761,70818.82063,72386.84777,73845.10713,75127.67532,76243.61015,77252.10352,78118.80082,78834.78699,79339.98585,79509.18019,79432.82347,79046.62095,78357.33396,77397.03021,76233.93397,74922.41819,73568.62574,72279.41424,71076.68421,69769.0604,68376.11933,66873.35333,65151.61019,63129.64867,60811.18977,58242.7301,55532.31131,52804.71649,50138.21978,47435.11212,44812.63757,42294.05214,39904.03122,37385.7572,34845.3375,32338.40654,29811.01057,27276.35174,24744.08082,22312.10748,19961.47334,17769.73782,15830.0012,13900.80172,12123.6334,10482.51987,8952.558078,7589.724623,6456.422725,5584.377431,4801.345195,4186.004394,3678.994253,3167.755304,2646.457625,2119.702312,1638.940924,1279.135974,1024.020695,854.2760857,737.8157749,669.2306476,607.2015853,539.4634327,465.1580185,373.4507838,318.9052368,344.1714896,400.5556086,465.6135794,521.035259,576.7076952,627.9574818,668.3029641,695.2158142,723.143821,770.8900105,817.4106409,857.1617714,884.398156,901.3689081,909.0805537,910.1435291,907.7043072,904.6464741,901.0241467,894.5350278,896.2261782,918.8019857,962.4299325,1001.068403,1026.369645,1035.505589,1048.475896,1056.626541,1047.717094,1004.724786,932.7953801,838.7839822,724.4990739,576.3473053,411.5270923,241.1335475,119.6364078,51.42916511,18.18021617,0,0,0,0,0,0,0,0,0,0,0,0,0,0,0,0,0,0,0,0,0,0,0,0,0,0,0,0,0,0,0,0,0,0,0,0,0,0,0,0,0,0,0,0,0,0,0,0,0,0,0,0,0,0,0,0,0,0,0,0,0,0,0,0,0,0,0,0,0,0,0,0,0,0,0,0,0,0,0,0,0,0,0,0,0,0,0,0,0,0,0,0,0,0,0,0,0,0,0,0,0,0,0,0,0,0,0,0,0,0,0,0,0,0,0,0,0,0,0,0,0,0,0,0,0,0,0,0,0,0,0,0,0,0,0,0,0,0,0,0,0,0,0,0,0,0,0,0,0,0,0,0,0,0,0,0,0,0,0,0,0,0,0,0,0,0,0,0,0,0,0,0,0,0,0,0,0,0,0,0,0,0,0,0,0,0,0,0,0,0,0,0,0,0,0,0,0,0,0,0,0,0,0,0,0,0,0,0,0
Cc1cc(N(C)c2ccc(C=CC3=CC(=C(C#N)C#N)CC(C)(C)C3)cc2)ccc1O,CS(C)=O,,,,,,,,,,,,,,,,,,,,2900.622692,2693.896659,2456.319017,2183.964595,1884.965184,1584.106818,1316.273093,1081.986752,866.7265022,681.6006123,533.5957712,424.8175244,351.296569,300.9333868,271.5148694,269.014596,288.9736422,319.3839885,352.0197811,388.4208471,442.325483,526.9486625,650.158691,801.076419,992.5785649,1235.003815,1519.961204,1852.90604,2233.394243,2654.335619,3119.599361,3640.880572,4215.853445,4820.248811,5453.34768,6090.470917,6723.075693,7364.548801,8016.50658,8693.991988,9406.829498,10146.47984,10925.30611,11738.74635,12553.19334,13378.94649,14239.48536,15148.32005,16114.4767,17145.39784,18253.17645,19378.67466,20504.90611,21605.92624,22635.22781,23605.2289,24514.07774,25369.50254,26193.53155,27005.69413,27819.42286,28621.63585,29417.19155,30194.55143,30930.80117,31615.73689,32255.5487,32838.06371,33363.07608,33837.07799,34258.82356,34627.02138,34938.88915,35182.23096,35349.14356,35463.35923,35516.39674,35481.33892,35372.16587,35194.16677,34941.07758,34597.84067,34187.05325,33702.19281,33144.12227,32542.555,31885.47776,31187.19194,30415.15313,29594.59992,28733.09058,27838.27184,26905.66058,25925.04789,24910.96565,23871.50334,22821.84443,21777.96153,20698.73787,19625.3476,18544.37206,17471.69647,16375.67457,15284.77676,14273.57495,13293.26598,12346.775,11427.09562,10496.53559,9538.015312,8559.98048,7570.207405,6564.641744,5615.337906,4790.447076,4037.953217,3361.64926,2742.375052,2180.868049,1677.336502,1218.628701,812.655761,406.6828208,0.709880572,0,0,0,0,0,0,0,0,0,0,0,0,0,0,0,0,0,0,0,0,0,0,0,0,0,0,0,0,0,0,0,0,0,0,0,0,0,0,0,0,0,0,0,0,0,0,0,0,0,0,0,0,0,0,0,0,0,0,0,0,0,0,0,0,0,0,0,0,0,0,0,0,0,0,0,0,0,0,0,0,0,0,0,0,0,0,0,0,0,0,0,0,0,0,0,0,0,0,0,0,0,0,0,0,0,0,0,0,0,0,0,0,0,0,0,0,0,0,0,0,0,0,0,0,0,0,0,0,0,0,0,0,0,0,0,0,0,0,0,0,0,0,0,0,0,0,0,0,0,0,0,0,0,0,0,0,0,0,0,0,0,0,0,0,0,0,0,0,0,0,0,0,0,0,0,0,0,0,0,0,0,0,0,0,0,0,0,0,0,0,0,0,0
Cc1cc(C)c(B2c3ccc(-c4cccs4)cc3B(c3c(C)cc(C)cc3C)c3ccc(-c4cccs4)cc32)c(C)c1,c1ccccc1,,,,,,,,,,,,,,,,9697.813141,10476.7871,11289.59669,12141.06365,13029.27737,13937.39509,14860.96765,15773.41805,16644.72497,17450.27787,18160.94316,18779.55309,19316.97748,19782.81966,20182.30672,20513.93347,20763.48826,20900.9374,20892.96131,20686.63075,20262.10719,19643.02259,18855.44322,17952.67503,16989.63172,16027.08306,15125.03517,14307.70514,13574.71188,12894.79168,12253.58532,11642.09224,11035.27774,10425.18365,9810.683943,9209.389351,8649.674486,8138.158337,7673.729964,7251.811054,6876.255359,6543.593833,6222.071742,5883.770967,5518.401,5119.87448,4682.210627,4205.779584,3694.241139,3162.275175,2640.814174,2146.584752,1687.493019,1274.087626,917.0787126,629.4936693,407.7620202,243.9436325,129.7399595,57.66194648,21.1216634,4.69997511,0.835525355,1.389449152,0,2.09725499,4.968044328,4.972683988,4.972683988,4.972683988,4.972683988,4.972683988,4.972683988,4.972683988,4.972683988,4.972683988,4.972683988,4.972683988,4.972683988,4.972683988,4.972683988,4.972683988,4.972683988,4.972683988,4.972683988,4.972683988,4.972683988,4.972683988,4.972683988,4.972683988,4.972683988,4.972683988,4.972683988,4.972683988,4.972683988,4.972683988,4.972683988,4.972683988,4.972683988,4.972683988,4.972683988,4.972683988,4.972683988,4.972683988,4.972683988,4.972683988,4.972683988,4.972683988,4.972683988,4.972683988,4.972683988,4.972683988,4.972683988,4.972683988,4.972683988,4.972683988,4.972683988,4.972683988,4.972683988,4.972683988,4.972683988,4.972683988,4.972683988,4.972683988,4.972683988,4.972683988,4.972683988,4.972683988,4.972683988,4.972683988,4.972683988,4.972683988,4.972683988,4.972683988,4.972683988,4.972683988,4.972683988,4.972683988,4.972683988,4.972683988,4.972683988,4.972683988,4.972683988,4.972683988,4.972683988,4.972683988,4.972683988,4.972683988,4.972683988,4.972683988,4.972683988,4.972683988,4.972683988,4.972683988,4.972683988,4.972683988,4.972683988,4.972683988,4.972683988,4.972683988,4.972683988,4.972683988,4.972683988,4.972683988,4.972683988,4.972683988,4.972683988,4.972683988,4.972683988,4.972683988,4.972683988,4.972683988,4.972683988,4.972683988,4.972683988,4.972683988,4.972683988,4.972683988,4.972683988,4.972683988,4.972683988,4.972683988,4.972683988,4.972683988,4.972683988,4.972683988,4.972683988,4.972683988,4.972683988,4.972683988,4.972683988,4.972683988,4.972683988,4.972683988,4.972683988,4.972683988,4.972683988,4.972683988,4.972683988,4.972683988,4.972683988,4.972683988,4.972683988,4.972683988,4.972683988,4.972683988,4.972683988,4.972683988,4.972683988,4.972683988,4.972683988,4.972683988,4.972683988,4.972683988,4.972683988,4.972683988,4.972683988,4.972683988,4.972683988,4.972683988,4.972683988,4.972683988,4.972683988,4.972683988,4.972683988,4.972683988,4.972683988,4.972683988,4.972683988,4.972683988,4.972683988,4.972683988,4.972683988,4.972683988,4.972683988,4.972683988,4.972683988,4.972683988,4.972683988,4.972683988,4.972683988,4.972683988,4.972683988,4.972683988,4.972683988,4.972683988,4.972683988,4.972683988,4.972683988,4.972683988,4.972683988,4.972683988,4.972683988,4.972683988,4.972683988,4.972683988,4.972683988,4.972683988,4.972683988,4.972683988,4.972683988,4.972683988,4.972683988,4.972683988,4.972683988,4.972683988,4.972683988,4.972683988,4.972683988,4.972683988,4.972683988,4.972683988,4.972683988,4.972683988,4.972683988,4.972683988,4.972683988,4.972683988,4.972683988,4.972683988,4.972683988,4.972683988,4.972683988,4.972683988,4.972683988,4.972683988,4.972683988,4.972683988,4.972683988,4.972683988,4.972683988,4.972683988,4.972683988,4.972683988,4.972683988,4.972683988,4.972683988,4.972683988,4.972683988,4.972683988,4.972683988,4.972683988,4.972683988,4.972683988,4.972683988,4.972683988,4.972683988,4.972683988,4.972683988,4.972683988,4.972683988,4.972683988,4.972683988,4.972683988,4.972683988,4.972683988,4.972683988,4.972683988,4.972683988,4.972683988,4.972683988
CCC1=C(C)C2=C(C)c3c(C)c(-c4csc(N5CCOCC5)n4)c(C)n3[B-](F)(F)[N+]2=C1C,ClC(Cl)Cl,,,,,,,,,,,,,,,,,,5893.468366,6037.485973,6143.309836,6211.77893,6272.306268,6337.271129,6401.029186,6460.883456,6508.824662,6528.872616,6502.124648,6428.507452,6320.417884,6205.152868,6136.306085,6120.574546,6116.285354,6093.567212,6032.761002,5925.822507,5766.807733,5561.84566,5331.88795,5098.350983,4886.990275,4692.659653,4483.714269,4261.223954,4049.074001,3854.449502,3667.272678,3487.462718,3323.713756,3179.968377,3051.818423,2938.761881,2854.368759,2811.710054,2808.541068,2832.933516,2868.366401,2915.71578,2988.211913,3094.086792,3234.625673,3426.756182,3700.712728,4060.324288,4491.468253,4991.676999,5555.541983,6185.449165,6892.53758,7679.493709,8535.949325,9466.794449,10496.66568,11636.54278,12895.00415,14264.79739,15724.45573,17248.22131,18774.26288,20273.90117,21762.16935,23280.64492,24870.08959,26587.21606,28524.27476,30742.02368,33292.89534,36167.44259,39377.04219,42850.76556,46422.10417,49854.95975,52886.50279,55290.92073,56847.02823,57425.26405,57023,55716.95389,53614.46527,50832.48526,47613.86485,44167.82746,40597.30425,36980.78186,33334.29065,29730.83005,26239.61745,22891.97339,19677.87368,16699.50697,14103.53298,11899.8861,10019.23831,8420.346704,7043.794297,5853.168824,4841.973694,3994.603406,3287.633956,2692.224225,2194.103487,1772.280208,1406.33582,1081.442493,791.3066258,541.4255012,354.8799449,225.214948,132.4279997,69.38866642,32.68209982,12.80477079,0,0,0,0,0,0,0,0,0,0,0,0,0,0,0,0,0,0,0,0,0,0,0,0,0,0,0,0,0,0,0,0,0,0,0,0,0,0,0,0,0,0,0,0,0,0,0,0,0,0,0,0,0,0,0,0,0,0,0,0,0,0,0,0,0,0,0,0,0,0,0,0,0,0,0,0,0,0,0,0,0,0,0,0,0,0,0,0,0,0,0,0,0,0,0,0,0,0,0,0,0,0,0,0,0,0,0,0,0,0,0,0,0,0,0,0,0,0,0,0,0,0,0,0,0,0,0,0,0,0,0,0,0,0,0,0,0,0,0,0,0,0,0,0,0,0,0,0,0,0,0,0,0,0,0,0,0,0,0,0,0,0,0,0,0,0,0,0,0,0,0,0,0,0,0,0,0,0,0,0,0,0,0,0,0,0,0,0,0,0,0,0,0,0,0,0,0,0,0,0,0,0,0
Cc1nc(N2CCCC2)c(C#N)c(C#N)c1C,c1ccccc1,614.2470363,691.0034951,772.6825169,871.353091,989.8175872,1123.773344,1270.279497,1426.258077,1593.917103,1766.980245,1946.277447,2136.447931,2333.811711,2540.565711,2755.046543,2969.224177,3182.527042,3393.507485,3604.688405,3811.143661,4017.187816,4228.26711,4439.744218,4650.007807,4854.895751,5046.069568,5222.115773,5372.703815,5492.94048,5584.680583,5642.384212,5662.614643,5650,5603.832628,5524.260951,5415.741673,5285.883501,5131.735059,4959.905879,4763.658958,4531.581055,4266.117536,3973.104572,3651.365073,3290.966596,2914.805785,2540.926147,2180.848097,1844.851446,1535.732212,1256.61319,977.4941689,698.3751475,419.2561261,140.1371048,0,0,0,0,0,0,0,0,0,0,0,0,0,0,0,0,0,0,0,0,0,0,0,0,0,0,0,0,0,0,0,0,0,0,0,0,0,0,0,0,0,0,0,0,0,0,0,0,0,0,0,0,0,0,0,0,0,0,0,0,0,0,0,0,0,0,0,0,0,0,0,0,0,0,0,0,0,0,0,0,0,0,0,0,0,0,0,0,0,0,0,0,0,0,0,0,0,0,0,0,0,0,0,0,0,0,0,0,0,0,0,0,0,0,0,0,0,0,0,0,0,0,0,0,0,0,0,0,0,0,0,0,0,0,0,0,0,0,0,0,0,0,0,0,0,0,0,0,0,0,0,0,0,0,0,0,0,0,0,0,0,0,0,0,0,0,0,0,0,0,0,0,0,0,0,0,0,0,0,0,0,0,0,0,0,0,0,0,0,0,0,0,0,0,0,0,0,0,0,0,0,0,0,0,0,0,0,0,0,0,0,0,0,0,0,0,0,0,0,0,0,0,0,0,0,0,0,0,0,0,0,0,0,0,0,0,0,0,0,0,0,0,0,0,0,0,0,0,0,0,0,0,0,0,0,0,0,0,0,0,0,0,0,0,0,0,0,0,0,0,0,0,0,0,0,0,0,0,0,0,0
CN1C(=O)C(=Cc2ccc(C#N)cc2)N=C1C=Cc1ccncc1,CO,8574.727664,8422.483762,7986.687979,7353.244295,6635.965909,5962.99157,5470.944325,5119.7289,4925.299534,4876.975765,4933.811782,5067.910975,5249.627378,5465.282525,5713.075722,5983.377558,6270.870319,6574.74806,6902.562411,7255.356532,7630.738541,8026.938741,8444.93744,8881.333645,9331.100515,9789.164833,10249.08758,10706.19514,11159.38888,11603.712,12033.62236,12446.70015,12845.33446,13227.61203,13589.44693,13924.48551,14225.82861,14488.745,14712.77404,14895.05108,15030.10288,15115.1516,15150.74227,15135.61248,15070.07566,14954.98908,14789.20768,14574.51559,14316.7554,14016.90365,13670.3807,13277.78791,12842.09107,12368.42941,11863.63271,11331.94436,10772.3797,10190.0355,9593.831234,8989.888852,8378.730953,7766.687289,7163.780258,6578.555099,6014.890735,5475.886506,4964.70798,4485.962039,4041.912785,3631.431503,3251.095922,2900.410864,2581.162869,2286.147076,2009.272941,1754.053292,1523.800681,1313.634152,1123.58027,954.7118137,806.4349917,675.5174363,561.319671,457.7810922,354.2425135,250.7039347,147.165356,43.62677722,0,0,0,0,0,0,0,0,0,0,0,0,0,0,0,0,0,0,0,0,0,0,0,0,0,0,0,0,0,0,0,0,0,0,0,0,0,0,0,0,0,0,0,0,0,0,0,0,0,0,0,0,0,0,0,0,0,0,0,0,0,0,0,0,0,0,0,0,0,0,0,0,0,0,0,0,0,0,0,0,0,0,0,0,0,0,0,0,0,0,0,0,0,0,0,0,0,0,0,0,0,0,0,0,0,0,0,0,0,0,0,0,0,0,0,0,0,0,0,0,0,0,0,0,0,0,0,0,0,0,0,0,0,0,0,0,0,0,0,0,0,0,0,0,0,0,0,0,0,0,0,0,0,0,0,0,0,0,0,0,0,0,0,0,0,0,0,0,0,0,0,0,0,0,0,0,0,0,0,0,0,0,0,0,0,0,0,0,0,0,0,0,0,0,0,0,0,0,0,0,0,0,0,0,0,0,0,0,0,0,0,0,0,0,0,0,0,0,0,0,0,0,0,0,0,0,0,0,0,0,0,0,0,0,0,0,0,0,0,0,0,0,0,0,0,0,0,0
Cc1csc2[n+]1[B-](F)(F)n1c(c3cccc4cccc1c43)=N2,Cc1ccccc1,,,,,,,,,,,,,,,,5893.942315,5793.752089,5771.204248,5869.65412,6075.469117,6349.399263,6613.260367,6780.238221,6853.560396,6810.577166,6682.610872,6618.937546,6732.939688,7057.053677,7565.634647,8259.831086,9124.66178,10115.08179,11210.04552,12324.7236,13363.95174,14303.59958,15152.31745,15953.82513,16769.8579,17650.44591,18658.99991,19887.01319,21409.77381,23195.82517,25085.26203,26868.48628,28346.63581,29373.35629,29865.52841,29863.25548,29603.49295,29405.05034,29470.9063,29856.27237,30577.48949,31712.71544,33331.4407,35331.05772,37371.38503,39024.63988,39916.73753,39755.39042,38384.15089,35887.16886,32692.3017,29491.69837,26931.81588,25293.08445,24433.98384,24058.15943,23969.98806,24138.37716,24650.85972,25504.37669,26500,27279.67449,27356.64021,26286.08776,23855.03256,20185.36158,15766.89647,11286.37579,7400.299287,4504.718669,2638.424749,1575.217988,990.9681985,649.8185509,427.9150742,268.3327659,160.7656428,93.74117142,53.15552858,39.81887039,39.16742789,32.30573708,27.93399552,26.02717416,21.02273736,15.32632082,9.621855708,4.990302746,1.089303723,0,0,0,0,0,0,0,0,0,0,0,0,0,0,0,0,0,0,0,0,0,0,0,0,0,0,0,0,0,0,0,0,0,0,0,0,0,0,0,0,0,0,0,0,0,0,0,0,0,0,0,0,0,0,0,0,0,0,0,0,0,0,0,0,0,0,0,0,0,0,0,0,0,0,0,0,0,0,0,0,0,0,0,0,0,0,0,0,0,0,0,0,0,0,0,0,0,0,0,0,0,0,0,0,0,0,0,0,0,0,0,0,0,0,0,0,0,0,0,0,0,0,0,0,0,0,0,0,0,0,0,0,0,0,0,0,0,0,0,0,0,0,0,0,0,0,0,0,0,0,0,0,0,0,0,0,0,0,0,0,0,0,0,0,0,0,0,0,0,0,0,0,0,0,0,0,0,0,0,0,0,0,0,0,0,0,0,0,0,0,0,0,0,0,0,0,0,0,0,0,0,0,0,0,0,0,0,0,0,0,0,0,0,0,0,0,0,0,0,0,0,0,0,0,0,0,0,0,0,0,0,0
Cn1cccc1N=Nc1ccc(-c2ccc(S(C)(=O)=O)cc2)cc1,CS(C)=O,4060.656298,4171.467541,4304.863539,4471.624901,4685.249513,4953.02905,5267.764389,5643.633597,6085.829555,6591.590937,7169.260121,7827.447782,8579.288267,9383.842118,10220.04634,11076.02295,11952.96379,12876.12492,13850.6716,14927.25468,16132.32668,17414.70472,18780.40893,20167.20252,21497.19192,22743.99422,23895.64727,24957.12384,25933.60262,26867.74458,27757.02931,28563.86154,29324.58261,30028.59985,30638.8348,31166.37367,31619.62283,31970.74219,32184.99656,32250.17752,32153,31885.7701,31461.47345,30911.23456,30268.91717,29565.58532,28851.67018,28136.17733,27437.28589,26774.5381,26144.91915,25542.64785,24968.37643,24415.88356,23878.3524,23328.48418,22757.45266,22158.71641,21508.99783,20800.31954,20029.21286,19184.18969,18275.37369,17311.91591,16304.66641,15258.19651,14194.57533,13131.51131,12072.80358,11035.23897,10037.86181,9085.110124,8184.147342,7343.348846,6564.147214,5842.005804,5189.440944,4602.832621,4076.613981,3608.296215,3192.353681,2813.365982,2466.785269,2151.593457,1861.945263,1593.207501,1357.693511,1151.589502,975.1612381,830.0656211,711.40063,607.7433073,518.8287329,431.607898,351.6239435,282.3076321,215.7217178,154.2562385,105.4446132,69.95858179,47.3737502,33.14411217,19.26304527,0,0,0,0,0,0,0,0,0,0,0,0,0,0,0,0,0,0,0,0,0,0,0,0,0,0,0,0,0,0,0,0,0,0,0,0,0,0,0,0,0,0,0,0,0,0,0,0,0,0,0,0,0,0,0,0,0,0,0,0,0,0,0,0,0,0,0,0,0,0,0,0,0,0,0,0,0,0,0,0,0,0,0,0,0,0,0,0,0,0,0,0,0,0,0,0,0,0,0,0,0,0,0,0,0,0,0,0,0,0,0,0,0,0,0,0,0,0,0,0,0,0,0,0,0,0,0,0,0,0,0,0,0,0,0,0,0,0,0,0,0,0,0,0,0,0,0,0,0,0,0,0,0,0,0,0,0,0,0,0,0,0,0,0,0,0,0,0,0,0,0,0,0,0,0,0,0,0,0,0,0,0,0,0,0,0,0,0,0,0,0,0,0,0,0,0,0,0,0,0,0,0,0,0,0,0,0,0,0,0,0,0,0,0,0,0,0,0,0,0,0,0,0,0,0,0,0,0,0,0,0,0,0
CC1=C(I)C(C)=[N+]2C1=C(c1ccc(O)cc1)c1c(C)c(I)c(C)n1[B-]2(F)F,CC#N,,,,,,,,,,,,,,,,,,,,,,,,,,,,,,,,,,,,,,,,,,,,,,,,,,,,,,,,,,,,,,,,,,5032.10716,5748.025391,6497.699259,7261.034643,8086.568785,8978.663579,9954.919156,11106.68278,12483.21476,14113.42519,16029.6506,18241.9402,20684.44022,23268.66109,25946.04536,28595.3863,31123.57886,33477.74714,35607.43296,37562.87276,39096.18929,40377.9698,42200.76486,45445.53407,50450.96625,56504.43374,63076.62871,70512.48698,78276.60553,85223.76245,91411.4837,96489.14971,100397.9106,102601.9835,102329.2992,98671.37351,92482.92237,83544.30913,73175.1356,61131.48689,49540.50053,38783.8461,29263.16052,21116.08738,14571.03663,9725.25298,6718.234017,4240.104134,3110.634898,1982.074865,1275.968943,820.2888039,546.3235311,416.2791157,340.39788,311.3089743,338.4658259,371.6643243,389.2907191,396.0809422,378.9015717,336.7451612,268.3320091,177.1029396,84.61007943,19.56956141,0,14.13404918,35.83973002,50.77337178,59.81589013,63.88835713,59.54136166,54.39830938,67.80095612,110.4205544,173.0016812,236.701379,287.1641067,321.4084399,341.7215265,349.7290699,353.7348621,364.8384908,390.3592839,426.2409383,465.6957562,504.4507412,538.1841534,564.6396567,578.9891362,578.8211864,560.6444718,530.095792,502.5585909,494.9652395,514.44085,549.920435,589.1903819,625.1005751,652.1824174,660.9589942,642.9825567,606.788743,572.7141275,556.6646929,557.4597395,565.2978178,573.1353911,573.8675512,562.7310903,537.2542419,502.2343089,467.214376,432.194443,397.1745101,362.1545772,327.1346442,292.1147113,257.0947783,222.0748454,187.0549125,152.0349795,117.0150466,81.99511364,46.9751807,11.95524776,0,0,0,0,0,0,0,0,0,0,0,0,0,0,0,0,0,0,0,0,0,0,0,0,0,0,0,0,0,0,0,0,0,0,0,0,0,0,0,0,0,0,0,0,0,0,0,0,0,0,0,0,0,0,0,0,0,0,0,0,0,0,0,0,0,0,0,0,0,0,0,0,0,0,0,0,0,0,0,0,0,0,0,0,0,0,0,0,0,0,0,0,0,0,0,0,0,0,0,0,0,0,0,0,0,0,0,0,0,0,0,0,0,0,0,0,0,0,0,0,0,0,0,0,0,0,0,0,0,0,0,0,0,0,0,0,0,0,0,0,0,0,0,0
CCCCCCN1C(=O)c2cccc3c(NN=Cc4ccccc4)ccc(c23)C1=O,CC#N,,,,,,,,,,,,,,,,,,,,,,,,,,,,,,,,6306.562897,6824.574337,7374.01315,7949.385729,8545.088755,9173.624705,9815.008386,10468.73703,11127.86811,11779.49654,12422.30706,13076.55271,13728.03686,14367.62912,14990.83607,15598.14672,16175.26638,16702.74916,17179.53666,17591.48021,17930.53404,18196.9444,18395.76106,18537.69016,18608.33103,18620.87137,18572.72815,18449.1127,18269.96499,18011.94346,17660.89087,17207.77219,16662.26024,16023.50544,15279.03637,14460.6877,13556.73776,12593.40392,11607.74151,10598.58712,9575.518394,8566.700628,7588.883226,6646.168002,5769.509446,4954.047895,4205.262628,3552.293977,2990.321798,2502.554055,2086.721231,1743.035211,1451.2707,1201.47655,994.3163662,812.5412224,669.5492836,559.0596491,471.9089006,401.2490979,347.328403,304.0739877,268.0011994,235.233076,204.0211354,174.1736041,145.6412351,118.8563405,91.51684929,64.54307288,38.49758197,16.69577583,0,0,0,0,0,0,0,0,0,0,0,0,0,0,0,0,0,0,0,0,0,0,0,0,0,0,0,0,0,0,0,0,0,0,0,0,0,0,0,0,0,0,0,0,0,0,0,0,0,0,0,0,0,0,0,0,0,0,0,0,0,0,0,0,0,0,0,0,0,0,0,0,0,0,0,0,0,0,0,0,0,0,0,0,0,0,0,0,0,0,0,0,0,0,0,0,0,0,0,0,0,0,0,0,0,0,0,0,0,0,0,0,0,0,0,0,0,0,0,0,0,0,0,0,0,0,0,0,0,0,0,0,0,0,0,0,0,0,0,0,0,0,0,0,0,0,0,0,0,0,0,0,0,0,0,0,0,0,0,0,0,0,0,0,0,0,0,0,0,0,0,0,0,0,0,0,0,0,0,0,0,0,0,0,0,0,0,0,0,0,0,0,0,0,0,0,0,0,0,0,0,0,0,0,0,0,0,0,0,0,0,0,0,0,0,0,0,0,0,0,0,0,0,0,0,0,0,0,0,0,0,0,0
COCCOCCOc1cc(C=Cc2ccc(N(c3ccccc3)c3ccccc3)cc2)c(OCCOCCOC)cc1C=Cc1ccc(N(c2ccccc2)c2ccccc2)cc1,CC#N,10932.81057,11040.3521,11154.14143,11290.3281,11466.37157,11677.9785,11899.18197,12111.19235,12301.69192,12476.41526,12656.19127,12851.77326,13070.9245,13332.8252,13664.11976,14061.87387,14499.53106,14967.88439,15462.43847,15983.26719,16535.99878,17124.92483,17755.7021,18432.71089,19170.09802,19962.10902,20782.48841,21609.55378,22423.21888,23207.00851,23947.4206,24639.53633,25296.49291,25930.87863,26557.28483,27175.14976,27760.92032,28310.2099,28785.82026,29187.11601,29475.20309,29643.41818,29689.4369,29615.58832,29413.60148,29100,28654.00812,28089.84876,27407.2527,26678.11409,25865.8277,24960.01945,23972.89694,22913.11599,21750.83924,20482.44911,19088.76892,17593.55137,16030.53762,14456.1895,12858.96156,11264.32661,9719.04853,8248.241041,6880.503228,5637.33482,4536.272536,3586.356725,2791.072298,2145.12935,1633.163397,1235.044355,924.5080416,687.9686794,522.1567664,399.8114131,307.2362911,234.6099803,180.3398198,138.9742314,105.3183293,77.15344327,54.03799196,34.83811656,19.15098163,7.587451761,1.505020904,0,1.962208385,5.008997395,5.441661115,5.131078061,4.431497419,3.34291919,2.138179823,1.634789269,1.879719371,2.139871117,2.139871117,2.139871117,1.771784072,2.035395283,2.638879683,3.085535015,3.375361281,3.50835848,3.484526612,3.303865677,2.966375675,2.472056606,1.820908471,1.943373521,2.139871117,2.139871117,2.139871117,1.196129144,0.502160522,1.730347372,5.014071277,9.872082257,14.47739856,17.72007015,19.59248621,19.9336663,18.01520093,13.56978877,9.124684125,6.743496125,4.362308125,1.981120125,0,0,0,0,0,0,0,0,0,0,0,0,0,0,0,0,0,0,0,0,0,0,0,0,0,0,0,0,0,0,0,0,0,0,0,0,0,0,0,0,0,0,0,0,0,0,0,0,0,0,0,0,0,0,0,0,0,0,0,0,0,0,0,0,0,0,0,0,0,0,0,0,0,0,0,0,0,0,0,0,0,0,0,0,0,0,0,0,0,0,0,0,0,0,0,0,0,0,0,0,0,0,0,0,0,0,0,0,0,0,0,0,0,0,0,0,0,0,0,0,0,0,0,0,0,0,0,0,0,0,0,0,0,0,0,0,0,0,0,0,0,0,0,0,0,0,0,0,0,0,0,0,0,0,0,0,0,0,0,0,0,0,0,0,0,0,0,0,0,0,0,0,0,0,0,0,0,0,0,0,0,0,0,0,0,0,0,0,0,0,0,0,0,0,0,0,0,0,0,0,0,0,0,0,0,0
CC1=Nc2ccc3c(C(F)(F)F)cc(-c4ccccc4)nc3[n+]2[B-](F)(F)O1,ClC(Cl)Cl,2321.400032,2616.272384,2913.606548,3224.309386,3562.039646,3950.921656,4405.36829,4962.867842,5625.744603,6350.103912,7081.473416,7761.55442,8374.189329,8915.38541,9441.601342,10071.47258,10905.6569,11986.92758,13204.46646,14336.29759,15176.51179,15599.76031,15579.38427,15201.16929,14658.14943,14283.29449,14355.52524,14909.42161,15865.43585,16949.6932,17588.52052,17378.00829,16187.31488,14120.03465,11387.5318,8454.448014,5699.482841,3433.538454,1903.550768,1068.829144,590.7152695,306.074093,165.2544305,110.0231022,69.48031166,53.75007224,19.39303133,2.049203702,0,6.839004806,13.77657428,13.77657428,13.77657428,13.77657428,13.77657428,13.77657428,13.77657428,13.77657428,13.77657428,13.77657428,13.77657428,13.77657428,13.77657428,13.77657428,13.77657428,13.77657428,13.77657428,13.77657428,13.77657428,13.77657428,13.77657428,13.77657428,13.77657428,13.77657428,13.77657428,13.77657428,13.77657428,13.77657428,13.77657428,13.77657428,13.77657428,13.77657428,13.77657428,13.77657428,13.77657428,13.77657428,13.77657428,13.77657428,13.77657428,13.77657428,13.77657428,13.77657428,13.77657428,13.77657428,13.77657428,13.77657428,13.77657428,13.77657428,13.77657428,13.77657428,13.77657428,13.77657428,13.77657428,13.77657428,13.77657428,13.77657428,13.77657428,13.77657428,13.77657428,13.77657428,13.77657428,13.77657428,13.77657428,13.77657428,13.77657428,13.77657428,13.77657428,13.77657428,13.77657428,13.77657428,13.77657428,13.77657428,13.77657428,13.77657428,13.77657428,13.77657428,13.77657428,13.77657428,13.77657428,13.77657428,13.77657428,13.77657428,13.77657428,13.77657428,13.77657428,13.77657428,13.77657428,13.77657428,13.77657428,13.77657428,13.77657428,13.77657428,13.77657428,13.77657428,13.77657428,13.77657428,13.77657428,13.77657428,13.77657428,13.77657428,13.77657428,13.77657428,13.77657428,13.77657428,13.77657428,13.77657428,13.77657428,13.77657428,13.77657428,13.77657428,13.77657428,13.77657428,13.77657428,13.77657428,13.77657428,13.77657428,13.77657428,13.77657428,13.77657428,13.77657428,13.77657428,13.77657428,13.77657428,13.77657428,13.77657428,13.77657428,13.77657428,13.77657428,13.77657428,13.77657428,13.77657428,13.77657428,13.77657428,13.77657428,13.77657428,13.77657428,13.77657428,13.77657428,13.77657428,13.77657428,13.77657428,13.77657428,13.77657428,13.77657428,13.77657428,13.77657428,13.77657428,13.77657428,13.77657428,13.77657428,13.77657428,13.77657428,13.77657428,13.77657428,13.77657428,13.77657428,13.77657428,13.77657428,13.77657428,13.77657428,13.77657428,13.77657428,13.77657428,13.77657428,13.77657428,13.77657428,13.77657428,13.77657428,13.77657428,13.77657428,13.77657428,13.77657428,13.77657428,13.77657428,13.77657428,13.77657428,13.77657428,13.77657428,13.77657428,13.77657428,13.77657428,13.77657428,13.77657428,13.77657428,13.77657428,13.77657428,13.77657428,13.77657428,13.77657428,13.77657428,13.77657428,13.77657428,13.77657428,13.77657428,13.77657428,13.77657428,13.77657428,13.77657428,13.77657428,13.77657428,13.77657428,13.77657428,13.77657428,13.77657428,13.77657428,13.77657428,13.77657428,13.77657428,13.77657428,13.77657428,13.77657428,13.77657428,13.77657428,13.77657428,13.77657428,13.77657428,13.77657428,13.77657428,13.77657428,13.77657428,13.77657428,13.77657428,13.77657428,13.77657428,13.77657428,13.77657428,13.77657428,13.77657428,13.77657428,13.77657428,13.77657428,13.77657428,13.77657428,13.77657428,13.77657428,13.77657428,13.77657428,13.77657428,13.77657428,13.77657428,13.77657428,13.77657428,13.77657428,13.77657428,13.77657428,13.77657428,13.77657428,13.77657428,13.77657428,13.77657428,13.77657428,13.77657428,13.77657428,13.77657428,13.77657428,13.77657428,13.77657428,13.77657428,13.77657428,13.77657428,13.77657428,13.77657428,13.77657428,13.77657428,13.77657428,13.77657428,13.77657428,13.77657428,13.77657428,13.77657428,13.77657428,13.77657428,13.77657428,13.77657428,13.77657428,13.77657428,13.77657428,13.77657428,13.77657428,13.77657428,13.77657428,13.77657428,13.77657428,13.77657428,13.77657428,13.77657428
CCOC(=O)c1ccc2nc(N=Nc3ccc(N(CC)CC)cc3)sc2c1,CC#N,553.9938968,550.9165039,541.880097,527.2024876,511.1587778,500.8949341,499.4138349,501.9485036,503.5418636,503.6703573,503.7478055,503.7478055,503.7478055,503.7478055,503.7478055,503.7478055,503.7478055,503.7478055,503.7478055,503.7478055,503.7478055,503.7478055,503.761887,503.7794888,501.940485,498.6665379,500.1480283,508.9335108,520.4357436,532.7146098,546.2295181,562.5849765,587.4036077,622.3014585,660.2532332,702.1980889,754.8409677,820.09441,902.4637114,1006.701376,1131.030201,1275.557559,1443.128889,1629.344115,1824.65755,2027.38098,2237.555866,2460.526331,2711.085962,2991.747521,3295.830318,3620.025791,3957.625866,4305.162195,4667.519295,5046.439556,5434.529411,5833.985182,6261.099547,6720.628532,7209.810011,7722.73054,8245.208295,8773.258997,9313.301459,9861.723975,10407.79957,10954.31092,11513.71152,12089.2548,12677.95918,13277.56734,13891.89789,14524.80897,15169.91384,15821.78135,16482.38564,17154.9903,17842.90213,18545.21521,19258.14008,19983.7064,20735.01096,21503.3862,22259.95938,22990.90034,23695.3855,24366.21276,24996.65078,25579.28272,26107.50338,26579.34643,26996.6724,27352.58115,27643.82006,27871.90876,28033.77611,28125.51762,28142.35185,28100,27986.04161,27802.15276,27544.51034,27217.94487,26847.37239,26415.96063,25913.64112,25330.35967,24676.89861,23959.03544,23161.09748,22311.19333,21379.06324,20375.44786,19328.44252,18230.4563,17098.11535,15899.41262,14648.55009,13363.20159,12078.72497,10827.58296,9604.723235,8451.042562,7398.86344,6454.893746,5617.559677,4857.866266,4177.827949,3559.143283,3002.346582,2499.830712,2051.967266,1658.159934,1305.769597,994.6088936,735.0412152,534.0458976,373.2528509,236.9533876,137.0837242,70.32982055,32.00312619,14.45660819,2.759972602,0,4.63457134,10.65440954,10.65440954,10.65440954,10.65440954,10.65440954,10.65440954,10.65440954,10.65440954,10.65440954,10.65440954,10.65440954,10.65440954,10.65440954,10.65440954,10.65440954,10.65440954,10.65440954,10.65440954,10.65440954,10.65440954,10.65440954,10.65440954,10.65440954,10.65440954,10.65440954,10.65440954,10.65440954,10.65440954,10.65440954,10.65440954,10.65440954,10.65440954,10.65440954,10.65440954,10.65440954,10.65440954,10.65440954,10.65440954,10.65440954,10.65440954,10.65440954,10.65440954,10.65440954,10.65440954,10.65440954,10.65440954,10.65440954,10.65440954,10.65440954,10.65440954,10.65440954,10.65440954,10.65440954,10.65440954,10.65440954,10.65440954,10.65440954,10.65440954,10.65440954,10.65440954,10.65440954,10.65440954,10.65440954,10.65440954,10.65440954,10.65440954,10.65440954,10.65440954,10.65440954,10.65440954,10.65440954,10.65440954,10.65440954,10.65440954,10.65440954,10.65440954,10.65440954,10.65440954,10.65440954,10.65440954,10.65440954,10.65440954,10.65440954,10.65440954,10.65440954,10.65440954,10.65440954,10.65440954,10.65440954,10.65440954,10.65440954,10.65440954,10.65440954,10.65440954,10.65440954,10.65440954,10.65440954,10.65440954,10.65440954,10.65440954,10.65440954,10.65440954,10.65440954,10.65440954,10.65440954,10.65440954,10.65440954,10.65440954,10.65440954,10.65440954,10.65440954,10.65440954,10.65440954,10.65440954,10.65440954,10.65440954,10.65440954,10.65440954,10.65440954,10.65440954,10.65440954,10.65440954,10.65440954,10.65440954,10.65440954,10.65440954,10.65440954,10.65440954,10.65440954,10.65440954,10.65440954,10.65440954,10.65440954,10.65440954,10.65440954,10.65440954,10.65440954,10.65440954,10.65440954,10.65440954,10.65440954,10.65440954,10.65440954,10.65440954,10.65440954,10.65440954,10.65440954,10.65440954,10.65440954,10.65440954,10.65440954,10.65440954,10.65440954,10.65440954,10.65440954,10.65440954,10.65440954,10.65440954,10.65440954,10.65440954,10.65440954,10.65440954,10.65440954,10.65440954,10.65440954,10.65440954,10.65440954,10.65440954,10.65440954,10.65440954,10.65440954,10.65440954,10.65440954,10.65440954,10.65440954,10.65440954,10.65440954,10.65440954,10.65440954,10.65440954,10.65440954,10.65440954,10.65440954,10.65440954,10.65440954,10.65440954,10.65440954,10.65440954,10.65440954
Cc1cc(Br)ccc1NC(S)=N/N=C/c1ccc(N(C)C)cc1,CO,14766.28843,15334.2226,16115.13208,17073.52099,17996.41402,18990.29882,20126.16716,21084.55607,22113.93675,22965.83801,23817.73926,24527.65698,25024.59938,25379.55823,25450.55,25415.05412,25273.07058,24847.11995,24350.17755,23675.75572,22930.34212,22078.44087,21013.5643,19664.72064,18209.38933,16505.58682,14730.79254,12814.01472,11003.72455,9335.417923,7738.10307,6389.259415,5217.895189,4117.522734,3301.117365,2484.711995,1916.777825,1490.827197,1171.364226,816.4053697,638.9259415,496.942399,496.942399,319.4629708,283.9670851,212.9753138,106.4876569,177.4794282,106.4876569,106.4876569,106.4876569,106.4876569,70.99177128,35.49588564,35.49588564,35.49588564,35.49588564,35.49588564,35.49588564,35.49588564,35.49588564,35.49588564,35.49588564,0,35.49588564,35.49588564,35.49588564,35.49588564,35.49588564,35.49588564,35.49588564,35.49588564,0,35.49588564,35.49588564,0,35.49588564,0,0,35.49588564,0,35.49588564,0,0,0,0,0,0,0,0,0,0,0,0,0,0,0,0,0,0,0,0,0,0,0,0,0,0,0,0,0,0,0,0,0,0,0,0,0,0,0,0,0,0,0,0,0,0,0,0,0,0,0,0,0,0,0,0,0,0,0,0,0,0,0,0,0,0,0,0,0,0,0,0,0,0,0,0,0,0,0,0,0,0,0,0,0,0,0,0,0,0,0,0,0,0,0,0,0,0,0,0,0,0,0,0,0,0,0,0,0,0,0,0,0,0,0,0,0,0,0,0,0,0,0,0,0,0,0,0,0,0,0,0,0,0,0,0,0,0,0,0,0,0,0,0,0,0,0,0,0,0,0,0,0,0,0,0,0,0,0,0,0,0,0,0,0,0,0,0,0,0,0,0,0,0,0,0,0,0,0,0,0,0,0,0,0,0,0,0,0,0,0,0,0,0,0,0,0,0,0,0,0,0,0,0,0,0,0,0,0,0,0,0,0,0,0,0,0,0,0,0,0,0,0,0,0,0,0,0,0,0,0,0,0,0,0,0,0,0,0,0,0,0,0,0,0,0,0,0,0,0,0,0,0,0
CCC1=C(C)C2=Cc3c4ccccc4c4n3[B-](C)(Oc3ccccc3-4)[N+]2=C1C,Cc1ccccc1,,,,,,,,,,,,,,,,,,,,,,,,,,,,,,,,,,,,,,,,,,,,,,,,,,,,,,,,,,,,,,,,,,,,,,,,,,,,,,,,,,,2529.140362,2617.164201,2686.814942,2747.112107,2811.417948,2879.064352,2970.929838,3086.680352,3210.281188,3345.072911,3510.597816,3679.463283,3891.589043,4115.239746,4365.781982,4617.827472,4835.131105,5070.473779,5293.623397,5477.688427,5625.007262,5737.918297,5883.900906,6023.369418,6158.495197,6324.18713,6570.887718,6901.436442,7311.657597,7808.900422,8389.490298,9078.147391,9891.073434,10873.03197,12023.52192,13381.7949,14901.08302,16465.8028,18008.64189,19379.60901,20437.39833,21147.76908,21519.40674,21628.47612,21550.30694,21395.13779,21214.9144,21128.39382,21221.26147,21528.92734,22151.27426,23185.67964,24592.72483,26362.22114,28417.83667,30660.52374,33101.64026,35824.0322,39014.27001,42888.15407,47595.67567,53070.69164,58884.10667,64320.20508,68407.05004,70164.35329,69000,64746.96202,57801.7642,49042.64059,39563.79265,30462.09429,22533.10062,16183.69224,11430.40493,8048.585828,5733.241508,4169.523897,3086.84738,2320.522193,1773.003892,1387.836961,1116.91729,931.0149502,745.1126109,559.2102715,373.3079321,187.4055928,1.503253418,0,0,0,0,0,0,0,0,0,0,0,0,0,0,0,0,0,0,0,0,0,0,0,0,0,0,0,0,0,0,0,0,0,0,0,0,0,0,0,0,0,0,0,0,0,0,0,0,0,0,0,0,0,0,0,0,0,0,0,0,0,0,0,0,0,0,0,0,0,0,0,0,0,0,0,0,0,0,0,0,0,0,0,0,0,0,0,0,0,0,0,0,0,0,0,0,0,0,0,0,0,0,0,0,0,0,0,0,0,0,0,0,0,0,0,0,0,0,0,0,0,0,0,0,0,0,0,0,0,0,0,0,0,0,0,0,0,0,0,0,0,0,0,0,0,0,0,0,0,0,0,0,0,0,0,0,0,0,0,0,0,0,0,0,0
CCN(CC)c1ccc2cc(-c3nc4c5ccccc5c5ccccc5c4[nH]3)c(=O)oc2c1,C1CCOC1,11271.34289,11176.43327,10905.38773,10496.8669,10027.42728,9599.324648,9309.679135,9071.944787,8865.379255,8685.135454,8532.834851,8405.618648,8299.080373,8218.941131,8172.697887,8154.851135,8163.962456,8204.269494,8283.594189,8407.994985,8583.264515,8799.361988,9065.954573,9385.797383,9775.948388,10272.94533,10896.93625,11629.03858,12459.69997,13366.2848,14307.58388,15255.43666,16205.09291,17137.72057,18081.1743,19076.49703,20140.01579,21263.9413,22456.65702,23724.17698,25037.83123,26378.83161,27705.91811,28988.3651,30211.04478,31340.83022,32395.10285,33394.27404,34387.84255,35401.35536,36429.58216,37469.79754,38525.64421,39575.18302,40572.24513,41388.16541,41961.02756,42252.69434,42242,41919.10576,41298.85125,40442.97437,39455.26517,38440.56502,37475.72807,36560.41235,35733.83194,34996.35925,34292.37173,33561.34481,32648.15981,31466.91258,30009.07897,28291.55854,26337.83855,24205.22537,22002.54465,19791.88131,17613.25524,15467.65135,13306.09448,11157.57779,9090.703795,7150.821004,5401.729589,3925.510285,2780.085391,1959.262165,1430.344838,1120.361727,958.6733748,874.0743773,820.66347,760.2685669,691.9187667,627.7901196,563.2395117,499.3515285,440.0741925,380.6659601,332.1408919,289.8637074,247.1813622,202.0058003,163.3327002,134.1035217,112.868097,98.75302715,85.9875307,70.51031319,60.38408093,51.79366607,36.99401809,16.87451141,0,0,0,0,0,0,0,0,0,0,0,0,0,0,0,0,0,0,0,0,0,0,0,0,0,0,0,0,0,0,0,0,0,0,0,0,0,0,0,0,0,0,0,0,0,0,0,0,0,0,0,0,0,0,0,0,0,0,0,0,0,0,0,0,0,0,0,0,0,0,0,0,0,0,0,0,0,0,0,0,0,0,0,0,0,0,0,0,0,0,0,0,0,0,0,0,0,0,0,0,0,0,0,0,0,0,0,0,0,0,0,0,0,0,0,0,0,0,0,0,0,0,0,0,0,0,0,0,0,0,0,0,0,0,0,0,0,0,0,0,0,0,0,0,0,0,0,0,0,0,0,0,0,0,0,0,0,0,0,0,0,0,0,0,0,0,0,0,0,0,0,0,0,0,0,0,0,0,0,0,0,0,0,0,0,0,0,0,0,0,0,0,0,0,0,0,0,0,0,0,0,0,0,0,0,0,0,0,0,0,0,0,0,0,0,0,0,0,0,0,0,0
[C-]#[N+]c1cccc2c(N)cccc12,ClCCl,5210.228048,5455.752332,5700.528662,5882.829393,5996.559126,6030,5998.285744,5921.027103,5822.084903,5714.903544,5577.530682,5423.303163,5279.451225,5118.399951,4942.307721,4742.907715,4525.440076,4284.754635,4035.607264,3776.403366,3494.330076,3199.535824,2901.379986,2608.636671,2327.026551,2052.592373,1784.141221,1527.509713,1298.980628,1091.603343,901.1913352,739.3456485,577.4999618,415.6542751,253.8085884,91.9629017,0,0,0,0,0,0,0,0,0,0,0,0,0,0,0,0,0,0,0,0,0,0,0,0,0,0,0,0,0,0,0,0,0,0,0,0,0,0,0,0,0,0,0,0,0,0,0,0,0,0,0,0,0,0,0,0,0,0,0,0,0,0,0,0,0,0,0,0,0,0,0,0,0,0,0,0,0,0,0,0,0,0,0,0,0,0,0,0,0,0,0,0,0,0,0,0,0,0,0,0,0,0,0,0,0,0,0,0,0,0,0,0,0,0,0,0,0,0,0,0,0,0,0,0,0,0,0,0,0,0,0,0,0,0,0,0,0,0,0,0,0,0,0,0,0,0,0,0,0,0,0,0,0,0,0,0,0,0,0,0,0,0,0,0,0,0,0,0,0,0,0,0,0,0,0,0,0,0,0,0,0,0,0,0,0,0,0,0,0,0,0,0,0,0,0,0,0,0,0,0,0,0,0,0,0,0,0,0,0,0,0,0,0,0,0,0,0,0,0,0,0,0,0,0,0,0,0,0,0,0,0,0,0,0,0,0,0,0,0,0,0,0,0,0,0,0,0,0,0,0,0,0,0,0,0,0,0,0,0,0,0,0,0,0,0,0,0,0,0,0,0,0,0,0,0,0,0,0,0,0,0,0,0,0,0,0,0,0,0,0,0,0,0,0,0,0,0,0,0,0
O=c1c2cc(S(=O)(=O)O)ccc2[nH]c2ccc(S(=O)(=O)O)cc12,CS(C)=O,738.8228948,760.930381,791.694825,838.5793781,909.7280295,998.0769326,1091.303845,1194.189955,1300.194259,1427.324662,1589.821789,1784.977792,2013.498369,2259.438311,2495.804025,2717.390415,2894.836041,3065.564499,3256.359331,3494.37333,3824.188131,4227.410741,4660.578689,5047.636108,5318.610302,5438.312308,5392.059818,5272.085362,5146.642185,5108.341743,5237.708713,5511.487952,5852.930828,6119.671339,6192.926563,6000,5498.833426,4771.568011,3874.408253,2957.390372,2113.360657,1419.739335,898.9238394,526.2369233,285.8071325,149.9072734,67.40139666,36.96056692,15.85364273,13.54912536,7.124707064,5.191907699,0,0,0,0,0,0,0,0,0,0,0,0,0,0,0,0,0,0,0,0,0,0,0,0,0,0,0,0,0,0,0,0,0,0,0,0,0,0,0,0,0,0,0,0,0,0,0,0,0,0,0,0,0,0,0,0,0,0,0,0,0,0,0,0,0,0,0,0,0,0,0,0,0,0,0,0,0,0,0,0,0,0,0,0,0,0,0,0,0,0,0,0,0,0,0,0,0,0,0,0,0,0,0,0,0,0,0,0,0,0,0,0,0,0,0,0,0,0,0,0,0,0,0,0,0,0,0,0,0,0,0,0,0,0,0,0,0,0,0,0,0,0,0,0,0,0,0,0,0,0,0,0,0,0,0,0,0,0,0,0,0,0,0,0,0,0,0,0,0,0,0,0,0,0,0,0,0,0,0,0,0,0,0,0,0,0,0,0,0,0,0,0,0,0,0,0,0,0,0,0,0,0,0,0,0,0,0,0,0,0,0,0,0,0,0,0,0,0,0,0,0,0,0,0,0,0,0,0,0,0,0,0,0,0,0,0,0,0,0,0,0,0,0,0,0,0,0,0,0,0,0,0,0,0,0,0,0,0,0,0,0,0,0,0,0,0,0,0,0,0,0,0,0,0,0,0,0,0,0,0,0,0,0,0
Cn1c(=O)cc(C(=O)c2ccccc2)c2sc(-c3ccc(OC(F)(F)F)cc3)cc21,ClCCl,,,,,,,,,,,,,,,,,,5856.025809,6077.186257,6327.173344,6606.279741,6911.656497,7229.993781,7550.799955,7867.196388,8174.309433,8469.683536,8750.712951,9012.346529,9245.935096,9452.681967,9629.182887,9763.270494,9853.417789,9897.97158,9900,9866.813237,9798.329373,9695.037212,9562.56104,9404.762361,9214.245398,8983.504215,8711.831317,8403.664966,8065.690077,7703.933686,7326.665856,6943.151861,6559.462391,6175.753753,5791.582598,5403.412751,5008.961329,4613.223544,4218.641385,3827.942159,3442.965171,3063.709674,2692.125666,2336.927434,2004.641789,1695.340216,1417.239665,1172.267805,957.8587466,776.0746982,625.1184728,498.970769,393.3564636,306.7989191,235.2691998,177.316338,132.8477018,95.39157106,63.34786762,39.94490995,24.82465837,13.37211655,5.728146672,1.902975505,0,0.848359271,2.465781814,2.819144932,2.819144932,2.819144932,2.819144932,2.819144932,2.819144932,2.819144932,2.819144932,2.819144932,2.819144932,2.819144932,2.819144932,2.819144932,2.819144932,2.819144932,2.819144932,2.819144932,2.819144932,2.819144932,2.819144932,2.819144932,2.819144932,2.819144932,2.819144932,2.819144932,2.819144932,2.819144932,2.819144932,2.819144932,2.819144932,2.819144932,2.819144932,2.819144932,2.819144932,2.819144932,2.819144932,2.819144932,2.819144932,2.819144932,2.819144932,2.819144932,2.819144932,2.819144932,2.819144932,2.819144932,2.819144932,2.819144932,2.819144932,2.819144932,2.819144932,2.819144932,2.819144932,2.819144932,2.819144932,2.819144932,2.819144932,2.819144932,2.819144932,2.819144932,2.819144932,2.819144932,2.819144932,2.819144932,2.819144932,2.819144932,2.819144932,2.819144932,2.819144932,2.819144932,2.819144932,2.819144932,2.819144932,2.819144932,2.819144932,2.819144932,2.819144932,2.819144932,2.819144932,2.819144932,2.819144932,2.819144932,2.819144932,2.819144932,2.819144932,2.819144932,2.819144932,2.819144932,2.819144932,2.819144932,2.819144932,2.819144932,2.819144932,2.819144932,2.819144932,2.819144932,2.819144932,2.819144932,2.819144932,2.819144932,2.819144932,2.819144932,2.819144932,2.819144932,2.819144932,2.819144932,2.819144932,2.819144932,2.819144932,2.819144932,2.819144932,2.819144932,2.819144932,2.819144932,2.819144932,2.819144932,2.819144932,2.819144932,2.819144932,2.819144932,2.819144932,2.819144932,2.819144932,2.819144932,2.819144932,2.819144932,2.819144932,2.819144932,2.819144932,2.819144932,2.819144932,2.819144932,2.819144932,2.819144932,2.819144932,2.819144932,2.819144932,2.819144932,2.819144932,2.819144932,2.819144932,2.819144932,2.819144932,2.819144932,2.819144932,2.819144932,2.819144932,2.819144932,2.819144932,2.819144932,2.819144932,2.819144932,2.819144932,2.819144932,2.819144932,2.819144932,2.819144932,2.819144932,2.819144932,2.819144932,2.819144932,2.819144932,2.819144932,2.819144932,2.819144932,2.819144932,2.819144932,2.819144932,2.819144932,2.819144932,2.819144932,2.819144932,2.819144932,2.819144932,2.819144932,2.819144932,2.819144932,2.819144932,2.819144932,2.819144932,2.819144932,2.819144932,2.819144932,2.819144932,2.819144932,2.819144932,2.819144932,2.819144932,2.819144932,2.819144932,2.819144932,2.819144932,2.819144932,2.819144932,2.819144932,2.819144932,2.819144932,2.819144932,2.819144932,2.819144932,2.819144932,2.819144932,2.819144932,2.819144932,2.819144932,2.819144932,2.819144932,2.819144932,2.819144932,2.819144932,2.819144932,2.819144932,2.819144932,2.819144932,2.819144932,2.819144932,2.819144932,2.819144932,2.819144932,2.819144932,2.819144932,2.819144932,2.819144932,2.819144932,2.819144932,2.819144932,2.819144932,2.819144932,2.819144932,2.819144932,2.819144932,2.819144932,2.819144932,2.819144932,2.819144932,2.819144932,2.819144932,2.819144932,2.819144932,2.819144932,2.819144932,2.819144932,2.819144932,2.819144932,2.819144932,2.819144932,2.819144932,2.819144932,2.819144932,2.819144932,2.819144932,2.819144932,2.819144932
CCc1c(C)c2n(c1C)[B-](F)(F)[N+]1=C3C=CC=CN3[B-](F)(F)N1C2,C1CCOC1,,,,,,,,,,,,,,,,4360.509911,4902.982403,5521.741918,6227.361357,7001.427155,7848.593096,8792.045086,9843.658978,10996.80671,12230.96273,13508.70888,14776.27928,16016.23999,17180.36889,18285.79512,19388.93165,20569.06208,21855.47433,23238.83782,24713.01876,26207.76666,27608.85494,28769.29643,29508.49975,29794.79382,29640.97075,29198.00318,28596.96332,28024.35603,27669.55141,27594.05255,27823.3707,28160.30967,28350.16799,28183.82931,27434.61974,26030.72933,23934.68479,21292.23951,18302.57085,15107.81349,12023.01782,9195.548625,6762.746156,4810.620462,3285.528994,2175.355716,1065.182437,0,0,0,0,0,0,0,0,0,0,0,0,0,0,0,0,0,0,0,0,0,0,0,0,0,0,0,0,0,0,0,0,0,0,0,0,0,0,0,0,0,0,0,0,0,0,0,0,0,0,0,0,0,0,0,0,0,0,0,0,0,0,0,0,0,0,0,0,0,0,0,0,0,0,0,0,0,0,0,0,0,0,0,0,0,0,0,0,0,0,0,0,0,0,0,0,0,0,0,0,0,0,0,0,0,0,0,0,0,0,0,0,0,0,0,0,0,0,0,0,0,0,0,0,0,0,0,0,0,0,0,0,0,0,0,0,0,0,0,0,0,0,0,0,0,0,0,0,0,0,0,0,0,0,0,0,0,0,0,0,0,0,0,0,0,0,0,0,0,0,0,0,0,0,0,0,0,0,0,0,0,0,0,0,0,0,0,0,0,0,0,0,0,0,0,0,0,0,0,0,0,0,0,0,0,0,0,0,0,0,0,0,0,0,0,0,0,0,0,0,0,0,0,0,0,0,0,0,0,0,0,0,0,0,0,0,0,0,0,0,0,0,0,0,0,0,0,0,0,0,0,0,0,0,0,0,0,0,0,0,0,0,0,0,0,0,0,0,0,0,0,0,0
CC(C)(C)C1=CC(=Cc2ccc(C=C3OC(=O)C(C#N)=C3c3ccccc3)s2)C=C(C(C)(C)C)O1,ClCCl,16577.79371,16834.82373,17098.96816,17372.96829,17651.5715,17935.82895,18228.20018,18527.61552,18831.82789,19136.5469,19451.13931,19775.01432,20094.25242,20388.51221,20638.34184,20834.13535,20975.21747,21046.54319,21026.70504,20910.02677,20699.96969,20390.33533,19970.3614,19447.82383,18840.75434,18170.96076,17463.09715,16740.22907,16019.32378,15319.3253,14657.47339,14047.60359,13498.15763,13014.05523,12593.57703,12228.57294,11901.5225,11595.84206,11294.61028,10989.52998,10679.8707,10367.07567,10057.77126,9756.452408,9470.435718,9201.32774,8946.880639,8705.266341,8477.289452,8258.557593,8033.358741,7792.116914,7534.486861,7262.436974,6980.652549,6692.541998,6404.123958,6118.661116,5826.718908,5521.395456,5205.62387,4892.089854,4598.156067,4333.696449,4098.988612,3896.1749,3734.833218,3609.469635,3496.187867,3391.667485,3307.140424,3244.577367,3199.72396,3167.372679,3145.616907,3140.372906,3158.513867,3198.108334,3255.628656,3333.91556,3436.146131,3560.521074,3707.205911,3878.539303,4072.060052,4282.355244,4505.827756,4742.584545,4993.86501,5259.19073,5538.391786,5834.478457,6152.158585,6489.037695,6839.031344,7202.266469,7580.168794,7973.397842,8387.424815,8823.938661,9277.704085,9744.525759,10222.20671,10709.59462,11206.4905,11712.7347,12228.57716,12757.1286,13300.9624,13858.85631,14435.21461,15032.51336,15643.26346,16262.51759,16891.2886,17528.61953,18174.50271,18824.78239,19464.70193,20094.0101,20728.8155,21372.5699,22023.69194,22685.70498,23363.92954,24056.19698,24750.28194,25433.1435,26099.29486,26750.9428,27381.64223,27991.91053,28606.12568,29235.43633,29875.7298,30517.08376,31144.30219,31753.32449,32346.4005,32913.38097,33438.45389,33928.5334,34404.88028,34869.03289,35317.06252,35747.02633,36151.85236,36526.97436,36871.94993,37185.39082,37466.40327,37713.72615,37923.87443,38095.57222,38231.87207,38331.99742,38393.99792,38418.83225,38406,38354.85502,38266.66155,38141.13189,37979.62451,37784.16827,37554.80103,37289.38064,36982.90137,36630.47952,36228.00993,35777.06342,35286.53308,34762.22142,34201.05199,33601.07062,32967.41159,32302.70052,31603.66997,30871.78131,30110.79012,29325.83941,28523.44988,27701.43354,26850.92132,25975.16866,25079.68745,24167.5384,23244.95312,22319.27004,21396.3144,20480.30491,19572.22562,18672.57457,17778.85985,16890.216,16007.12291,15134.96352,14278.40489,13441.6868,12634.97885,11862.27071,11115.22809,10390.45165,9690.827379,9020.008319,8384.742279,7783.487321,7198.957039,6628.145277,6085.647198,5573.97945,5088.052463,4630.661413,4205.852787,3814.567751,3458.684511,3130.412356,2816.947812,2519.24909,2241.8663,1983.204348,1743.555417,1521.702288,1313.094026,1117.730082,943.9019462,794.4701424,664.661664,543.8900758,423.2112386,309.8674222,210.3403758,127.4818235,62.22101573,18.01924795,0,1.930080529,10.90208173,16.83777361,16.83777361,16.83777361,16.83777361,16.83777361,16.83777361,16.83777361,16.83777361,16.83777361,16.83777361,16.83777361,16.83777361,16.83777361,16.83777361,16.83777361,16.83777361,16.83777361,16.83777361,16.83777361,16.83777361,16.83777361,16.83777361,16.83777361,16.83777361,16.83777361,16.83777361,16.83777361,16.83777361,16.83777361,16.83777361,16.83777361,16.83777361,16.83777361,16.83777361,16.83777361,16.83777361,16.83777361,16.83777361,16.83777361,16.83777361,16.83777361,16.83777361,16.83777361,16.83777361,16.83777361,16.83777361,16.83777361,16.83777361,16.83777361,16.83777361,16.83777361,16.83777361,16.83777361,16.83777361,16.83777361,16.83777361,16.83777361,16.83777361,16.83777361,16.83777361,16.83777361,16.83777361,16.83777361,16.83777361,16.83777361,16.83777361,16.83777361,16.83777361,16.83777361,16.83777361,16.83777361,16.83777361,16.83777361,16.83777361,16.83777361,16.83777361,16.83777361,16.83777361,16.83777361,16.83777361,16.83777361,16.83777361,16.83777361,16.83777361,16.83777361,16.83777361,16.83777361,16.83777361,16.83777361,16.83777361,16.83777361,16.83777361,16.83777361,16.83777361,16.83777361,16.83777361,16.83777361,16.83777361,16.83777361
Cc1csc2[n+]1[B-](F)(F)n1c(c3cccc4cccc1c43)=N2,CCCCCC,,,,,,,,,,,,,,,,8984.308135,8889.276132,8513.903446,7946.110027,7276.015646,6718.173955,6650.853318,7228.97862,8117.478768,8991.783441,9813.311826,10684.02144,11763.70474,13084.78037,14552.11101,16078.26129,17558.51968,18887.58964,19950.03926,20857.02025,21868.73663,22996.83732,24127.87946,25423.4153,27214.95061,29529.54405,32021.16212,34250.40234,35936.32428,37085.42462,37649.10723,37425.30124,36637.85211,36108.8625,36342.61908,36997.06712,37659.31614,38609.4746,40594.64981,43394.5655,45965.86489,47507.3496,47739.64308,46741.50125,44331.93357,40329.27714,35365.01791,30993.41446,28599.10767,27975.68227,28004.79178,27877.80126,27488.42897,27396.19893,28119.1063,29420.01146,30734.54653,31325.28035,30509.9207,28000,23622.93451,17803.92128,11605.61186,6348.750158,2944.72564,1280.595689,771.0085508,619.6210883,391.2575378,206.3557515,72.43997342,10.72237887,0,10.79465097,20.22710537,25.51923901,31.37668422,31.37668422,31.37668422,31.37668422,31.37668422,31.37668422,31.37668422,31.37668422,31.37668422,31.37668422,31.37668422,31.37668422,31.37668422,31.37668422,31.37668422,31.37668422,31.37668422,31.37668422,31.37668422,31.37668422,31.37668422,31.37668422,31.37668422,31.37668422,31.37668422,31.37668422,31.37668422,31.37668422,31.37668422,31.37668422,31.37668422,31.37668422,31.37668422,31.37668422,31.37668422,31.37668422,31.37668422,31.37668422,31.37668422,31.37668422,31.37668422,31.37668422,31.37668422,31.37668422,31.37668422,31.37668422,31.37668422,31.37668422,31.37668422,31.37668422,31.37668422,31.37668422,31.37668422,31.37668422,31.37668422,31.37668422,31.37668422,31.37668422,31.37668422,31.37668422,31.37668422,31.37668422,31.37668422,31.37668422,31.37668422,31.37668422,31.37668422,31.37668422,31.37668422,31.37668422,31.37668422,31.37668422,31.37668422,31.37668422,31.37668422,31.37668422,31.37668422,31.37668422,31.37668422,31.37668422,31.37668422,31.37668422,31.37668422,31.37668422,31.37668422,31.37668422,31.37668422,31.37668422,31.37668422,31.37668422,31.37668422,31.37668422,31.37668422,31.37668422,31.37668422,31.37668422,31.37668422,31.37668422,31.37668422,31.37668422,31.37668422,31.37668422,31.37668422,31.37668422,31.37668422,31.37668422,31.37668422,31.37668422,31.37668422,31.37668422,31.37668422,31.37668422,31.37668422,31.37668422,31.37668422,31.37668422,31.37668422,31.37668422,31.37668422,31.37668422,31.37668422,31.37668422,31.37668422,31.37668422,31.37668422,31.37668422,31.37668422,31.37668422,31.37668422,31.37668422,31.37668422,31.37668422,31.37668422,31.37668422,31.37668422,31.37668422,31.37668422,31.37668422,31.37668422,31.37668422,31.37668422,31.37668422,31.37668422,31.37668422,31.37668422,31.37668422,31.37668422,31.37668422,31.37668422,31.37668422,31.37668422,31.37668422,31.37668422,31.37668422,31.37668422,31.37668422,31.37668422,31.37668422,31.37668422,31.37668422,31.37668422,31.37668422,31.37668422,31.37668422,31.37668422,31.37668422,31.37668422,31.37668422,31.37668422,31.37668422,31.37668422,31.37668422,31.37668422,31.37668422,31.37668422,31.37668422,31.37668422,31.37668422,31.37668422,31.37668422,31.37668422,31.37668422,31.37668422,31.37668422,31.37668422,31.37668422,31.37668422,31.37668422,31.37668422,31.37668422,31.37668422,31.37668422,31.37668422,31.37668422,31.37668422,31.37668422,31.37668422,31.37668422,31.37668422,31.37668422,31.37668422,31.37668422,31.37668422,31.37668422,31.37668422,31.37668422,31.37668422,31.37668422,31.37668422,31.37668422,31.37668422,31.37668422,31.37668422,31.37668422,31.37668422,31.37668422,31.37668422,31.37668422,31.37668422,31.37668422,31.37668422,31.37668422,31.37668422,31.37668422,31.37668422,31.37668422,31.37668422,31.37668422,31.37668422,31.37668422,31.37668422,31.37668422,31.37668422,31.37668422,31.37668422,31.37668422,31.37668422,31.37668422,31.37668422,31.37668422,31.37668422,31.37668422,31.37668422,31.37668422,31.37668422
c1ccc(-c2nc(-c3cccc4ccccc34)n3ccccc23)cc1,ClCCl,8990.574518,9017.394047,9077.019158,9196.36941,9370.992961,9581.12,9832.180897,10074.41891,10295.0392,10488.82575,10648.09794,10761.56643,10834.0113,10861.82349,10842,10776.59363,10662.44853,10502.53963,10303.07698,10063.57766,9777.863585,9446.105551,9081.518557,8697.644279,8293.892985,7872.034561,7438.572072,7004.561618,6569.819199,6125.658634,5681.827838,5240.997296,4807.1648,4390.991865,3997.702754,3637.990774,3305.47594,2993.085411,2699.700101,2421.310165,2166.438175,1926.397439,1693.653165,1475.433463,1276.276442,1097.463342,930.2559099,773.8803397,634.4160146,512.1656476,406.6027956,316.1461636,239.6934515,176.5535142,124.953444,83.79866058,52.06238738,29.27622599,14.33663823,5.00180833,0,0,0,0,0,0,0,0,0,0,0,0,0,0,0,0,0,0,0,0,0,0,0,0,0,0,0,0,0,0,0,0,0,0,0,0,0,0,0,0,0,0,0,0,0,0,0,0,0,0,0,0,0,0,0,0,0,0,0,0,0,0,0,0,0,0,0,0,0,0,0,0,0,0,0,0,0,0,0,0,0,0,0,0,0,0,0,0,0,0,0,0,0,0,0,0,0,0,0,0,0,0,0,0,0,0,0,0,0,0,0,0,0,0,0,0,0,0,0,0,0,0,0,0,0,0,0,0,0,0,0,0,0,0,0,0,0,0,0,0,0,0,0,0,0,0,0,0,0,0,0,0,0,0,0,0,0,0,0,0,0,0,0,0,0,0,0,0,0,0,0,0,0,0,0,0,0,0,0,0,0,0,0,0,0,0,0,0,0,0,0,0,0,0,0,0,0,0,0,0,0,0,0,0,0,0,0,0,0,0,0,0,0,0,0,0,0,0,0,0,0,0,0,0,0,0,0,0,0,0,0,0,0,0,0,0,0,0,0,0,0,0,0,0,0,0,0,0,0,0,0,0,0,0,0,0,0,0,0,0,0,0,0,0,0,0,0,0,0,0,0,0,0,0,0,0
COc1ccc(-c2oc3cc(Br)c(OC)cc3c(=O)c2O)cc1,C1COCCO1,21619.69155,22484.47921,23386.86634,23875.65936,24326.85292,24552.44971,24627.64863,24627.64863,24590.04917,24552.44971,24402.05185,24251.654,24026.05722,23800.46043,23424.4658,22898.07331,22108.48457,21394.09477,20642.1055,19814.9173,19363.72373,18987.7291,18611.73446,18047.74251,17182.95485,15866.97362,14250.19669,12332.62405,10227.05409,7971.086275,5865.516316,4211.139919,3120.755476,2255.967814,1616.776933,1165.58337,902.3871255,676.7903441,563.9919534,488.7930263,375.9946356,375.9946356,375.9946356,375.9946356,375.9946356,338.3951721,338.3951721,338.3951721,300.7957085,225.5967814,187.9973178,187.9973178,187.9973178,187.9973178,187.9973178,187.9973178,187.9973178,187.9973178,187.9973178,187.9973178,187.9973178,187.9973178,187.9973178,187.9973178,187.9973178,187.9973178,187.9973178,187.9973178,187.9973178,187.9973178,187.9973178,187.9973178,187.9973178,187.9973178,150.3978542,187.9973178,112.7983907,112.7983907,150.3978542,150.3978542,150.3978542,150.3978542,150.3978542,150.3978542,187.9973178,187.9973178,187.9973178,150.3978542,150.3978542,150.3978542,150.3978542,150.3978542,150.3978542,187.9973178,187.9973178,187.9973178,187.9973178,187.9973178,187.9973178,187.9973178,187.9973178,187.9973178,187.9973178,187.9973178,187.9973178,187.9973178,187.9973178,187.9973178,187.9973178,187.9973178,150.3978542,112.7983907,112.7983907,112.7983907,112.7983907,112.7983907,75.19892712,75.19892712,75.19892712,0,75.19892712,112.7983907,112.7983907,112.7983907,112.7983907,112.7983907,150.3978542,187.9973178,187.9973178,187.9973178,187.9973178,187.9973178,187.9973178,187.9973178,187.9973178,187.9973178,187.9973178,187.9973178,187.9973178,187.9973178,187.9973178,187.9973178,225.5967814,187.9973178,187.9973178,187.9973178,187.9973178,225.5967814,300.7957085,263.1962449,187.9973178,263.1962449,225.5967814,263.1962449,187.9973178,187.9973178,187.9973178,187.9973178,187.9973178,187.9973178,187.9973178,187.9973178,187.9973178,187.9973178,187.9973178,187.9973178,187.9973178,187.9973178,187.9973178,187.9973178,187.9973178,187.9973178,187.9973178,187.9973178,187.9973178,187.9973178,187.9973178,187.9973178,187.9973178,187.9973178,187.9973178,187.9973178,187.9973178,187.9973178,187.9973178,187.9973178,187.9973178,187.9973178,187.9973178,187.9973178,187.9973178,187.9973178,187.9973178,187.9973178,150.3978542,187.9973178,187.9973178,187.9973178,187.9973178,187.9973178,187.9973178,150.3978542,112.7983907,112.7983907,112.7983907,150.3978542,187.9973178,187.9973178,150.3978542,112.7983907,112.7983907,112.7983907,112.7983907,112.7983907,112.7983907,112.7983907,112.7983907,112.7983907,112.7983907,112.7983907,112.7983907,150.3978542,150.3978542,112.7983907,112.7983907,112.7983907,112.7983907,112.7983907,112.7983907,112.7983907,112.7983907,112.7983907,112.7983907,112.7983907,75.19892712,112.7983907,0,0,0,0,0,0,0,0,0,0,0,0,0,0,0,0,0,0,0,0,0,0,0,0,0,0,0,0,0,0,0,0,0,0,0,0,0,0,0,0,0,0,0,0,0,0,0,0,0,0,0,0,0,0,0,0,0,0,0,0,0,0,0,0,0,0,0,0,0,0,0,0,0,0,0,0,0,0,0,0,0,0,0,0,0,0,0,0,0,0,0,0,0,0,0,0,0,0,0,0
Cc1ccc(C2CC(c3ccccc3)=C(C#N)C(=O)C2C(=O)c2ccccc2)cc1,CO,3902.499054,3520.213433,3153.856379,2946.785,2707.856487,2548.570811,2437.070838,2309.642298,2166.285189,2102.570919,2102.570919,2054.785216,2022.928081,2022.928081,2054.785216,2054.785216,2022.928081,2038.856649,2054.785216,2022.928081,1991.070946,1991.070946,1959.213811,1927.356676,1879.570973,1831.78527,1752.142433,1704.35673,1640.64246,1545.071054,1497.285351,1417.642514,1306.142541,1226.499703,1194.642568,1099.071162,987.5711893,939.7854866,860.1426487,828.2855136,748.6426757,684.9284055,621.2141352,573.4284325,525.6427298,477.8570271,445.9998919,414.1427568,350.4284865,334.499919,334.499919,270.7856487,254.8570811,238.9285135,207.0713784,175.2142433,175.2142433,127.4285406,127.4285406,95.57140541,79.64283785,63.71427028,63.71427028,63.71427028,63.71427028,63.71427028,63.71427028,47.78570271,31.85713514,15.92856757,15.92856757,0,31.85713514,0,15.92856757,31.85713514,31.85713514,31.85713514,0,0,0,0,0,0,15.92856757,50.51209927,0,0,0,0,0,0,0,0,0,0,0,0,0,0,0,0,0,0,0,0,0,0,0,0,0,0,0,0,0,0,0,0,0,0,0,0,0,0,0,0,0,0,0,0,0,0,0,0,0,0,0,0,0,0,0,0,0,0,0,0,0,0,0,0,0,0,0,0,0,0,0,0,0,0,0,0,0,0,0,0,0,0,0,0,0,0,0,0,0,0,0,0,0,0,0,0,0,0,0,0,0,0,0,0,0,0,0,0,0,0,0,0,0,0,0,0,0,0,0,0,0,0,0,0,0,0,0,0,0,0,0,0,0,0,0,0,0,0,0,0,0,0,0,0,0,0,0,0,0,0,0,0,0,0,0,0,0,0,0,0,0,0,0,0,0,0,0,0,0,0,0,0,0,0,0,0,0,0,0,0,0,0,0,0,0,0,0,0,0,0,0,0,0,0,0,0,0,0,0,0,0,0,0,0,0,0,0,0,0,0,0,0,0,0,0,0,0,0,0,0,0,0,0,0,0,0,0,0,0,0,0,0,0,0,0,0,0,0,0,0,0,0,0,0,0,0,0,0,0,0
CCC1=C(C)C2=Cc3c4ccccc4c4n3[B-](C)(Oc3ccccc3-4)[N+]2=C1C,CCCCCC,,,,,,,,,,,,,,,,,,,,,,,,,,,,,,,,,,,,,,,,,,,,,,,,,,,,,,,,,,,,,,,,,,,,,,,,,,,,,,,,,,,,,,,,,,,,,,,4063.25026,4132.277546,4176.215818,4205.919651,4222.169012,4266.952251,4349.629001,4504.127927,4707.439934,4843.544583,4982.639115,5212.860064,5542.397109,5986.459651,6548.882541,7200.416927,7932.483147,8758.535672,9634.376239,10554.54506,11679.84582,13076.05593,14718.21638,16536.51989,18363.98805,20000.55871,21320.8518,22240.17566,22732.01133,22885.79528,22792.26396,22587.91199,22377.51526,22122.0753,22004.10494,22167.57352,22740.331,23800.37432,25364.01785,27335.06536,29616.02069,32118.7473,34644.48301,37271.61472,40363.73816,44253.05526,49441.47628,55900.33736,63681.18147,71116.43417,76753.72754,79092.92058,77200,71135.9334,61476.98813,49748.7842,37794.12918,27060.58115,18860.82852,12755.74853,8623.730971,5874.729044,4094.839018,2941.524358,2083.298098,1496.306175,1068.362999,733.5611612,516.6646881,389.3346939,327.0021444,293.0084808,268.3744493,252.3200804,220.1463453,171.5282566,122.0652012,65.12743961,0,0,0,0,0,0,0,0,0,0,0,0,0,0,0,0,0,0,0,0,0,0,0,0,0,0,0,0,0,0,0,0,0,0,0,0,0,0,0,0,0,0,0,0,0,0,0,0,0,0,0,0,0,0,0,0,0,0,0,0,0,0,0,0,0,0,0,0,0,0,0,0,0,0,0,0,0,0,0,0,0,0,0,0,0,0,0,0,0,0,0,0,0,0,0,0,0,0,0,0,0,0,0,0,0,0,0,0,0,0,0,0,0,0,0,0,0,0,0,0,0,0,0,0,0,0,0,0,0,0,0,0,0,0,0,0,0,0,0,0,0,0,0,0,0,0,0,0,0,0,0,0,0,0,0,0,0,0,0,0,0,0,0,0
O=C(C=C(Nc1ccc2oc(=O)ccc2c1)c1ccccc1)C(F)(F)F,ClCCl,4108.202326,4233.055195,4361.212688,4495.127142,4635.543634,4780.644175,4928.743788,5074.629385,5213.015505,5340.5151,5449.222029,5531.875996,5584.066332,5602.80304,5586,5533.391293,5446.624882,5326.211224,5176.940881,5004.639367,4808.681422,4590.718137,4357.08118,4111.797348,3857.39987,3596.551588,3332.119629,3068.200473,2809.397083,2557.387711,2311.961357,2076.358307,1854.948254,1647.699633,1453.720164,1274.179569,1109.477683,960.0547224,824.8802822,701.9662711,591.9396807,495.6729876,412.0388861,339.4505326,276.8489328,224.4092593,181.1127374,146.2661556,119.1195917,98.39945718,82.76177537,70.59227272,60.69378222,52.51359742,45.56016123,39.52676392,34.59704915,30.66892579,27.28010235,23.80959098,19.93733561,15.76068769,11.65775303,7.94550311,4.850088212,2.507379055,0.96296681,0.1721631,0,0,0,0,0,0,0,0,0,0,0,0,0,0,0,0,0,0,0,0,0,0,0,0,0,0,0,0,0,0,0,0,0,0,0,0,0,0,0,0,0,0,0,0,0,0,0,0,0,0,0,0,0,0,0,0,0,0,0,0,0,0,0,0,0,0,0,0,0,0,0,0,0,0,0,0,0,0,0,0,0,0,0,0,0,0,0,0,0,0,0,0,0,0,0,0,0,0,0,0,0,0,0,0,0,0,0,0,0,0,0,0,0,0,0,0,0,0,0,0,0,0,0,0,0,0,0,0,0,0,0,0,0,0,0,0,0,0,0,0,0,0,0,0,0,0,0,0,0,0,0,0,0,0,0,0,0,0,0,0,0,0,0,0,0,0,0,0,0,0,0,0,0,0,0,0,0,0,0,0,0,0,0,0,0,0,0,0,0,0,0,0,0,0,0,0,0,0,0,0,0,0,0,0,0,0,0,0,0,0,0,0,0,0,0,0,0,0,0,0,0,0,0,0,0,0,0,0,0,0,0,0,0,0,0,0,0,0,0,0,0,0,0,0,0,0,0,0,0,0,0,0,0,0,0,0,0,0,0,0,0,0,0,0,0,0,0,0
CC1=CC(C)=[N+]2C1=Cc1c3ccccc3c(C#Cc3ccc(F)cc3)n1[B-]2(F)F,ClCCl,23677.71811,23512.33521,23002.61343,22094.20683,20945.40742,19445.72943,17709.70564,16001.06299,14444.37828,13040.66612,11852.16135,10863.87661,10029.99351,9337.31131,8789.706145,8292.639891,7849.765432,7508.816399,7207.900537,6949.612309,6707.604572,6504.264154,6306.768992,6119.77594,5916.092488,5742.397475,5582.756515,5411.822246,5232.009169,5061.280973,4876.368741,4706.355373,4559.353608,4378.726855,4197.873927,4038.736139,3868.897009,3677.43684,3488.196967,3304.233837,3096.710697,2916.956258,2766.05128,2601.39298,2441.759838,2287.695794,2142.822179,1988.945638,1865.886987,1719.33185,1582.375237,1457.765744,1364.799266,1262.306865,1147.534219,1030.100791,936.7890459,870.3239856,838.1568567,810.7226721,828.5900262,862.2972469,914.2452915,952.5043762,991.5993352,1032.642759,1075.435977,1119.783806,1165.484783,1212.331719,1260.138646,1308.696981,1357.797441,1407.251963,1456.857549,1506.415527,1555.719405,1604.581821,1652.798379,1700.16189,1746.489318,1781.873872,1812.954658,1864.848113,1928.39969,2012.557446,2117.38337,2255.251948,2430.940522,2638.892141,2868.080579,3111.373889,3371.856724,3662.567297,3980.023893,4263.739062,4580.714964,4917.688184,5327.353708,5713.551645,6172.419546,6629.582052,7088.79215,7600.049279,8158.903494,8693.973058,9332.656969,10047.99922,10891.19338,11831.79126,12896.87926,14003.46514,15226.61212,16534.37103,17894.25613,19176.34182,20424.71917,21565.78363,22588.26452,23469.71274,24157.69509,24712.16819,25213.79175,25694.14666,26181.29104,26686.87841,27326.73718,28115.25467,29184.12902,30398.88529,32032.07518,33982.05417,36220.67156,38734.94904,41530.95651,44608.89501,47819.73557,51189.1306,54343.7199,56835.13796,58519.4054,58884.36554,57807.68699,54838.88949,50045.09639,43837.20238,36818.68761,29799.3103,23097.47057,17184.27677,12432.86907,8928.633841,6607.97651,4287.319178,1966.661846,0,0,0,0,0,0,0,0,0,0,0,0,0,0,0,0,0,0,0,0,0,0,0,0,0,0,0,0,0,0,0,0,0,0,0,0,0,0,0,0,0,0,0,0,0,0,0,0,0,0,0,0,0,0,0,0,0,0,0,0,0,0,0,0,0,0,0,0,0,0,0,0,0,0,0,0,0,0,0,0,0,0,0,0,0,0,0,0,0,0,0,0,0,0,0,0,0,0,0,0,0,0,0,0,0,0,0,0,0,0,0,0,0,0,0,0,0,0,0,0,0,0,0,0,0,0,0,0,0,0,0,0,0,0,0,0,0,0,0,0,0,0,0,0,0,0,0,0,0,0,0,0,0,0,0,0,0,0,0,0,0,0,0,0,0,0,0,0,0,0,0,0,0,0,0,0,0,0,0,0,0
N#Cc1c2ccccc2c(-c2ccccc2)c2ccccc12,CC#N,,,,,,,,,,,,,,,,6678.836071,7367.794352,7962.393419,8394.510999,8618.463375,8654.871432,8565.375325,8479.168626,8585.857884,8984.224435,9605.333184,10313.87893,10968.87358,11412.12415,11529.15411,11300,10779.24671,10110.17488,9478.019655,9039.077185,8882.897337,8992.003336,9239.54605,9457.196558,9479.291451,9179.650241,8515.714581,7537.349333,6352.473137,5090.296694,3890.267744,2847.638324,1998.482266,1354.944663,890.0746837,560.3563841,339.5296409,203.328006,122.538836,69.80736856,17.07590112,0,0,0,0,0,0,0,0,0,0,0,0,0,0,0,0,0,0,0,0,0,0,0,0,0,0,0,0,0,0,0,0,0,0,0,0,0,0,0,0,0,0,0,0,0,0,0,0,0,0,0,0,0,0,0,0,0,0,0,0,0,0,0,0,0,0,0,0,0,0,0,0,0,0,0,0,0,0,0,0,0,0,0,0,0,0,0,0,0,0,0,0,0,0,0,0,0,0,0,0,0,0,0,0,0,0,0,0,0,0,0,0,0,0,0,0,0,0,0,0,0,0,0,0,0,0,0,0,0,0,0,0,0,0,0,0,0,0,0,0,0,0,0,0,0,0,0,0,0,0,0,0,0,0,0,0,0,0,0,0,0,0,0,0,0,0,0,0,0,0,0,0,0,0,0,0,0,0,0,0,0,0,0,0,0,0,0,0,0,0,0,0,0,0,0,0,0,0,0,0,0,0,0,0,0,0,0,0,0,0,0,0,0,0,0,0,0,0,0,0,0,0,0,0,0,0,0,0,0,0,0,0,0,0,0,0,0,0,0,0,0,0,0,0,0,0,0,0,0,0,0,0,0,0,0,0,0,0,0,0,0,0,0,0,0,0,0,0,0,0,0,0,0,0,0,0,0,0,0,0
Cc1ccc(S2(=O)=NC(c3ccccc3)=CC(c3ccccc3C)=N2)cc1,C1COCCO1,6424.521746,6833.668249,7295.966426,7856.915731,8550.915278,9372.018471,10287.94894,11251.36995,12233.88978,13225.96772,14224.47854,15198.36251,16126.42094,16992.39532,17768.08575,18428.82109,18951.11096,19301.88941,19474.44144,19498.446,19363.44746,19042.9972,18548.11911,17863.43852,16980.12333,15935.16447,14721.00433,13354.21406,11890.73282,10423.5346,8985.785592,7619.843385,6375.735176,5258.904249,4296.269623,3511.311749,2856.736092,2313.847888,1872.229774,1526.758032,1249.435714,972.1133956,694.7910776,417.4687596,140.1464415,0,0,0,0,0,0,0,0,0,0,0,0,0,0,0,0,0,0,0,0,0,0,0,0,0,0,0,0,0,0,0,0,0,0,0,0,0,0,0,0,0,0,0,0,0,0,0,0,0,0,0,0,0,0,0,0,0,0,0,0,0,0,0,0,0,0,0,0,0,0,0,0,0,0,0,0,0,0,0,0,0,0,0,0,0,0,0,0,0,0,0,0,0,0,0,0,0,0,0,0,0,0,0,0,0,0,0,0,0,0,0,0,0,0,0,0,0,0,0,0,0,0,0,0,0,0,0,0,0,0,0,0,0,0,0,0,0,0,0,0,0,0,0,0,0,0,0,0,0,0,0,0,0,0,0,0,0,0,0,0,0,0,0,0,0,0,0,0,0,0,0,0,0,0,0,0,0,0,0,0,0,0,0,0,0,0,0,0,0,0,0,0,0,0,0,0,0,0,0,0,0,0,0,0,0,0,0,0,0,0,0,0,0,0,0,0,0,0,0,0,0,0,0,0,0,0,0,0,0,0,0,0,0,0,0,0,0,0,0,0,0,0,0,0,0,0,0,0,0,0,0,0,0,0,0,0,0,0,0,0,0,0,0,0,0,0,0,0,0,0,0,0,0,0,0,0,0,0,0,0,0,0,0,0,0,0,0,0,0,0,0
CC(C)(C)c1ccc2c(c1)sc1[n+]2[B-](F)(F)n2c(c3cccc4cccc2c43)=N1,Cc1ccccc1,,,,,,,,,,,,,,,,7240.370716,7114.468128,7064.808156,7161.600609,7402.895846,7740.185988,8079.122905,8307.383595,8411.924617,8369.005583,8214.638132,8122.546957,8240.382606,8621.058101,9231.331344,10067.06653,11115.25086,12323.53138,13665.34047,15037.19462,16319.94996,17479.51492,18526.51543,19513.05878,20512.32396,21590.88554,22819.05681,24311.93307,26167.61824,28345.76861,30661.60414,32858.49316,34689.55951,35968.42782,36589.61326,36598.58688,36279.73913,36028.29823,36095.85616,36551.52422,37428.5777,38824.25131,40813.79352,43261.47647,45762.69801,47799.87784,48914.15372,48745.37596,47083.65272,44031.05232,40119.33811,36189.83832,33035.23113,31009.58498,29949.58478,29485.92164,29376.14031,29587.84383,30216.83674,31264.9373,32487.6994,33432.37017,33515.65539,32200,29206.48256,24692.59246,19266.54523,13774.35779,9026.054718,5493.310817,3217.626574,1925.41544,1225.773573,827.1164756,561.5717463,364.8385933,229.1811871,141.6582445,86.17074087,54.43720672,39.03068821,26.22497366,16.55596811,14.94344561,11.54641584,6.01874593,4.925422746,3.503153146,0.586983668,0,0,0,0,0,0,0,0,0,0,0,0,0,0,0,0,0,0,0,0,0,0,0,0,0,0,0,0,0,0,0,0,0,0,0,0,0,0,0,0,0,0,0,0,0,0,0,0,0,0,0,0,0,0,0,0,0,0,0,0,0,0,0,0,0,0,0,0,0,0,0,0,0,0,0,0,0,0,0,0,0,0,0,0,0,0,0,0,0,0,0,0,0,0,0,0,0,0,0,0,0,0,0,0,0,0,0,0,0,0,0,0,0,0,0,0,0,0,0,0,0,0,0,0,0,0,0,0,0,0,0,0,0,0,0,0,0,0,0,0,0,0,0,0,0,0,0,0,0,0,0,0,0,0,0,0,0,0,0,0,0,0,0,0,0,0,0,0,0,0,0,0,0,0,0,0,0,0,0,0,0,0,0,0,0,0,0,0,0,0,0,0,0,0,0,0,0,0,0,0,0,0,0,0,0,0,0,0,0,0,0,0,0,0,0,0,0,0,0,0,0,0,0,0,0,0,0,0,0,0,0,0
Cc1cc(C)c(C2=C3C=CC(C(c4ccccc4)c4ccccc4)=[N+]3[B-](F)(F)n3c2ccc3C(c2ccccc2)c2ccccc2)c(C)c1,ClCCl,,,,,,,,,,,,,,,,,,,,,,,,,,,,,,,,,,,,,,,,,,,,,,,,,,,,,,,,,,,,,,,,,,,,,,,,,,,,7852.146245,9272.017658,10826.87868,12420.32998,13877.80233,15112.05732,15996.52702,16606.46326,16982.12173,17221.63036,17529.90141,18012.04688,19094.66581,21047.16626,24191.17141,28810.11076,35119.56345,43089.92336,51934.22185,60768.87028,67928.10641,72334.831,72600,68528.74561,60707.588,50245.0193,38820.63212,27984.17384,18826.7764,12045.69581,7360.896761,4660.528321,2917.01471,2002.877156,1517.846449,1179.518298,933.5556001,734.3023196,593.279632,468.6939526,343.7079709,240.1303086,156.2345285,87.18971074,41.68494644,16.26415046,4.176950225,0,3.67496697,9.531795063,10.22536681,10.22536681,10.22536681,10.22536681,10.22536681,10.22536681,10.22536681,10.22536681,10.22536681,10.22536681,10.22536681,10.22536681,10.22536681,10.22536681,10.22536681,10.22536681,10.22536681,10.22536681,10.22536681,10.22536681,10.22536681,10.22536681,10.22536681,10.22536681,10.22536681,10.22536681,10.22536681,10.22536681,10.22536681,10.22536681,10.22536681,10.22536681,10.22536681,10.22536681,10.22536681,10.22536681,10.22536681,10.22536681,10.22536681,10.22536681,10.22536681,10.22536681,10.22536681,10.22536681,10.22536681,10.22536681,10.22536681,10.22536681,10.22536681,10.22536681,10.22536681,10.22536681,10.22536681,10.22536681,10.22536681,10.22536681,10.22536681,10.22536681,10.22536681,10.22536681,10.22536681,10.22536681,10.22536681,10.22536681,10.22536681,10.22536681,10.22536681,10.22536681,10.22536681,10.22536681,10.22536681,10.22536681,10.22536681,10.22536681,10.22536681,10.22536681,10.22536681,10.22536681,10.22536681,10.22536681,10.22536681,10.22536681,10.22536681,10.22536681,10.22536681,10.22536681,10.22536681,10.22536681,10.22536681,10.22536681,10.22536681,10.22536681,10.22536681,10.22536681,10.22536681,10.22536681,10.22536681,10.22536681,10.22536681,10.22536681,10.22536681,10.22536681,10.22536681,10.22536681,10.22536681,10.22536681,10.22536681,10.22536681,10.22536681,10.22536681,10.22536681,10.22536681,10.22536681,10.22536681,10.22536681,10.22536681,10.22536681,10.22536681,10.22536681,10.22536681,10.22536681,10.22536681,10.22536681,10.22536681,10.22536681,10.22536681,10.22536681,10.22536681,10.22536681,10.22536681,10.22536681,10.22536681,10.22536681,10.22536681,10.22536681,10.22536681,10.22536681,10.22536681,10.22536681,10.22536681,10.22536681,10.22536681,10.22536681,10.22536681,10.22536681,10.22536681,10.22536681,10.22536681,10.22536681,10.22536681,10.22536681,10.22536681,10.22536681,10.22536681,10.22536681,10.22536681,10.22536681,10.22536681,10.22536681,10.22536681,10.22536681,10.22536681,10.22536681,10.22536681,10.22536681,10.22536681,10.22536681,10.22536681,10.22536681,10.22536681,10.22536681,10.22536681,10.22536681,10.22536681,10.22536681,10.22536681,10.22536681,10.22536681,10.22536681,10.22536681,10.22536681,10.22536681,10.22536681,10.22536681,10.22536681,10.22536681,10.22536681,10.22536681,10.22536681,10.22536681,10.22536681,10.22536681,10.22536681,10.22536681,10.22536681,10.22536681,10.22536681,10.22536681,10.22536681,10.22536681,10.22536681,10.22536681,10.22536681,10.22536681,10.22536681,10.22536681,10.22536681,10.22536681,10.22536681,10.22536681,10.22536681
CCOc1c(C=C2N(CC)c3ccc4ccccc4c3C2(C)C)c(=O)c1=O,ClC(Cl)Cl,,,,,,,,,,,,,,,,,,,,,,,,,,,,,,,,1439.399864,1840.105712,2282.732574,2774.283712,3313.485897,3919.806097,4600.90831,5360.432402,6194.043241,7086.617162,8019.454886,8961.199222,9877.460291,10745.25578,11542.65286,12283.61171,12972.52511,13633.94489,14292.19883,14965.75502,15668.14663,16379.86711,17076.31903,17683.22027,18133.16106,18317.32658,18197.00859,17726.46919,16876.22825,15657.39968,14113.36336,12294.67296,10321.92536,8305.844213,6367.90159,4588.222194,3065.919972,1864.637612,663.3552511,0,0,0,0,0,0,0,0,0,0,0,0,0,0,0,0,0,0,0,0,0,0,0,0,0,0,0,0,0,0,0,0,0,0,0,0,0,0,0,0,0,0,0,0,0,0,0,0,0,0,0,0,0,0,0,0,0,0,0,0,0,0,0,0,0,0,0,0,0,0,0,0,0,0,0,0,0,0,0,0,0,0,0,0,0,0,0,0,0,0,0,0,0,0,0,0,0,0,0,0,0,0,0,0,0,0,0,0,0,0,0,0,0,0,0,0,0,0,0,0,0,0,0,0,0,0,0,0,0,0,0,0,0,0,0,0,0,0,0,0,0,0,0,0,0,0,0,0,0,0,0,0,0,0,0,0,0,0,0,0,0,0,0,0,0,0,0,0,0,0,0,0,0,0,0,0,0,0,0,0,0,0,0,0,0,0,0,0,0,0,0,0,0,0,0,0,0,0,0,0,0,0,0,0,0,0,0,0,0,0,0,0,0,0,0,0,0,0,0,0,0,0,0,0,0,0,0,0,0,0,0,0,0,0,0,0,0,0,0,0,0,0,0,0,0,0,0,0,0,0,0,0,0,0,0,0,0,0,0,0,0,0,0,0,0,0
CCCCCCCCOC(=O)C(C#N)=Cc1cc(CCCCCCCC)c(-c2cc(CCCCCCCC)c(-c3cc4sc5c(OCC(CCCCCC)CCCCCCCC)c6c(sc7cc(-c8sc(-c9sc(C=C(C#N)C(=O)OCCCCCCCC)cc9CCCCCCCC)cc8CCCCCCCC)sc76)c(OCC(CCCCCC)CCCCCCCC)c5c4s3)s2)s1,ClC(Cl)Cl,16954.16295,16916.29983,16993.3497,17180.2611,17505.51112,17980.55856,18577.95835,19299.77693,20125.75236,21004.08207,21902.81348,22890.00815,23995.97164,25204.38293,26439.50102,27689.57778,29093.76428,30628.16753,32197.35702,33722.38424,35176.43996,36542.01893,37770.08172,38799.41218,39593.10992,40252.80205,40955.36632,41672.88522,42336.64239,42919.43248,43411.31426,43819.62658,44126.04579,44353.43389,44499.74636,44575.38282,44608.24692,44632.45326,44606.52908,44532.07666,44401.92461,44250.29711,44112.47072,44024.76468,43977.99689,43965.98219,43939.11281,43965.16746,44090.2749,44338.89802,44715.56361,45235.36692,45896.92226,46681.14419,47549.59422,48442.22569,49295.55766,50170.7121,51067.44088,51993.58546,52950.51874,53928.10887,54938.50681,55986.5057,57076.90326,58203.39559,59336.44223,60451.70776,61544.84674,62622.43082,63702.80719,64784.70709,65837.19646,66840.99362,67787.27002,68678.23906,69494.5919,70193.81887,70773.65342,71243.94314,71635.87147,71989.36096,72288.40219,72476.66984,72527.44779,72443.59601,72225.41454,71861.86492,71337.56114,70664.12157,69880.50849,69056.38031,68196.48844,67286.71014,66359.29805,65366.87727,64301.89359,63049.51066,61544.84007,59843.61567,58015.60686,56138.76414,54284.9041,52575.70357,50994.90639,49414.35507,47802.14106,46073.04404,44268.70653,42473.51569,40619.79208,38710.1712,36809.573,35109.44092,33320.27392,31313.16709,29196.43846,27066.52248,24995.46281,23014.37837,21043.78701,19154.11417,17469.23449,16074.07016,14696.0174,13317.24127,12042.19009,10891.24048,9865.080898,8941.654242,8070.365813,7268.651779,6552.329897,5907.200292,5304.303985,4720.507323,4161.325065,3632.440493,3146.656205,2704.611218,2302.410057,1961.218297,1678.423756,1444.530099,1248.79452,1072.402337,888.5034659,696.6559962,513.4198152,351.6303132,219.3928617,120.0400255,52.17435116,12.76927898,0,5.678898203,17.97978733,21.40143572,21.40143572,21.40143572,21.40143572,21.40143572,21.40143572,21.40143572,21.40143572,21.40143572,21.40143572,21.40143572,21.40143572,21.40143572,21.40143572,21.40143572,21.40143572,21.40143572,21.40143572,21.40143572,21.40143572,21.40143572,21.40143572,21.40143572,21.40143572,21.40143572,21.40143572,21.40143572,21.40143572,21.40143572,21.40143572,21.40143572,21.40143572,21.40143572,21.40143572,21.40143572,21.40143572,21.40143572,21.40143572,21.40143572,21.40143572,21.40143572,21.40143572,21.40143572,21.40143572,21.40143572,21.40143572,21.40143572,21.40143572,21.40143572,21.40143572,21.40143572,21.40143572,21.40143572,21.40143572,21.40143572,21.40143572,21.40143572,21.40143572,21.40143572,21.40143572,21.40143572,21.40143572,21.40143572,21.40143572,21.40143572,21.40143572,21.40143572,21.40143572,21.40143572,21.40143572,21.40143572,21.40143572,21.40143572,21.40143572,21.40143572,21.40143572,21.40143572,21.40143572,21.40143572,21.40143572,21.40143572,21.40143572,21.40143572,21.40143572,21.40143572,21.40143572,21.40143572,21.40143572,21.40143572,21.40143572,21.40143572,21.40143572,21.40143572,21.40143572,21.40143572,21.40143572,21.40143572,21.40143572,21.40143572,21.40143572,21.40143572,21.40143572,21.40143572,21.40143572,21.40143572,21.40143572,21.40143572,21.40143572,21.40143572,21.40143572,21.40143572,21.40143572,21.40143572,21.40143572,21.40143572,21.40143572,21.40143572,21.40143572,21.40143572,21.40143572,21.40143572,21.40143572,21.40143572,21.40143572,21.40143572,21.40143572,21.40143572,21.40143572,21.40143572,21.40143572,21.40143572,21.40143572,21.40143572,21.40143572,21.40143572,21.40143572,21.40143572,21.40143572,21.40143572,21.40143572,21.40143572,21.40143572,21.40143572,21.40143572,21.40143572,21.40143572,21.40143572,21.40143572,21.40143572,21.40143572,21.40143572,21.40143572,21.40143572,21.40143572,21.40143572,21.40143572,21.40143572,21.40143572,21.40143572,21.40143572,21.40143572,21.40143572,21.40143572,21.40143572,21.40143572,21.40143572,21.40143572,21.40143572,21.40143572,21.40143572,21.40143572,21.40143572,21.40143572,21.40143572,21.40143572,21.40143572,21.40143572,21.40143572,21.40143572
COCCOCCOc1cc(C=Cc2ccc(N(c3ccccc3)c3ccccc3)cc2)c(OCCOCCOC)cc1C=Cc1ccc(N(c2ccccc2)c2ccccc2)cc1,ClCCl,11757.51364,11755.68392,11778.07689,11838.51743,11935.56759,12062.59625,12220.69838,12391.52126,12566.67335,12742.226,12918.18312,13102.75653,13311.63404,13555.45148,13844.41855,14185.60179,14590.17038,15055.71884,15549.89775,16056.39542,16583.02484,17134.46735,17712.45263,18317.63898,18954.23756,19621.43922,20310.81673,20999.17587,21657.11465,22286.89729,22918.4009,23539.42569,24138.52686,24712.39335,25277.74304,25832.88306,26356.21035,26836.86146,27271.28486,27658.48148,28004.14735,28282.79277,28481.86791,28600.59372,28648.66293,28623.89017,28500,28294.11545,27988.46602,27585.17331,27051.6931,26354.07357,25549.95896,24677.63919,23734.84147,22736.516,21719.40773,20705.38861,19674.09319,18615.83671,17481.37839,16257.29442,14980.34411,13645.47288,12239.6747,10801.18286,9402.375152,8069.792778,6837.367442,5729.840965,4772.851592,3943.134115,3226.622515,2625.428195,2130.366605,1726.509025,1414.240399,1182.525584,1011.959085,888.5402936,801.9501099,720.9488752,654.8466229,601.3919734,552.5420638,499.5861272,448.6102483,404.0475726,366.6324644,336.2926063,312.1177589,292.3780847,274.5255743,255.1899168,234.6778045,213.4662475,192.1559392,171.7647315,153.0462134,136.4897108,122.30737,110.4341578,100.540778,91.098275,82.28620337,74.0174517,67.4116271,63.20962727,61.59325975,62.44680153,65.37119215,69.66158004,74.59201162,79.08425771,83.00967877,85.78049796,86.91422313,86.14989546,83.44808955,78.99091332,73.18884181,66.6650972,60.26713849,54.40108514,48.40526581,42.2776529,36.35317482,30.88145087,26.03828091,21.9100254,18.4977357,15.72864372,13.44054197,11.38861733,9.24274752,6.933844171,4.624565342,2.312658151,0,0,0,0,0,0,0,0,0,0,0,0,0,0,0,0,0,0,0,0,0,0,0,0,0,0,0,0,0,0,0,0,0,0,0,0,0,0,0,0,0,0,0,0,0,0,0,0,0,0,0,0,0,0,0,0,0,0,0,0,0,0,0,0,0,0,0,0,0,0,0,0,0,0,0,0,0,0,0,0,0,0,0,0,0,0,0,0,0,0,0,0,0,0,0,0,0,0,0,0,0,0,0,0,0,0,0,0,0,0,0,0,0,0,0,0,0,0,0,0,0,0,0,0,0,0,0,0,0,0,0,0,0,0,0,0,0,0,0,0,0,0,0,0,0,0,0,0,0,0,0,0,0,0,0,0,0,0,0,0,0,0,0,0,0,0,0,0,0,0,0,0,0,0,0,0,0,0,0,0,0,0,0,0,0,0,0,0,0,0,0,0,0,0,0,0,0,0
COC(=O)c1ccc(C2=Cc3cnc(C)c[n+]3[B-](F)(F)O2)cc1,ClCCl,10053.9284,9809.501603,9155.578034,8264.651751,7319.501763,6540.742627,6134.618003,6004.762857,6125.113804,6455.947603,6925.177552,7509.089607,8208.132552,8999.213482,9859.087209,10765.85466,11700.43293,12651.57868,13624.617,14621.48367,15654.16996,16721.56652,17820.24231,18930.55181,20015.04612,21040.74112,21980.92658,22823.16964,23561.79148,24204.28446,24795.34969,25353.57672,25893.07887,26389.72121,26777.33321,27001.61186,27000,26738.09157,26201.02372,25427.89088,24511.8691,23528.7332,22571.30133,21672.27357,20809.89811,19945.73831,19006.71317,17936.69672,16661.45402,15163.62794,13462.8806,11617.97823,9725.746095,7874.086577,6161.243992,4663.143161,3427.522744,2465.783525,1748.439013,1243.492688,895.0205265,656.356559,485.5578887,357.0290294,267.6261929,204.7450205,159.3190418,123.6057906,99.9662629,83.91127299,70.41210584,57.70678818,46.84360997,39.14753666,38.01547484,41.00409881,43.52338407,44.94690463,44.99005254,42.34372733,36.14461017,26.32611625,13.89615199,0,0,0,0,0,0,0,0,0,0,0,0,0,0,0,0,0,0,0,0,0,0,0,0,0,0,0,0,0,0,0,0,0,0,0,0,0,0,0,0,0,0,0,0,0,0,0,0,0,0,0,0,0,0,0,0,0,0,0,0,0,0,0,0,0,0,0,0,0,0,0,0,0,0,0,0,0,0,0,0,0,0,0,0,0,0,0,0,0,0,0,0,0,0,0,0,0,0,0,0,0,0,0,0,0,0,0,0,0,0,0,0,0,0,0,0,0,0,0,0,0,0,0,0,0,0,0,0,0,0,0,0,0,0,0,0,0,0,0,0,0,0,0,0,0,0,0,0,0,0,0,0,0,0,0,0,0,0,0,0,0,0,0,0,0,0,0,0,0,0,0,0,0,0,0,0,0,0,0,0,0,0,0,0,0,0,0,0,0,0,0,0,0,0,0,0,0,0,0,0,0,0,0,0,0,0,0,0,0,0,0,0,0,0,0,0,0,0,0,0,0,0,0,0,0,0,0,0,0,0,0,0,0,0,0,0,0,0,0,0,0,0,0,0,0,0,0,0,0,0,0,0,0
c1ccc(N(c2ccccc2)c2ccc(-c3c4ccccc4c(-c4c5ccccc5c(-c5ccc(N(c6ccccc6)c6ccccc6)cc5)c5ccccc45)c4ccccc34)cc2)cc1,C1CCOC1,,,,,,,,,,,,,,,,9487.641857,9642.939576,9848.086258,10324.1973,11285.45748,12732.26768,14464.15072,16271.7898,17852.19707,18939.79043,19410.18845,19253.91684,18701.13108,18147.23862,18034.84331,18627.66453,19908.51594,21677.91117,23560.52937,25145.80361,26046.27472,26000,24983.71651,23172.21718,20883.32702,18387.4941,15879.01055,13537.69693,11400.11144,9438.38628,7654.60801,6088.564876,4749.068149,3616.648476,2705.36211,1957.241681,1335.755357,714.2690326,92.78270838,0,0,0,0,0,0,0,0,0,0,0,0,0,0,0,0,0,0,0,0,0,0,0,0,0,0,0,0,0,0,0,0,0,0,0,0,0,0,0,0,0,0,0,0,0,0,0,0,0,0,0,0,0,0,0,0,0,0,0,0,0,0,0,0,0,0,0,0,0,0,0,0,0,0,0,0,0,0,0,0,0,0,0,0,0,0,0,0,0,0,0,0,0,0,0,0,0,0,0,0,0,0,0,0,0,0,0,0,0,0,0,0,0,0,0,0,0,0,0,0,0,0,0,0,0,0,0,0,0,0,0,0,0,0,0,0,0,0,0,0,0,0,0,0,0,0,0,0,0,0,0,0,0,0,0,0,0,0,0,0,0,0,0,0,0,0,0,0,0,0,0,0,0,0,0,0,0,0,0,0,0,0,0,0,0,0,0,0,0,0,0,0,0,0,0,0,0,0,0,0,0,0,0,0,0,0,0,0,0,0,0,0,0,0,0,0,0,0,0,0,0,0,0,0,0,0,0,0,0,0,0,0,0,0,0,0,0,0,0,0,0,0,0,0,0,0,0,0,0,0,0,0,0,0,0,0,0,0,0,0,0,0,0,0,0,0,0,0,0,0,0,0,0,0,0,0,0,0,0,0,0,0
CCCCCCN(CCCCCC)c1ccc(C=CC2=C(C#N)C(=C(C#N)C#N)OC2(C)C)s1,ClCCl,,,,,,,,,,,,,,,,,4281.957971,4230.364391,4209.158248,4207.7532,4217.550888,4228.988623,4238.237982,4251.344662,4226.029087,4196.570617,4174.643127,4142.946088,4083.565616,3986.465222,3839.247403,3656.075575,3457.173676,3256.898671,3063.006651,2936.606354,2837.946148,2755.433914,2679.938933,2596.730449,2495.480316,2388.166233,2299.943687,2218.245962,2140.546253,2062.243458,1961.289926,1869.966768,1795.490114,1741.774323,1718.721274,1730.616457,1779.720117,1827.710006,1870.795347,1910.954234,1950.324089,2004.809519,2088.200146,2203.513685,2338.978155,2479.424746,2611.330777,2721.961457,2800.115952,2836.43653,2839.137111,2829.550085,2821.869284,2819.879402,2819.554283,2819.376323,2819.567972,2802.079976,2771.120254,2791.3807,2860.435657,2972.872556,3120.0706,3294.407931,3481.482332,3645.76454,3784.553593,3882.568884,3946.127614,4013.442518,4065.125077,4148.73169,4271.821854,4439.167028,4620.499937,4822.734023,5082.346531,5418.057868,5822.278874,6280.191335,6750.357941,7252.675993,7754.331258,8184.16406,8589.430391,9033.014788,9473.143413,9979.458722,10589.26197,11332.35349,12065.14043,12784.58874,13659.90417,14703.33138,16003.68269,17421.73668,19010.8019,20871.98208,22930.82605,25192.63686,27525.15978,29896.58027,32513.25898,35276.88057,37956.77045,40335.61698,42463.25163,44212.22382,45576.41297,46701.86796,47534.82169,48343.36903,49492.54138,50964.52563,52939.08461,55625.45444,59047.01063,63423.52964,68951.29759,75608.3212,83305.85583,92092.77851,101885.2952,112179.6222,122655.891,132961.9999,142366.2021,150420.607,156652.9389,160528.0152,161808.0038,161139.4075,157480.9957,150252.4009,139344.9708,125494.6954,109559.0466,93526.82191,78181.51111,64163.10721,52010.92759,42701.69868,34966.15437,28226.79231,22136.45505,16774.11997,12375.43314,9548.934614,7501.999141,5865.333034,4228.666926,2592.000819,955.3347111,0,0,0,0,0,0,0,0,0,0,0,0,0,0,0,0,0,0,0,0,0,0,0,0,0,0,0,0,0,0,0,0,0,0,0,0,0,0,0,0,0,0,0,0,0,0,0,0,0,0,0,0,0,0,0,0,0,0,0,0,0,0,0,0,0,0,0,0,0,0,0,0,0,0,0,0,0,0,0,0,0,0,0,0,0,0,0,0,0,0,0,0,0,0,0,0,0,0,0,0,0,0,0,0,0,0,0,0,0,0,0,0,0,0,0,0,0,0,0,0,0,0,0,0,0,0,0,0,0,0,0,0,0,0,0,0,0,0,0,0,0,0,0,0,0,0,0,0,0,0,0,0,0,0,0,0,0,0,0,0,0,0,0,0,0,0,0
c1ccc(N(c2ccccc2)c2ccc(-c3c4ccccc4c(-c4c5ccccc5c(-c5ccc(N(c6ccccc6)c6ccccc6)cc5)c5ccccc45)c4ccccc34)cc2)cc1,ClCCl,,,,,,,,,,,,,,,,,,,,,,13164.63083,14821.94702,16548.44835,18143.33393,19393.72202,20093.80572,20170.17531,19874.79308,19625.5686,19811.98073,20627.60056,21967.13454,23647.42472,25415.87952,26860.61539,27672.90496,27730.60782,27000,25608.86902,23694.98185,21413.3369,18956.54996,16460.41459,14054.25047,11777.30445,9707.083274,7862.150219,6202.374016,4797.53083,3630.106699,2680.844815,1918.771764,1300.33579,837.5662574,501.3431489,273.1310785,126.9598127,36.62478546,0,0,0,0,0,0,0,0,0,0,0,0,0,0,0,0,0,0,0,0,0,0,0,0,0,0,0,0,0,0,0,0,0,0,0,0,0,0,0,0,0,0,0,0,0,0,0,0,0,0,0,0,0,0,0,0,0,0,0,0,0,0,0,0,0,0,0,0,0,0,0,0,0,0,0,0,0,0,0,0,0,0,0,0,0,0,0,0,0,0,0,0,0,0,0,0,0,0,0,0,0,0,0,0,0,0,0,0,0,0,0,0,0,0,0,0,0,0,0,0,0,0,0,0,0,0,0,0,0,0,0,0,0,0,0,0,0,0,0,0,0,0,0,0,0,0,0,0,0,0,0,0,0,0,0,0,0,0,0,0,0,0,0,0,0,0,0,0,0,0,0,0,0,0,0,0,0,0,0,0,0,0,0,0,0,0,0,0,0,0,0,0,0,0,0,0,0,0,0,0,0,0,0,0,0,0,0,0,0,0,0,0,0,0,0,0,0,0,0,0,0,0,0,0,0,0,0,0,0,0,0,0,0,0,0,0,0,0,0,0,0,0,0,0,0,0,0,0,0,0,0,0,0,0,0,0,0,0,0,0,0,0,0,0,0,0,0,0,0,0,0,0,0,0,0,0,0
CC1=CC(C)=[N+]2C1=C(c1ccc(-c3ccc(O)cc3)s1)c1c(C)cc(C)n1[B-]2(F)F,Cc1ccccc1,,,,,,,,,,,,,,,,,,,,,,,,,,,,,,,,,,,,,,,,,5338.966637,5111.109963,4890.777507,4678.075856,4475.143897,4294.375353,4149.060905,4044.498353,3983.352745,3969.26006,4005.002916,4082.997344,4184.196204,4302.313975,4437.136185,4587.363418,4759.828354,4959.61529,5186.469381,5439.256907,5714.64357,6009.434605,6315.379376,6638.490472,6983.84024,7377.931882,7839.728879,8434.240531,9236.614692,10298.40977,11683.74391,13385.58257,15324.96007,17403.73147,19395.43546,21130.3726,22479.91738,23418.42092,23914.93816,24242.65067,24631.89865,25346.86916,26655.63071,28842.98598,32147.37464,36782.64272,43167.9907,51217.04558,60483.90152,71122.91494,81323.37746,89468.61959,93768.847,93302.91564,88000,78530.94111,66240.7537,52577.55676,39438.82696,28631.96973,20036.70288,13713.14166,9144.069246,6083.03821,4202.02855,3103.14501,2356.996242,1783.754271,1408.428436,1137.654172,932.560717,752.4924299,604.4370292,478.4849646,372.2237708,282.5307122,222.8521571,189.691339,167.5250186,145.9536587,118.2140236,85.97342428,58.83456378,36.53000055,16.51387161,2.676999784,0,4.446054781,8.499991108,10.34785739,9.977702741,7.599152257,5.220601774,2.842051291,0.463500807,0,0,0,0,0,0,0,0,0,0,0,0,0,0,0,0,0,0,0,0,0,0,0,0,0,0,0,0,0,0,0,0,0,0,0,0,0,0,0,0,0,0,0,0,0,0,0,0,0,0,0,0,0,0,0,0,0,0,0,0,0,0,0,0,0,0,0,0,0,0,0,0,0,0,0,0,0,0,0,0,0,0,0,0,0,0,0,0,0,0,0,0,0,0,0,0,0,0,0,0,0,0,0,0,0,0,0,0,0,0,0,0,0,0,0,0,0,0,0,0,0,0,0,0,0,0,0,0,0,0,0,0,0,0,0,0,0,0,0,0,0,0,0,0,0,0,0,0,0,0,0,0,0,0,0,0,0,0,0,0,0,0,0,0,0,0,0,0,0,0,0,0,0,0,0,0,0,0,0,0,0,0,0,0,0,0,0,0,0,0,0,0,0,0,0,0,0,0,0,0,0
CN1C(=O)SC(=CC=Cc2ccco2)C1=O,CO,4266.126969,4756.277727,5228.274753,5718.425512,6335.652392,6898.418077,7533.79869,8205.486766,8822.713646,9530.709186,10238.70473,10983.00773,11727.31073,12435.30627,13143.30181,13851.29735,14504.83169,15103.90484,15648.5168,16120.51382,16610.66458,16955.58549,17246.04519,17463.88998,17572.81237,17627.27356,17609.11983,17445.73624,17264.19893,16901.12429,16374.66607,15848.20785,15158.36604,14395.9093,13633.45257,12725.76598,11727.31073,10765.16295,9839.322626,8822.713646,7824.258398,6934.725541,6081.500147,5282.735949,4556.586677,3884.898602,3303.979184,2759.367231,2323.677668,1906.141837,1543.067202,1252.607493,1034.762712,853.2253938,671.688076,580.919417,435.6895628,363.0746357,290.4597085,235.9985132,217.8447814,127.0761225,127.0761225,127.0761225,90.76865891,72.61492713,54.46119535,54.46119535,72.61492713,72.61492713,54.46119535,72.61492713,72.61492713,72.61492713,54.46119535,72.61492713,72.61492713,72.61492713,54.46119535,54.46119535,54.46119535,54.46119535,54.46119535,18.15373178,54.46119535,0,0,0,0,0,0,0,0,0,0,0,0,0,0,0,0,0,0,0,0,0,0,0,0,0,0,0,0,0,0,0,0,0,0,0,0,0,0,0,0,0,0,0,0,0,0,0,0,0,0,0,0,0,0,0,0,0,0,0,0,0,0,0,0,0,0,0,0,0,0,0,0,0,0,0,0,0,0,0,0,0,0,0,0,0,0,0,0,0,0,0,0,0,0,0,0,0,0,0,0,0,0,0,0,0,0,0,0,0,0,0,0,0,0,0,0,0,0,0,0,0,0,0,0,0,0,0,0,0,0,0,0,0,0,0,0,0,0,0,0,0,0,0,0,0,0,0,0,0,0,0,0,0,0,0,0,0,0,0,0,0,0,0,0,0,0,0,0,0,0,0,0,0,0,0,0,0,0,0,0,0,0,0,0,0,0,0,0,0,0,0,0,0,0,0,0,0,0,0,0,0,0,0,0,0,0,0,0,0,0,0,0,0,0,0,0,0,0,0,0,0,0,0,0,0,0,0,0,0,0,0,0,0,0,0,0,0,0,0,0,0,0,0,0,0,0,0,0,0,0,0
CCC1=C(C)C2=Cc3cc(Br)c(-c4ccc(C(C)(C)C)cc4)n3[B-](F)(F)[N+]2=C1C,CC#N,4573.049041,4737.940279,4917.074468,5043.454378,5213.041467,5368.182455,5472.410938,5441.828409,5429.354814,5455.906985,5483.577521,5523.852384,5624.418036,5719.071892,5835.764203,5943.428194,6004.72043,6009.642224,6060.920676,6113.677916,6150.139484,6220.806749,6287.15151,6333.999519,6359.93543,6364.860874,6346.351263,6301.622968,6252.19083,6173.644591,6050.470399,5908.9045,5741.285379,5572.326586,5385.564919,5199.72044,5024.548036,4869.351401,4714.505421,4555.483652,4390.74051,4209.739386,4033.700508,3847.608972,3662.697466,3490.179145,3328.262354,3207.507422,3107.628181,3069.463659,3067.647339,3124.66226,3236.781064,3399.83842,3645.044661,3947.42487,4294.849595,4708.717943,5156.885324,5648.935148,6155.376314,6704.468192,7280.955331,7883.560812,8542.241728,9226.057595,9930.229781,10686.16605,11489.34765,12352.71663,13276.35115,14267.88983,15320.40323,16446.72727,17636.10944,18875.83413,20137.86673,21424.08512,22738.21016,24052.17625,25335.45384,26565.30801,27742.12848,28850.98934,29895.25181,30885.98479,31849.57666,32814.88087,33824.97858,34889.20853,36012.81179,37172.75071,38368.92211,39527.67133,40588.52754,41440.19094,42053.19953,42300,42090.80482,41382.8152,40093.49607,38225.08307,35845.08611,33020.58065,29841.54216,26436.84529,22975.70042,19565.0887,16319.94323,13355.58814,10696.12103,8398.948703,6483.328559,4931.518794,3688.33689,2726.409783,1996.632312,1452.512745,1055.225506,657.9382665,260.6510275,0,0,0,0,0,0,0,0,0,0,0,0,0,0,0,0,0,0,0,0,0,0,0,0,0,0,0,0,0,0,0,0,0,0,0,0,0,0,0,0,0,0,0,0,0,0,0,0,0,0,0,0,0,0,0,0,0,0,0,0,0,0,0,0,0,0,0,0,0,0,0,0,0,0,0,0,0,0,0,0,0,0,0,0,0,0,0,0,0,0,0,0,0,0,0,0,0,0,0,0,0,0,0,0,0,0,0,0,0,0,0,0,0,0,0,0,0,0,0,0,0,0,0,0,0,0,0,0,0,0,0,0,0,0,0,0,0,0,0,0,0,0,0,0,0,0,0,0,0,0,0,0,0,0,0,0,0,0,0,0,0,0,0,0,0,0,0,0,0,0,0,0,0,0,0,0,0,0,0,0,0,0,0,0,0,0,0,0,0,0,0,0,0,0,0,0,0,0,0,0,0,0,0,0,0,0,0,0,0,0,0,0,0,0,0
CC1(C)Nc2cc3nc4cc(F)c(F)cc4nc3cc2N1,CCO,,,,,,,,,,,,,,,,1389.493573,1587.128885,1811.111557,2058.461256,2334.777821,2648.703029,3000.447997,3378.77935,3789.944231,4244.986627,4738.19765,5271.897378,5839.509534,6428.839066,7041.082892,7676.13356,8308.341447,8949.390464,9637.193467,10357.65616,11087.12904,11827.28886,12570.78108,13321.07085,14089.41268,14867.33445,15631.2315,16376.85779,17130.33543,17898.62822,18678.47555,19490.168,20355.6917,21291.60394,22303.08652,23334.48372,24270.71991,25018.58136,25564.86189,25874.21173,25914.2483,25741.52939,25455.95844,25184.52862,25030.45904,25009.92742,25110.17633,25322.03093,25578.16236,25742.21178,25703.95783,25323.49997,24518.36445,23218.72012,21346.75948,19032.83763,16386.0446,13566.68538,10811.1436,8280.977582,6129.26193,4386.831654,3076.193171,2098.940391,1367.758455,897.5049856,557.4660582,309.770282,62.07450581,0,0,0,0,0,0,0,0,0,0,0,0,0,0,0,0,0,0,0,0,0,0,0,0,0,0,0,0,0,0,0,0,0,0,0,0,0,0,0,0,0,0,0,0,0,0,0,0,0,0,0,0,0,0,0,0,0,0,0,0,0,0,0,0,0,0,0,0,0,0,0,0,0,0,0,0,0,0,0,0,0,0,0,0,0,0,0,0,0,0,0,0,0,0,0,0,0,0,0,0,0,0,0,0,0,0,0,0,0,0,0,0,0,0,0,0,0,0,0,0,0,0,0,0,0,0,0,0,0,0,0,0,0,0,0,0,0,0,0,0,0,0,0,0,0,0,0,0,0,0,0,0,0,0,0,0,0,0,0,0,0,0,0,0,0,0,0,0,0,0,0,0,0,0,0,0,0,0,0,0,0,0,0,0,0,0,0,0,0,0,0,0,0,0,0,0,0,0,0,0,0,0,0,0,0,0,0,0,0,0,0,0,0,0,0,0,0,0,0,0,0,0,0,0,0,0,0,0,0,0,0,0,0,0,0,0,0,0,0,0,0,0,0,0,0,0,0,0,0,0,0,0
COCCOCCOc1cc(C=Cc2ccc(N(c3ccccc3)c3ccccc3)cc2)c(OCCOCCOC)cc1C=Cc1ccc(N(c2ccccc2)c2ccccc2)cc1,C1CCOC1,11324.92226,11446.57855,11582.84892,11745.3459,11922.57871,12103.51893,12301.55151,12519.27042,12736.85928,12953.30098,13182.2644,13432.93715,13708.62859,14011.96817,14356.6736,14758.59936,15223.4871,15739.28932,16282.25489,16844.2602,17424.35664,18019.93235,18625.36228,19254.65113,19959.82106,20746.64649,21573.02114,22407.2024,23225.56173,24009.36825,24740.14671,25409.79185,26026.59588,26615.34126,27221.18315,27841.57972,28445.42125,29019.45435,29554.90079,30035.21633,30448.27934,30783.53835,31032.05187,31178.92399,31200,31077.86768,30810.18424,30403.68942,29866.60778,29217.72151,28498.90541,27728.60784,26896.93006,25991.89234,24999.1262,23920.25491,22819.54514,21683.88865,20302.43361,18612.10127,16766.63537,14865.82573,12930.62373,11020.91736,9224.280827,7627.891959,6315.921964,5221.058313,4164.185661,3179.465022,2400.506744,1817.622198,1368.724403,1030.343002,784.098008,604.5936558,471.1507894,367.2558823,281.9279184,208.4562727,151.4725671,107.9295846,75.39244987,51.55278639,36.25805594,28.1732283,24.83248276,23.94563263,21.83289147,15.96118888,11.12215723,9.47095551,11.13038418,14.99350331,19.44126425,22.28326038,22.1350998,20.22856073,15.92488464,9.224071531,5.064480282,3.654124417,1.907218364,0,4.484442562,18.1318206,30.63369019,36.61415457,39.38339125,41.30525208,42.31294025,41.23536074,34.91208162,27.45046432,26.2780862,28.15405725,22.29699712,11.33032171,4.442779476,4.352433978,11.18057612,22.50078396,29.86141356,32.94463292,32.52415275,28.63725848,21.15828156,11.41530836,4.007807794,1.523344345,0,0,0,0,0,0,0,0,0,0,0,0,0,0,0,0,0,0,0,0,0,0,0,0,0,0,0,0,0,0,0,0,0,0,0,0,0,0,0,0,0,0,0,0,0,0,0,0,0,0,0,0,0,0,0,0,0,0,0,0,0,0,0,0,0,0,0,0,0,0,0,0,0,0,0,0,0,0,0,0,0,0,0,0,0,0,0,0,0,0,0,0,0,0,0,0,0,0,0,0,0,0,0,0,0,0,0,0,0,0,0,0,0,0,0,0,0,0,0,0,0,0,0,0,0,0,0,0,0,0,0,0,0,0,0,0,0,0,0,0,0,0,0,0,0,0,0,0,0,0,0,0,0,0,0,0,0,0,0,0,0,0,0,0,0,0,0,0,0,0,0,0,0,0,0,0,0,0,0,0,0,0,0,0,0,0,0,0,0,0,0,0,0,0,0,0,0,0,0,0,0,0,0,0,0,0
CCC1=C(C)C2=C(C)c3c(C)c(-c4csc(N5CCOCC5)n4)c(C)n3[B-](F)(F)[N+]2=C1C,CC#N,,,,,,,,,,,,,,,,8621.699615,8833.952804,9029.299842,9206.966338,9365.52603,9506.750428,9621.950211,9709.085656,9772.799463,9810.546162,9814.920218,9789.670853,9750.229248,9709.424895,9672.651926,9634.890208,9590.79217,9537.614076,9470.220998,9380.891981,9251.564329,9079.930533,8884.459686,8670.665654,8433.979549,8181.088301,7923.107613,7665.117483,7410.371043,7156.542328,6893.856928,6628.736347,6370.970017,6125.54567,5902.404225,5710.634536,5547.434503,5417.901291,5336.518744,5313.263614,5349.951827,5448.643063,5613.026032,5849.521383,6157.35644,6531.252081,6960.013212,7452.279585,8029.472597,8707.976127,9495.616057,10411.30715,11490.89585,12747.86137,14174.81771,15762.23721,17494.53871,19356.4659,21331.35768,23398.49107,25532.06013,27728.7557,29985.60254,32312.7276,34737.17578,37304.90117,40082.06027,43123.52114,46509.12184,50252.36777,54346.82625,58694.18156,63147.08498,67525.35866,71610.95874,75101.07868,77781.91499,79467.08375,80016,79369.55056,77534.43075,74625.78154,70938.96319,66735.94336,62129.78833,57236.48066,52313.41139,47505.39791,42841.21568,38368.80549,34102.02529,30124.64796,26527.16657,23277.78987,20260.43512,17483.00352,15006.57198,12816.01747,10861.26051,9128.413355,7631.629616,6356.30722,5271.32117,4349.641795,3576.24646,2934.859,2415.044334,1992.033097,1636.689805,1334.461737,1087.290556,881.1915157,700.1497974,538.6148455,400.827896,283.4527788,182.2767964,87.38370506,0,0,0,0,0,0,0,0,0,0,0,0,0,0,0,0,0,0,0,0,0,0,0,0,0,0,0,0,0,0,0,0,0,0,0,0,0,0,0,0,0,0,0,0,0,0,0,0,0,0,0,0,0,0,0,0,0,0,0,0,0,0,0,0,0,0,0,0,0,0,0,0,0,0,0,0,0,0,0,0,0,0,0,0,0,0,0,0,0,0,0,0,0,0,0,0,0,0,0,0,0,0,0,0,0,0,0,0,0,0,0,0,0,0,0,0,0,0,0,0,0,0,0,0,0,0,0,0,0,0,0,0,0,0,0,0,0,0,0,0,0,0,0,0,0,0,0,0,0,0,0,0,0,0,0,0,0,0,0,0,0,0,0,0,0,0,0,0,0,0,0,0,0,0,0,0,0,0,0,0,0,0,0,0,0,0,0,0,0,0,0,0,0,0,0,0,0,0,0,0,0,0,0
CCCCCCCCCCC1(CCCCCCCC)C(C=C2C(=O)C(C=C3N(C)c4ccc(C(=O)O)cc4C3(C)C)=C2[O-])=[N+](CCCCCC)c2ccccc21,ClCCl,,,,,,,,,,,,,,,,,,,,,,,,,,,,,,,,,,,,,,,,,,,,,,,,,,,,,,,,,,,,,,,,,,,,,,,,,,,,,,,,,,,,,,,,,,,,,,,,,,,,,,,,,,,,,,,,,,,,,,,,,,15299.14785,17232.60499,19394.73837,21771.92663,24351.26384,26989.24385,29555.76543,31948.14719,34072.703,35919.1263,37444.81739,38599.35433,39419.95344,39916.01819,40289.32972,40669.52661,41233.45347,42194.20258,43692.45468,45667.0201,48270.56376,51586.7129,55470.67936,60056.75501,65701.81372,72769.36496,81823.40423,93159.63943,106940.8095,122870.2327,140522.0854,159040.1973,177170.9758,192699.2282,204346.6711,210050.3585,208929.6131,200774.1822,186217.4945,166645.0579,143838.1412,120458.8039,98551.36237,78629.14354,62015.40395,48262.7536,37376.33015,28946.52854,22337.49323,17157.67891,12981.25676,9925.319155,6869.381548,3813.44394,757.506333,0,0,0,0,0,0,0,0,0,0,0,0,0,0,0,0,0,0,0,0,0,0,0,0,0,0,0,0,0,0,0,0,0,0,0,0,0,0,0,0,0,0,0,0,0,0,0,0,0,0,0,0,0,0,0,0,0,0,0,0,0,0,0,0,0,0,0,0,0,0,0,0,0,0,0,0,0,0,0,0,0,0,0,0,0,0,0,0,0,0,0,0,0,0,0,0,0,0,0,0,0,0,0,0,0,0,0,0,0,0,0,0,0,0,0,0,0,0,0,0,0,0,0,0,0,0,0,0,0,0,0,0,0,0,0,0,0,0,0,0,0,0,0,0,0,0,0,0,0,0,0,0,0,0,0,0,0,0,0,0
CCN(CC)c1ccc2c(c1)O[B-](F)(F)[N+](c1ccccc1[N+]1=Cc3ccc(N(CC)CC)cc3O[B-]1(F)F)=C2,ClCCl,15408.18348,17268.14378,19238.85838,21307.40611,23545.80931,25979.63095,28600.65203,31444.73286,34420.75954,37570.38808,40809.70015,44083.63104,47318.77147,50357.09227,53160.84351,55665.66232,57829.74169,59613.68907,60962.75074,61854.39929,62200,61916.7946,61010.95597,59502.49835,57471.76732,55135.15974,52706.51995,50385.18467,48383.44781,46747.56313,45511.94199,44602.74665,43945.18869,43411.83262,42888.28534,42337.40469,41659.94443,40847.89709,39863.2144,38663.64044,37227.72143,35579.11944,33745.32797,31708.73417,29594.65685,27432.16959,25273.17261,23244.12052,21327.86723,19522.30043,17867.64649,16340.33061,14923.90448,13544.11715,12283.46965,11080.35924,9971.950576,8956.114367,8008.31251,7148.500732,6381.59156,5693.082323,5082.711977,4525.575098,4044.995014,3618.735845,3253.826064,2896.918087,2584.189319,2307.083778,2050.820762,1838.837424,1644.102232,1476.384633,1335.464671,1203.996054,1087.468134,975.7958293,891.9972824,807.7157002,730.3081138,662.443485,600.3651153,573.0016875,539.6914242,508.0519662,473.6284135,437.9805039,416.6979184,364.4512821,305.4634956,247.9902936,200.7816257,174.9156505,147.6232188,137.9677417,124.9379874,122.1479401,134.5825754,133.7031813,133.6665943,133.6665943,133.6665943,133.6665943,133.6665943,133.6875012,133.8704361,143.9533419,141.1444204,128.3227181,108.3672816,84.1571574,58.57139191,34.48903171,14.78912329,2.350713165,0,10.15549901,10.15549901,10.15549901,10.15549901,10.15549901,10.15549901,10.15549901,10.15549901,10.15549901,10.15549901,10.15549901,10.15549901,10.15549901,10.15549901,10.15549901,10.15549901,10.15549901,10.15549901,10.15549901,10.15549901,10.15549901,10.15549901,10.15549901,10.15549901,10.15549901,10.15549901,10.15549901,10.15549901,10.15549901,10.15549901,10.15549901,10.15549901,10.15549901,10.15549901,10.15549901,10.15549901,10.15549901,10.15549901,10.15549901,10.15549901,10.15549901,10.15549901,10.15549901,10.15549901,10.15549901,10.15549901,10.15549901,10.15549901,10.15549901,10.15549901,10.15549901,10.15549901,10.15549901,10.15549901,10.15549901,10.15549901,10.15549901,10.15549901,10.15549901,10.15549901,10.15549901,10.15549901,10.15549901,10.15549901,10.15549901,10.15549901,10.15549901,10.15549901,10.15549901,10.15549901,10.15549901,10.15549901,10.15549901,10.15549901,10.15549901,10.15549901,10.15549901,10.15549901,10.15549901,10.15549901,10.15549901,10.15549901,10.15549901,10.15549901,10.15549901,10.15549901,10.15549901,10.15549901,10.15549901,10.15549901,10.15549901,10.15549901,10.15549901,10.15549901,10.15549901,10.15549901,10.15549901,10.15549901,10.15549901,10.15549901,10.15549901,10.15549901,10.15549901,10.15549901,10.15549901,10.15549901,10.15549901,10.15549901,10.15549901,10.15549901,10.15549901,10.15549901,10.15549901,10.15549901,10.15549901,10.15549901,10.15549901,10.15549901,10.15549901,10.15549901,10.15549901,10.15549901,10.15549901,10.15549901,10.15549901,10.15549901,10.15549901,10.15549901,10.15549901,10.15549901,10.15549901,10.15549901,10.15549901,10.15549901,10.15549901,10.15549901,10.15549901,10.15549901,10.15549901,10.15549901,10.15549901,10.15549901,10.15549901,10.15549901,10.15549901,10.15549901,10.15549901,10.15549901,10.15549901,10.15549901,10.15549901,10.15549901,10.15549901,10.15549901,10.15549901,10.15549901,10.15549901,10.15549901,10.15549901,10.15549901,10.15549901,10.15549901,10.15549901,10.15549901,10.15549901,10.15549901,10.15549901,10.15549901,10.15549901,10.15549901,10.15549901,10.15549901,10.15549901,10.15549901,10.15549901,10.15549901,10.15549901,10.15549901,10.15549901,10.15549901,10.15549901,10.15549901,10.15549901,10.15549901,10.15549901,10.15549901,10.15549901,10.15549901,10.15549901,10.15549901,10.15549901,10.15549901,10.15549901,10.15549901,10.15549901,10.15549901,10.15549901,10.15549901,10.15549901,10.15549901,10.15549901,10.15549901,10.15549901,10.15549901,10.15549901,10.15549901,10.15549901,10.15549901,10.15549901,10.15549901,10.15549901,10.15549901,10.15549901,10.15549901,10.15549901,10.15549901,10.15549901,10.15549901,10.15549901
CCOc1c(C=C2N(CC)c3ccc4ccccc4c3C2(C)C)c(=O)c1=O,CO,,,,,,,,,,,,,,,,,,,,,,,,,,,,,,,,2389.650956,2833.966884,3326.394805,3873.91583,4475.376377,5135.059776,5847.870753,6607.895614,7410.395476,8240.153838,9083.93711,9932.38122,10775.80914,11608.99935,12428.64707,13235.13524,14023.27168,14786.16095,15510.67848,16181.85141,16777.29949,17265.1739,17612.16815,17792.13892,17782.7941,17551.919,17099.3124,16428.36275,15555.65678,14512.86213,13324.6173,12032.05361,10669.81237,9276.2823,7893.195733,6556.063671,5310.223926,4176.839818,3175.184611,2297.652055,1556.637413,971.4857411,532.5744769,226.3493453,0,0,0,0,0,0,0,0,0,0,0,0,0,0,0,0,0,0,0,0,0,0,0,0,0,0,0,0,0,0,0,0,0,0,0,0,0,0,0,0,0,0,0,0,0,0,0,0,0,0,0,0,0,0,0,0,0,0,0,0,0,0,0,0,0,0,0,0,0,0,0,0,0,0,0,0,0,0,0,0,0,0,0,0,0,0,0,0,0,0,0,0,0,0,0,0,0,0,0,0,0,0,0,0,0,0,0,0,0,0,0,0,0,0,0,0,0,0,0,0,0,0,0,0,0,0,0,0,0,0,0,0,0,0,0,0,0,0,0,0,0,0,0,0,0,0,0,0,0,0,0,0,0,0,0,0,0,0,0,0,0,0,0,0,0,0,0,0,0,0,0,0,0,0,0,0,0,0,0,0,0,0,0,0,0,0,0,0,0,0,0,0,0,0,0,0,0,0,0,0,0,0,0,0,0,0,0,0,0,0,0,0,0,0,0,0,0,0,0,0,0,0,0,0,0,0,0,0,0,0,0,0,0,0,0,0,0,0,0,0,0,0,0,0,0,0,0,0,0,0,0,0,0,0,0,0,0,0,0,0,0
CN(C)c1ccc(C2=Cc3n(C)c4ccccc4[n+]3[B-](F)(F)O2)cc1,C1CCOC1,,,,,,,,13441.59903,14992.29777,16655.44413,18438.45513,20306.32956,22226.36998,24179.38963,26243.10893,28457.30823,30799.85666,33208.58882,35627.16782,37975.21475,40208.6695,42256.47353,44097.5003,45756.46082,47326.67567,48923.28953,50469.54799,51990.99754,53390.08461,54527.06039,55262.72102,55417.75333,54900,53762.29272,52138.78788,50268.57004,48299.63037,46498.3763,44946.28153,43649.89498,42433.57911,40986.38281,39061.78889,36528.04593,33271.51427,29389.05787,25031.64685,20525.68242,16201.06662,12319.77834,9027.167176,6365.568386,4335.035743,2898.268891,1902.189056,1249.573864,805.4866831,524.526712,347.090985,228.2681773,147.3348122,82.81886683,27.40186772,2.000042791,0,11.02091087,20.9467458,20.9467458,20.9467458,20.9467458,20.9467458,20.9467458,20.9467458,20.9467458,20.9467458,20.9467458,20.9467458,20.9467458,20.9467458,20.9467458,20.9467458,20.9467458,20.9467458,20.9467458,20.9467458,20.9467458,20.9467458,20.9467458,20.9467458,20.9467458,20.9467458,20.9467458,20.9467458,20.9467458,20.9467458,20.9467458,20.9467458,20.9467458,20.9467458,20.9467458,20.9467458,20.9467458,20.9467458,20.9467458,20.9467458,20.9467458,20.9467458,20.9467458,20.9467458,20.9467458,20.9467458,20.9467458,20.9467458,20.9467458,20.9467458,20.9467458,20.9467458,20.9467458,20.9467458,20.9467458,20.9467458,20.9467458,20.9467458,20.9467458,20.9467458,20.9467458,20.9467458,20.9467458,20.9467458,20.9467458,20.9467458,20.9467458,20.9467458,20.9467458,20.9467458,20.9467458,20.9467458,20.9467458,20.9467458,20.9467458,20.9467458,20.9467458,20.9467458,20.9467458,20.9467458,20.9467458,20.9467458,20.9467458,20.9467458,20.9467458,20.9467458,20.9467458,20.9467458,20.9467458,20.9467458,20.9467458,20.9467458,20.9467458,20.9467458,20.9467458,20.9467458,20.9467458,20.9467458,20.9467458,20.9467458,20.9467458,20.9467458,20.9467458,20.9467458,20.9467458,20.9467458,20.9467458,20.9467458,20.9467458,20.9467458,20.9467458,20.9467458,20.9467458,20.9467458,20.9467458,20.9467458,20.9467458,20.9467458,20.9467458,20.9467458,20.9467458,20.9467458,20.9467458,20.9467458,20.9467458,20.9467458,20.9467458,20.9467458,20.9467458,20.9467458,20.9467458,20.9467458,20.9467458,20.9467458,20.9467458,20.9467458,20.9467458,20.9467458,20.9467458,20.9467458,20.9467458,20.9467458,20.9467458,20.9467458,20.9467458,20.9467458,20.9467458,20.9467458,20.9467458,20.9467458,20.9467458,20.9467458,20.9467458,20.9467458,20.9467458,20.9467458,20.9467458,20.9467458,20.9467458,20.9467458,20.9467458,20.9467458,20.9467458,20.9467458,20.9467458,20.9467458,20.9467458,20.9467458,20.9467458,20.9467458,20.9467458,20.9467458,20.9467458,20.9467458,20.9467458,20.9467458,20.9467458,20.9467458,20.9467458,20.9467458,20.9467458,20.9467458,20.9467458,20.9467458,20.9467458,20.9467458,20.9467458,20.9467458,20.9467458,20.9467458,20.9467458,20.9467458,20.9467458,20.9467458,20.9467458,20.9467458,20.9467458,20.9467458,20.9467458,20.9467458,20.9467458,20.9467458,20.9467458,20.9467458,20.9467458,20.9467458,20.9467458,20.9467458,20.9467458,20.9467458,20.9467458,20.9467458,20.9467458,20.9467458,20.9467458,20.9467458,20.9467458,20.9467458,20.9467458,20.9467458,20.9467458,20.9467458,20.9467458,20.9467458,20.9467458,20.9467458,20.9467458,20.9467458,20.9467458,20.9467458,20.9467458,20.9467458,20.9467458,20.9467458,20.9467458,20.9467458,20.9467458,20.9467458,20.9467458,20.9467458,20.9467458,20.9467458,20.9467458,20.9467458,20.9467458,20.9467458,20.9467458,20.9467458,20.9467458,20.9467458,20.9467458,20.9467458,20.9467458,20.9467458,20.9467458,20.9467458,20.9467458,20.9467458,20.9467458,20.9467458,20.9467458,20.9467458,20.9467458,20.9467458,20.9467458,20.9467458,20.9467458,20.9467458,20.9467458,20.9467458,20.9467458
CC1(C)C2=[N+](c3ccc(Br)cc31)[B-](F)(F)n1c(c3cccc4cccc1c43)=C2,CO,,,,,,,,,,,,,,,,,,,,,,,,,,,,,,,,,,,,,,,,,,5241.600253,5874.588699,6510.42246,7148.316351,7789.857582,8490.901626,9267.821734,10138.5566,11171.04468,12430.33198,13940.24656,15628.21325,17410.50337,19212.38029,20932.94707,22506.54226,23889.10833,25123.81995,26325.49483,27625.00444,29181.4425,31132.83831,33581.37155,36547.14961,39912.37211,43507.97043,47102.29223,50426.87366,53229.12627,55314.46768,56654.50746,57404.96459,57837.64297,58118.56689,58401.67092,59056.7235,60411.19509,62628.70105,65859.87508,70151.85299,75384.44878,81242.10087,87087.1009,92094.56398,95499.2586,96816.41823,95895.15107,92743.45509,87791.93351,81912.55183,75986.59408,70671.52177,66350.78987,63331.01123,61676.18648,61342.22364,62482.6766,65078.46881,69019.94659,74165.37758,79725.48684,84768.82342,88309.99798,89020.5461,86337.71762,80389.4011,71674.03326,61187.59822,50057.53512,39348.13245,29734.72718,21801.12529,15656.11442,10842.79812,7374.368216,5074.106909,3482.585984,2420.522448,1709.562046,1216.750379,869.5335069,615.4928783,423.2175793,270.4099918,163.2302974,96.56522395,55.26179284,26.22534265,0,0,0,0,0,0,0,0,0,0,0,0,0,0,0,0,0,0,0,0,0,0,0,0,0,0,0,0,0,0,0,0,0,0,0,0,0,0,0,0,0,0,0,0,0,0,0,0,0,0,0,0,0,0,0,0,0,0,0,0,0,0,0,0,0,0,0,0,0,0,0,0,0,0,0,0,0,0,0,0,0,0,0,0,0,0,0,0,0,0,0,0,0,0,0,0,0,0,0,0,0,0,0,0,0,0,0,0,0,0,0,0,0,0,0,0,0,0,0,0,0,0,0,0,0,0,0,0,0,0,0,0,0,0,0,0,0,0,0,0,0,0,0,0,0,0,0,0,0,0,0,0,0,0,0,0,0,0,0,0,0,0,0,0,0,0,0,0,0,0,0,0,0,0,0,0,0,0,0,0,0,0,0,0,0,0,0,0,0,0,0,0,0,0,0,0,0,0,0,0,0,0,0,0,0,0,0
CC1=C(C#Cc2cc(C)c(O)c(-c3nc(N(C)C)nc(N(C)C)n3)c2)C(C)=[N+]2C1=C(C)c1c(C)cc(C)n1[B-]2(F)F,Cc1ccccc1,,,,,,,,,,,,,,,,8794.286022,8503.668063,8228.144179,7970.597935,7722.687958,7486.730255,7263.830822,7047.667559,6850.368313,6682.340243,6551.617745,6462.529681,6405.879272,6379.564332,6388.214407,6434.06814,6503.079464,6584.837272,6677.981523,6770.924044,6860.483303,6939.324852,6982.994227,6979.635026,6930.953374,6827.319545,6650.073349,6397.090393,6067.511073,5674.464235,5225.940475,4723.71082,4196.637434,3666.305896,3157.127359,2695.676361,2301.203101,1990.969605,1771.692918,1643.815242,1583.122711,1570.055927,1612.140706,1705.856833,1844.777703,2028.345382,2259.118322,2546.859134,2877.861049,3239.74403,3634.784847,4055.770457,4510.480474,5019.548336,5579.446673,6182.533689,6850.816437,7609.855992,8450.824239,9381.461802,10406.39107,11508.51276,12684.23658,13942.50082,15274.62098,16656.45328,18077.68963,19549.14301,21082.37813,22682.33707,24349.51361,26088.54864,27906.08517,29843.77973,31944.73833,34183.53266,36533.57719,39018.00731,41569.25503,44106.06876,46576.0322,48807.05777,50572.56493,51730.51913,52223.01911,52000,51117.28455,49729.36137,47967.73199,46021.23917,44048.76245,42063.49606,40074.97263,38108.10177,36141.25868,34115.82388,32043.22256,29930.23137,27772.821,25575.53242,23328.28938,21070.47558,18863.89127,16751.30304,14752.11026,12876.95526,11164.82556,9625.750267,8263.174956,7069.218098,6019.275942,5116.724345,4346.102293,3703.80925,3180.305062,2730.966733,2333.654821,1985.449489,1677.18221,1399.09568,1155.843255,954.0248922,781.8980674,639.7943087,526.8345184,432.5626783,355.2086251,293.7421179,245.2192594,210.3441913,191.1660439,173.0143124,144.3832435,113.0889714,82.07366629,53.2229772,29.42552642,9.464766205,-2.461966926,-2.077754988,6.025242702,11.40322277,14.00781944,16.78379387,19.67735147,22.66344567,25.72838104,28.84785131,32.0175381,35.20992721,38.41699879,41.6093879,44.77463294,47.89965541,50.9644674,53.95475658,56.85559373,59.64069844,62.33943566,64.96932566,67.37984224,69.39380867,70.94570904,72.01987382,72.64122621,72.88725016,72.85862551,72.6944039,72.56386561,72.55054034,72.56830737,72.56830737,72.56830737,72.56830737,72.56830737,72.56830737,72.56830737,72.56830737,72.56830737,72.56830737,72.56830737,72.56830737,72.56830737,72.56830737,72.56830737,72.56830737,72.56830737,72.56830737,72.56830737,72.56830737,72.56830737,72.56830737,72.56830737,72.56830737,72.56830737,72.56830737,72.56830737,72.56830737,72.56830737,72.56830737,72.56830737,72.56830737,72.56830737,72.56830737,72.56830737,72.56830737,72.37287008,73.9541354,75.17352094,,,,,,,,,,,,,,,,,,,,,,,,,,,,,,,,,,,,,,,,,,,,,,,,,,,,,,,,,,,,,,,,,,,,,,,,,,,,,,,,,,,,,,,,,,,,,,,,,,,,,,,,,,,,,,,,
O=C(O)C1=CC=C(c2ccc(-c3ccc(N(c4ccccc4)c4ccccc4)cc3)s2)CC1,CC#N,4754.981243,4792.211254,4821.355073,4858.864308,4906.09308,4947.982728,5007.815577,5096.969196,5201.756205,5322.817145,5469.552429,5642.170883,5834.289214,6058.522967,6313.233676,6586.895905,6902.847049,7253.36323,7629.720463,8036.388975,8451.623513,8878.345689,9315.847888,9762.927031,10212.27478,10657.83268,11101.74278,11551.55558,12015.99543,12485.54376,12932.33443,13359.01709,13762.01709,14137.06182,14476.08692,14780.86397,15056.26854,15306.69855,15529.70236,15717.99047,15859.3152,15955.59901,16003.21295,16000,15949.68008,15853.03747,15709.41894,15516.53601,15276.36224,14991.17977,14668.92552,14312.81201,13919.32953,13499.90307,13051.57319,12570.77311,12068.51238,11538.96874,10983.95117,10403.94818,9811.848385,9211.509182,8599.149919,7990.35648,7383.529306,6779.582698,6198.089456,5637.381226,5101.340169,4586.48389,4100.118199,3643.020958,3210.297713,2812.947635,2448.724697,2111.593512,1810.550943,1547.559777,1318.6704,1114.831068,932.963586,774.0482972,636.7892888,515.4427415,409.19399,317.1652319,232.8322644,164.1601274,111.5685748,67.32944479,30.50909776,0,0,0,0,0,0,0,0,0,0,0,0,0,0,0,0,0,0,0,0,0,0,0,0,0,0,0,0,0,0,0,0,0,0,0,0,0,0,0,0,0,0,0,0,0,0,0,0,0,0,0,0,0,0,0,0,0,0,0,0,0,0,0,0,0,0,0,0,0,0,0,0,0,0,0,0,0,0,0,0,0,0,0,0,0,0,0,0,0,0,0,0,0,0,0,0,0,0,0,0,0,0,0,0,0,0,0,0,0,0,0,0,0,0,0,0,0,0,0,0,0,0,0,0,0,0,0,0,0,0,0,0,0,0,0,0,0,0,0,0,0,0,0,0,0,0,0,0,0,0,0,0,0,0,0,0,0,0,0,0,0,0,0,0,0,0,0,0,0,0,0,0,0,0,0,0,0,0,0,0,0,0,0,0,0,0,0,0,0,0,0,0,0,0,0,0,0,0,0,0,0,0,0,0,0,0,0,0,0,0,0,0,0,0,0,0,0,0,0,0,0,0,0,0,0,0,0,0,0,0,0,0,0,0,0,0,0,0,0,0,0,0,0,0,0
CCC1=C(C)C2=C(C)c3c(C)c(-c4csc(N5CCOCC5)n4)c(C)n3[B-](F)(F)[N+]2=C1C,CS(C)=O,,,,,,,,,,,,,,,,,,,,,,,,,,,,,,,,,,6371.51362,6325.149819,6277.170422,6228.924495,6183.08032,6134.693878,6072.567724,5995.36665,5908.785436,5817.711384,5727.664218,5637.953732,5543.491128,5441.820282,5331.203419,5210.346486,5075.333627,4929.566401,4782.691051,4642.080002,4513.641471,4403.247641,4313.766371,4250.537636,4217.748726,4219.815077,4259.177037,4343.717273,4483.454104,4686.011347,4953.552368,5290.046969,5695.961469,6177.538208,6744.109136,7407.174051,8180.160079,9073.399404,10099.89676,11257.36851,12523.59995,13879.80371,15307.53935,16797.51394,18345.23038,19954.51348,21631.77764,23395.07887,25273.88063,27289.12663,29460.08099,31806.89548,34367.87234,37142.26251,40129.67432,43264.54912,46439.36776,49515.69089,52340.6812,54761.12931,56626.36664,57839.49853,58374.82813,58233,57464.0358,56110.21673,54202.75065,51806.43115,49008.97059,45905.63414,42575.18177,39126.85013,35663.1666,32276.17197,29032.02256,25973.38059,23096.4091,20422.06884,17961.64233,15717.8147,13679.06185,11838.59495,10192.87703,8734.91372,7453.471539,6331.001106,5348.967944,4490.465968,3747.752809,3107.044193,2551.813357,2070.479907,1661.084955,1313.199728,1019.036227,765.9074257,548.2159872,364.979163,217.8264091,99.11727854,0,0,0,0,0,0,0,0,0,0,0,0,0,0,0,0,0,0,0,0,0,0,0,0,0,0,0,0,0,0,0,0,0,0,0,0,0,0,0,0,0,0,0,0,0,0,0,0,0,0,0,0,0,0,0,0,0,0,0,0,0,0,0,0,0,0,0,0,0,0,0,0,0,0,0,0,0,0,0,0,0,0,0,0,0,0,0,0,0,0,0,0,0,0,0,0,0,0,0,0,0,0,0,0,0,0,0,0,0,0,0,0,0,0,0,0,0,0,0,0,0,0,0,0,0,0,0,0,0,0,0,0,0,0,0,0,0,0,0,0,0,0,0,0,0,0,0,0,0,0,0,0,0,0,0,0,0,0,0,0,0,0,0,0,0,0,0,0,0,0,0,0,0,0,0,0,0,0,0,0,0,0,0,0,0,0,0,0,0,0,0,0,0,0,0,0,0,0,0,0,0,0,0
CC(C)(C)c1cc2c(=O)c3ccccc3n3c2c(c1)c(=O)c1ccc2ccccc2c13,ClC(Cl)Cl,,,,,,,,,,,,,,,,,,,,,,,,,,,,,,,,,,,,,,3526.297388,3968.305204,4478.535667,5065.42622,5723.141037,6424.434783,7127.533183,7802.453881,8432.878671,9010.284724,9540.409257,10072.35818,10659.17227,11349.68885,12191.28093,13192.02187,14314.13605,15486.66933,16574.50677,17402.61603,17847.0131,17782.7941,17154.29975,15986.31728,14385.33399,12497.23138,10465.69147,8476.700152,6651.448204,5052.441773,3740.447761,2696.028445,1920.240451,1377.534292,1012.154651,772.6491354,606.6437385,511.7529065,454.1425694,404.8025472,364.16881,327.3213256,300.7076998,281.465317,260.909597,242.692667,229.8918717,218.6808043,208.1393298,199.1571472,190.9072547,183.8216269,179.4232003,174.3334267,163.4409265,152.7278854,142.5536658,132.0300484,124.6640342,120.7366015,119.2434599,119.6287199,122.0301578,123.2787752,122.236008,118.6793819,113.3614614,107.1093963,102.6193655,98.82309888,94.95658762,90.33159256,84.48244727,74.49701002,60.08177285,41.99872192,21.67904157,0,0,0,0,0,0,0,0,0,0,0,0,0,0,0,0,0,0,0,0,0,0,0,0,0,0,0,0,0,0,0,0,0,0,0,0,0,0,0,0,0,0,0,0,0,0,0,0,0,0,0,0,0,0,0,0,0,0,0,0,0,0,0,0,0,0,0,0,0,0,0,0,0,0,0,0,0,0,0,0,0,0,0,0,0,0,0,0,0,0,0,0,0,0,0,0,0,0,0,0,0,0,0,0,0,0,0,0,0,0,0,0,0,0,0,0,0,0,0,0,0,0,0,0,0,0,0,0,0,0,0,0,0,0,0,0,0,0,0,0,0,0,0,0,0,0,0,0,0,0,0,0,0,0,0,0,0,0,0,0,0,0,0,0,0,0,0,0,0,0,0,0,0,0,0,0,0,0,0,0,0,0,0,0,0,0,0,0,0,0,0,0,0,0,0,0,0,0,0,0,0,0,0,0,0,0,0,0,0,0,0,0,0,0,0,0,0,0,0,0,0,0
CCC1=C(C)C2=Cc3cc(Br)c(-c4ccc(C(C)(C)C)cc4)n3[B-](F)(F)[N+]2=C1C,C1CCOC1,4590.735388,4729.431357,4823.772795,4983.190299,5137.097639,5230.535727,5340.597848,5386.190914,5369.77581,5343.411955,5351.968857,5339.902964,5340.397592,5414.245846,5479.536621,5534.061781,5637.76022,5714.205445,5824.178884,5878.425511,5841.681059,5817.283113,5788.85773,5798.516388,5793.493567,5790.97256,5775.766508,5739.32614,5724.169689,5644.004696,5513.013153,5406.810818,5234.915694,5072.212579,4880.188825,4676.651155,4476.296423,4274.84063,4114.748128,3935.699282,3759.527441,3591.935279,3399.827816,3225.488341,3031.010525,2852.796927,2675.688091,2518.128043,2422.701037,2310.786085,2239.231063,2195.327455,2188.585345,2239.760955,2302.463547,2438.377436,2617.64631,2845.822765,3119.339539,3398.812776,3738.305034,4123.220627,4556.468354,5022.927146,5513.51888,6061.73269,6618.74297,7191.727604,7798.742481,8442.057477,9137.29014,9891.145466,10692.20828,11560.26728,12496.36792,13528.45182,14650.93169,15864.30738,17171.38615,18556.43173,19999.29606,21464.72989,22906.33765,24306.71773,25655.70784,26969.56781,28222.09194,29422.0574,30592.79438,31781.62978,33010.4349,34317.65381,35734.68255,37301.43002,39059.77333,40838.59121,42725.95969,44596.25773,46335.31367,47817.00791,48919.75076,49536.73428,49500,48700.14705,47100.44577,44596.30097,41420.37659,37606.09737,33356.71968,28902.44414,24477.75934,20287.67387,16428.75419,13003.26977,10091.42944,7692.373074,5762.803046,4247.38265,3086.628421,2240.920984,1634.653599,1028.386214,422.1188296,0,0,0,0,0,0,0,0,0,0,0,0,0,0,0,0,0,0,0,0,0,0,0,0,0,0,0,0,0,0,0,0,0,0,0,0,0,0,0,0,0,0,0,0,0,0,0,0,0,0,0,0,0,0,0,0,0,0,0,0,0,0,0,0,0,0,0,0,0,0,0,0,0,0,0,0,0,0,0,0,0,0,0,0,0,0,0,0,0,0,0,0,0,0,0,0,0,0,0,0,0,0,0,0,0,0,0,0,0,0,0,0,0,0,0,0,0,0,0,0,0,0,0,0,0,0,0,0,0,0,0,0,0,0,0,0,0,0,0,0,0,0,0,0,0,0,0,0,0,0,0,0,0,0,0,0,0,0,0,0,0,0,0,0,0,0,0,0,0,0,0,0,0,0,0,0,0,0,0,0,0,0,0,0,0,0,0,0,0,0,0,0,0,0,0,0,0,0,0,0,0,0,0,0,0,0,0,0,0,0,0,0,0
F[B-]1(F)n2c(ccc2-c2ccc(Cl)cc2)C(c2c(Cl)cccc2Cl)=C2C=CC=[N+]21,ClCCl,,,,,,,,,,,,,,,,,5679.898982,5742.979848,5731.667532,5622.523223,5443.820793,5215.779229,4977.039563,4750.742379,4513.133001,4289.716001,4111.63722,3964.33144,3829.939494,3679.401641,3507.547839,3360.416044,3243.691391,3113.144509,2954.632763,2770.909403,2581.361719,2402.969398,2260.731107,2186.92592,2157.306732,2127.480722,2064.629467,1946.740097,1777.953572,1553.211959,1311.495316,1105.296189,960.9765759,879.2603506,836.1842999,815.0783572,812.4843916,817.6291941,834.4993434,854.5615002,877.8999614,923.334118,988.9783184,1068.142359,1161.030611,1279.151797,1409.305499,1550.517646,1724.931598,1935.036192,2168.483536,2415.731792,2679.654402,2965.79511,3266.88025,3585.26364,3924.493221,4299.154673,4722.26708,5194.75844,5708.325762,6270.958499,6929.4621,7690.524686,8545.936751,9517.379,10593.02868,11741.48031,12947.89938,14184.01188,15414.64595,16621.13731,17791.47684,18907.49551,19980.06872,21050.36457,22147.68797,23329.86594,24689.63663,26290.7722,28182.5401,30394.55854,32920.47218,35742.75548,38794.95778,41942.90292,45005.02628,47774.68838,50023.04954,51506.40062,52009.65432,51400,49633.08478,46774.78958,42976.87565,38444.29581,33452.16589,28312.00472,23297.14063,18631.38551,14497.5792,10999.42666,8155.176932,5941.857281,4292.395978,3100.699698,2256.917533,1671.426509,1269.396276,987.4498256,804.7659626,673.0027794,560.8593171,489.934312,452.654404,425.2201948,393.9980191,371.9376107,368.1900773,361.0393041,354.8238828,347.0400257,332.4979639,336.7582622,347.4452141,347.6723745,342.089302,338.8985197,342.3689028,342.1875666,337.1323295,330.4940762,322.1494246,324.9601359,327.4576747,319.0448995,316.5585105,317.8627834,318.6338299,320.0507029,322.1611869,324.9541322,328.4072394,332.10319,328.9467146,323.2579035,324.6853135,326.3778666,325.9049221,325.8861759,325.8905868,325.8905868,325.8905868,325.8905868,325.8905868,325.8905868,325.8905868,325.8861759,325.8475807,325.2938926,329.0923962,,,,,,,,,,,,,,,,,,,,,,,,,,,,,,,,,,,,,,,,,,,,,,,,,,,,,,,,,,,,,,,,,,,,,,,,,,,,,,,,,,,,,,,,,,,,,,,,,,,,,,,,,,,,,,,,,,,,,,,,,,,,,,,,,,,,,,,,,,,,,,,,,,,,,,,,,,,,,,,
Fc1cccc(F)c1C1=CC2=C(c3ccccc3)c3cc(-c4c(F)cccc4F)cn3[B-](F)(F)[N+]2=C1,ClCCl,,,,,,,,,,,,,,,,,,,,,,,,,,,,,,,,,,,,,,,,,,,,,,,,,,,,,,,,,,,,,,,1066.265437,1276.800002,1485.606959,1694.646309,1913.44278,2161.448616,2443.039802,2770.612404,3139.250827,3551.306167,4017.289187,4515.625923,5049.303282,5626.185913,6253.660351,6943.810038,7662.994165,8408.151884,9209.167228,10072.10141,11006.61963,12031.13615,13138.13944,14318.07246,15560.61194,16837.88201,18158.23072,19542.09873,21025.88566,22592.63847,24236.57552,26003.3002,27850.35636,29676.49046,31399.3152,32993.55669,34478.83946,35817.78038,37015.49048,38153.06266,39334.8469,40634.161,42009.2309,43393.32729,44792.34312,46255.85008,47750.42154,49176.96402,50474.30039,51636.89571,52621.06686,53303.67936,53452.09111,53000,52031.03615,50479.92712,48153.53112,45087.67631,41574.20472,37783.55088,33784.28889,29706.78986,25673.23214,21860.27081,18399.55135,15212.51894,12232.52916,9605.268546,7500.069027,5815.752396,4432.230579,3351.605931,2270.981283,1190.356635,109.7319864,0,0,0,0,0,0,0,0,0,0,0,0,0,0,0,0,0,0,0,0,0,0,0,0,0,0,0,0,0,0,0,0,0,0,0,0,0,0,0,0,0,0,0,0,0,0,0,0,0,0,0,0,0,0,0,0,0,0,0,0,0,0,0,0,0,0,0,0,0,0,0,0,0,0,0,0,0,0,0,0,0,0,0,0,0,0,0,0,0,0,0,0,0,0,0,0,0,0,0,0,0,0,0,0,0,0,0,0,0,0,0,0,0,0,0,0,0,0,0,0,0,0,0,0,0,0,0,0,0,0,0,0,0,0,0,0,0,0,0,0,0,0,0,0,0,0,0,0,0,0,0,0,0,0,0,0,0,0,0,0,0,0,0,0,0,0,0,0,0,0,0,0,0,0,0,0,0,0,0,0,0,0,0,0,0,0,0,0,0,0,0,0,0,0,0,0,0,0,0
C(=Cc1c2ccccc2cc2ccccc12)c1cccc(C=Cc2ccc3ccc4cccc5ccc2c3c45)c1,CCCCCC,,,,,,,,,,,,,,,,57367.9065,59697.85041,61933.57625,64046.94246,65922.40555,67310.29926,68044.85947,68138.02146,67608.29754,66593.81833,65262.91486,63757.33525,62198.64892,60647.30822,59056.37055,57268.16992,55153.49321,52576.14059,49453.9079,45883.74596,42041.84013,38043.31795,33893.30469,29654.07625,25423.4516,21263.22887,17264.18429,13499.57203,10085.23173,7220.320759,5038.171371,3469.877358,2363.553746,1257.230134,150.9065222,0,0,0,0,0,0,0,0,0,0,0,0,0,0,0,0,0,0,0,0,0,0,0,0,0,0,0,0,0,0,0,0,0,0,0,0,0,0,0,0,0,0,0,0,0,0,0,0,0,0,0,0,0,0,0,0,0,0,0,0,0,0,0,0,0,0,0,0,0,0,0,0,0,0,0,0,0,0,0,0,0,0,0,0,0,0,0,0,0,0,0,0,0,0,0,0,0,0,0,0,0,0,0,0,0,0,0,0,0,0,0,0,0,0,0,0,0,0,0,0,0,0,0,0,0,0,0,0,0,0,0,0,0,0,0,0,0,0,0,0,0,0,0,0,0,0,0,0,0,0,0,0,0,0,0,0,0,0,0,0,0,0,0,0,0,0,0,0,0,0,0,0,0,0,0,0,0,0,0,0,0,0,0,0,0,0,0,0,0,0,0,0,0,0,0,0,0,0,0,0,0,0,0,0,0,0,0,0,0,0,0,0,0,0,0,0,0,0,0,0,0,0,0,0,0,0,0,0,0,0,0,0,0,0,0,0,0,0,0,0,0,0,0,0,0,0,0,0,0,0,0,0,0,0,0,0,0,0,0,0,0,0,0,0,0,0,0,0,0,0,0,0,0,0,0,0,0,0,0,0,0,0,0,0,0,0
CN1CCN(c2cccc(C=Cc3ncc(-c4ccc(OCc5ccccc5)c(OCc5ccccc5)c4)o3)c2)CC1,ClCCl,22016.28781,22869.23618,23725.73778,24585.05698,25436.93583,26255.6826,26992.44808,27610.38082,28088.14906,28420.49643,28619.97719,28702.65769,28700,28632.2408,28530.18448,28382.18434,28129.09973,27729.51406,27131.09854,26314.90261,25290.23683,24095.96361,22805.17402,21488.87576,20224.87673,19039.97163,17928.76834,16865.3467,15772.89308,14609.02246,13342.94923,11973.57723,10514.4655,9003.0021,7514.505041,6114.676704,4857.013416,3767.658985,2855.419305,2124.657948,1559.809286,1134.356635,804.4066274,549.355342,369.0173806,245.2411949,153.6787404,84.89280301,42.17843222,19.11804882,10.29424627,8.019089793,4.755566014,0.173056508,0,2.29340119,3.126487172,3.126487172,3.126487172,3.126487172,3.126487172,3.126487172,3.126487172,3.126487172,3.126487172,3.126487172,3.126487172,3.126487172,3.126487172,3.126487172,3.126487172,3.126487172,3.126487172,3.126487172,3.126487172,3.126487172,3.126487172,3.126487172,3.126487172,3.126487172,3.126487172,3.126487172,3.126487172,3.126487172,3.126487172,3.126487172,3.126487172,3.126487172,3.126487172,3.126487172,3.126487172,3.126487172,3.126487172,3.126487172,3.126487172,3.126487172,3.126487172,3.126487172,3.126487172,3.126487172,3.126487172,3.126487172,3.126487172,3.126487172,3.126487172,3.126487172,3.126487172,3.126487172,3.126487172,3.126487172,3.126487172,3.126487172,3.126487172,3.126487172,3.126487172,3.126487172,3.126487172,3.126487172,3.126487172,3.126487172,3.126487172,3.126487172,3.126487172,3.126487172,3.126487172,3.126487172,3.126487172,3.126487172,3.126487172,3.126487172,3.126487172,3.126487172,3.126487172,3.126487172,3.126487172,3.126487172,3.126487172,3.126487172,3.126487172,3.126487172,3.126487172,3.126487172,3.126487172,3.126487172,3.126487172,3.126487172,3.126487172,3.126487172,3.126487172,3.126487172,3.126487172,3.126487172,3.126487172,3.126487172,3.126487172,3.126487172,3.126487172,3.126487172,3.126487172,3.126487172,3.126487172,3.126487172,3.126487172,3.126487172,3.126487172,3.126487172,3.126487172,3.126487172,3.126487172,3.126487172,3.126487172,3.126487172,3.126487172,3.126487172,3.126487172,3.126487172,3.126487172,3.126487172,3.126487172,3.126487172,3.126487172,3.126487172,3.126487172,3.126487172,3.126487172,3.126487172,3.126487172,3.126487172,3.126487172,3.126487172,3.126487172,3.126487172,3.126487172,3.126487172,3.126487172,3.126487172,3.126487172,3.126487172,3.126487172,3.126487172,3.126487172,3.126487172,3.126487172,3.126487172,3.126487172,3.126487172,3.126487172,3.126487172,3.126487172,3.126487172,3.126487172,3.126487172,3.126487172,3.126487172,3.126487172,3.126487172,3.126487172,3.126487172,3.126487172,3.126487172,3.126487172,3.126487172,3.126487172,3.126487172,3.126487172,3.126487172,3.126487172,3.126487172,3.126487172,3.126487172,3.126487172,3.126487172,3.126487172,3.126487172,3.126487172,3.126487172,3.126487172,3.126487172,3.126487172,3.126487172,3.126487172,3.126487172,3.126487172,3.126487172,3.126487172,3.126487172,3.126487172,3.126487172,3.126487172,3.126487172,3.126487172,3.126487172,3.126487172,3.126487172,3.126487172,3.126487172,3.126487172,3.126487172,3.126487172,3.126487172,3.126487172,3.126487172,3.126487172,3.126487172,3.126487172,3.126487172,3.126487172,3.126487172,3.126487172,3.126487172,3.126487172,3.126487172,3.126487172,3.126487172,3.126487172,3.126487172,3.126487172,3.126487172,3.126487172,3.126487172,3.126487172,3.126487172,3.126487172,3.126487172,3.126487172,3.126487172,3.126487172,3.126487172,3.126487172,3.126487172,3.126487172,3.126487172,3.126487172,3.126487172,3.126487172,3.126487172,3.126487172,3.126487172,3.126487172,3.126487172,3.126487172,3.126487172,3.126487172,3.126487172,3.126487172,3.126487172,3.126487172,3.126487172,3.126487172,3.126487172,3.126487172,3.126487172,3.126487172,3.126487172,3.126487172,3.126487172,3.126487172,3.126487172,3.126487172,3.126487172,3.126487172,3.126487172,3.126487172,3.126487172,3.126487172,3.126487172,3.126487172,3.126487172,3.126487172,3.126487172,3.126487172,3.126487172,3.126487172,3.126487172,3.126487172,3.126487172
CCCCCCCCCCCCN1C(=O)c2c(c3ccc4cc(-c5ccc(C)cc5)c(OC)cc4c3c3c2ccc2cc(-c4ccc(C)cc4)c(OC)cc23)C1=O,ClCCl,135363.1657,141178.7732,145901.4338,148595.1743,148572.4231,145675.13,140149.5956,132501.4447,123270.219,113058.3086,102540.4318,92108.64071,81797.5567,71785.48924,62194.72822,53247.11227,45049.64163,37737.39139,31421.96391,26181.56484,22061.65006,18903.29592,16560.63026,14948.00254,13931.01761,13418.14477,13295.16144,13425.31716,13724.55077,14144.21441,14658.10108,15229.83948,15839.95881,16527.6496,17278.99356,18073.63538,18902.05047,19745.34085,20618.57628,21497.69568,22353.25464,23190.51716,24016.8148,24816.13951,25557.00677,26231.16551,26838.82862,27381.07963,27853.47453,28221.70506,28495.25245,28708.56888,28837.56271,28840.31503,28726.7547,28502.05419,28157.31684,27698.82949,27147.61386,26518.88883,25814.32457,25042.07888,24211.1937,23320.77031,22361.36423,21350.45985,20316.52725,19282.87377,18267.32845,17271.69218,16288.46042,15336.36715,14419.79432,13511.60257,12591.75837,11663.14094,10721.66272,9763.245503,8795.031518,7813.282703,6831.533888,5849.785074,4868.036259,3886.287444,2904.538629,1922.789814,941.0409997,0,0,0,0,0,0,0,0,0,0,0,0,0,0,0,0,0,0,0,0,0,0,0,0,0,0,0,0,0,0,0,0,0,0,0,0,0,0,0,0,0,0,0,0,0,0,0,0,0,0,0,0,0,0,0,0,0,0,0,0,0,0,0,0,0,0,0,0,0,0,0,0,0,0,0,0,0,0,0,0,0,0,0,0,0,0,0,0,0,0,0,0,0,0,0,0,0,0,0,0,0,0,0,0,0,0,0,0,0,0,0,0,0,0,0,0,0,0,0,0,0,0,0,0,0,0,0,0,0,0,0,0,0,0,0,0,0,0,0,0,0,0,0,0,0,0,0,0,0,0,0,0,0,0,0,0,0,0,0,0,0,0,0,0,0,0,0,0,0,0,0,0,0,0,0,0,0,0,0,0,0,0,0,0,0,0,0,0,0,0,0,0,0,0,0,0,0,0,0,0,0,0,0,0,0,0,0,0,0,0,0,0,0,0,0,0,0,0,0,0,0,0,0,0,0,0,0,0,0,0,0,0,0,0,0,0,0,0,0,0,0,0,0,0,0,0,0,0,0
CCCCCCc1cc2c3cscc3c3cc(CCCCCC)sc3c2s1,ClC(Cl)Cl,5109.861716,4989.155417,4652.712291,4164.160062,3640.310252,3275.274968,3231.322198,3332.067076,3490.60747,3677.601963,3872.488635,4063.963167,4252.657386,4429.207807,4612.893634,4834.147786,5106.085152,5439.428544,5817.656391,6199.263776,6517.504033,6728.38534,6803.568554,6745.660068,6618.494483,6484.984071,6408.273563,6435.986976,6572.135462,6765.621629,6927.520583,6970.083835,6800,6378.369846,5730.593803,4917.05585,4027.109871,3154.232736,2392.077363,1794.491192,1375.450494,1108.056315,942.2666225,838.5906143,765.9645378,706.2315907,643.4871449,572.7695841,506.6278118,448.0832486,394.3197194,346.2890372,300.2804786,253.0549746,206.8148058,165.5770757,126.1850686,82.75434205,40.2064697,0,0,0,0,0,0,0,0,0,0,0,0,0,0,0,0,0,0,0,0,0,0,0,0,0,0,0,0,0,0,0,0,0,0,0,0,0,0,0,0,0,0,0,0,0,0,0,0,0,0,0,0,0,0,0,0,0,0,0,0,0,0,0,0,0,0,0,0,0,0,0,0,0,0,0,0,0,0,0,0,0,0,0,0,0,0,0,0,0,0,0,0,0,0,0,0,0,0,0,0,0,0,0,0,0,0,0,0,0,0,0,0,0,0,0,0,0,0,0,0,0,0,0,0,0,0,0,0,0,0,0,0,0,0,0,0,0,0,0,0,0,0,0,0,0,0,0,0,0,0,0,0,0,0,0,0,0,0,0,0,0,0,0,0,0,0,0,0,0,0,0,0,0,0,0,0,0,0,0,0,0,0,0,0,0,0,0,0,0,0,0,0,0,0,0,0,0,0,0,0,0,0,0,0,0,0,0,0,0,0,0,0,0,0,0,0,0,0,0,0,0,0,0,0,0,0,0,0,0,0,0,0,0,0,0,0,0,0,0,0,0,0,0,0,0,0,0,0,0,0,0,0,0,0,0,0,0,0,0,0,0,0,0,0,0,0,0,0,0,0,0,0,0,0,0,0,0
CN1C(=O)C(=Cc2ccncc2)N=C1C=Cc1ccncc1,CCOC(C)=O,,,,,,,,,,,,,,,,,,8976.021023,9361.131387,9741.366597,10117.8105,10504.26609,10903.05523,11318.01683,11749.53267,12197.62608,12653.07096,13103.01052,13546.0183,13966.71347,14359.08293,14721.89334,15041.45508,15313.84174,15541.21085,15724.74522,15861.47837,15951.7595,15999.71373,16000,15954.7509,15863.92693,15716.77449,15507.04647,15234.80805,14898.11588,14495.76996,14031.5625,13515.29317,12966.36783,12402.34335,11829.45989,11252.73387,10676.96325,10102.71446,9530.494935,8959.142235,8385.065787,7810.469697,7238.759002,6672.199141,6114.855769,5576.354156,5060.967347,4571.271924,4122.852614,3716.051706,3341.701663,3001.86982,2692.632988,2409.018222,2145.670199,1897.175169,1658.863381,1427.56348,1214.854956,1021.119343,839.3645505,676.1579136,533.5379153,407.4468505,300.40719,210.1176109,136.3837919,76.37272992,29.5535475,0,0,0,0,0,0,0,0,0,0,0,0,0,0,0,0,0,0,0,0,0,0,0,0,0,0,0,0,0,0,0,0,0,0,0,0,0,0,0,0,0,0,0,0,0,0,0,0,0,0,0,0,0,0,0,0,0,0,0,0,0,0,0,0,0,0,0,0,0,0,0,0,0,0,0,0,0,0,0,0,0,0,0,0,0,0,0,0,0,0,0,0,0,0,0,0,0,0,0,0,0,0,0,0,0,0,0,0,0,0,0,0,0,0,0,0,0,0,0,0,0,0,0,0,0,0,0,0,0,0,0,0,0,0,0,0,0,0,0,0,0,0,0,0,0,0,0,0,0,0,0,0,0,0,0,0,0,0,0,0,0,0,0,0,0,0,0,0,0,0,0,0,0,0,0,0,0,0,0,0,0,0,0,0,0,0,0,0,0,0,0,0,0,0,0,0,0,0,0,0,0,0,0,0,0,0,0,0,0,0,0,0,0,0,0,0,0,0,0,0,0,0,0,0,0,0,0,0,0,0,0,0,0,0,0,0,0,0,0,0,0,0,0,0,0,0,0,0,0,0
CC1=CC(C)=[N+]2C1=C(c1ccc(-c3ccc(O)cc3)s1)c1c(C)cc(C)n1[B-]2(F)F,CO,6922.135344,6768.476254,6347.901882,5734.167605,5071.19486,4566.40607,4494.219567,4522.488528,4603.124547,4704.733595,4822.857028,4948.93966,5081.448192,5210.667866,5336.492307,5458.218091,5582.170379,5710.50699,5836.316988,5952.904306,6060.006173,6148.036046,6194.2914,6196.675355,6170.050999,6129.197586,6096.202983,6075.731895,6059.659922,6044.724978,6026.811498,5993.306501,5926.05663,5819.37745,5671.391173,5484.363754,5258.515694,5003.676935,4761.064401,4552.389062,4358.973784,4174.434582,4007.642604,3864.49398,3750.39946,3666.828584,3605.202565,3578.437313,3611.35548,3692.166914,3790.756568,3908.549601,4058.556674,4249.155095,4499.74761,4809.84989,5156.331439,5522.068852,5885.154608,6240.981418,6597.826198,6974.405536,7389.867859,7880.333544,8489.802908,9254.575262,10236.17448,11461.15129,12933.21231,14614.95996,16440.50998,18304.51537,20031.77268,21508.56815,22623.52303,23404.8612,23981.78823,24545.38372,25339.56699,26626.63654,28658.54206,31642.37485,35829.73274,41312.54242,48211.45392,56429.00125,65604.69887,74914.04522,82492.62068,86901.41589,86850.51873,82000,72932.27181,60795.77114,47448.26594,34643.81292,23918.41546,15903.57936,10177.5668,6459.62231,4043.924656,2540.082845,1614.423098,1014.716045,646.2818881,398.0923495,251.8408507,153.0391493,97.81120461,63.65421205,45.41843371,30.99987214,16.09522041,2.054259321,0,5.522759241,8.641485584,8.622464664,8.597103438,8.597103438,8.597103438,8.597103438,8.597103438,8.597103438,8.597103438,8.597103438,8.597103438,8.597103438,8.597103438,8.597103438,8.597103438,8.597103438,8.597103438,8.597103438,8.597103438,8.597103438,8.597103438,8.597103438,8.597103438,8.597103438,8.597103438,8.597103438,8.597103438,8.597103438,8.597103438,8.597103438,8.597103438,8.597103438,8.597103438,8.597103438,8.597103438,8.597103438,8.597103438,8.597103438,8.597103438,8.597103438,8.597103438,8.597103438,8.597103438,8.597103438,8.597103438,8.597103438,8.597103438,8.597103438,8.597103438,8.597103438,8.597103438,8.597103438,8.597103438,8.597103438,8.597103438,8.597103438,8.597103438,8.597103438,8.597103438,8.597103438,8.597103438,8.597103438,8.597103438,8.597103438,8.597103438,8.597103438,8.597103438,8.597103438,8.597103438,8.597103438,8.597103438,8.597103438,8.597103438,8.597103438,8.597103438,8.597103438,8.597103438,8.597103438,8.597103438,8.597103438,8.597103438,8.597103438,8.597103438,8.597103438,8.597103438,8.597103438,8.597103438,8.597103438,8.597103438,8.597103438,8.597103438,8.597103438,8.597103438,8.597103438,8.597103438,8.597103438,8.597103438,8.597103438,8.597103438,8.597103438,8.597103438,8.597103438,8.597103438,8.597103438,8.597103438,8.597103438,8.597103438,8.597103438,8.597103438,8.597103438,8.597103438,8.597103438,8.597103438,8.597103438,8.597103438,8.597103438,8.597103438,8.597103438,8.597103438,8.597103438,8.597103438,8.597103438,8.597103438,8.597103438,8.597103438,8.597103438,8.597103438,8.597103438,8.597103438,8.597103438,8.597103438,8.597103438,8.597103438,8.597103438,8.597103438,8.597103438,8.597103438,8.597103438,8.597103438,8.597103438,8.597103438,8.597103438,8.597103438,8.597103438,8.597103438,8.597103438,8.597103438,8.597103438,8.597103438,8.597103438,8.597103438,8.597103438,8.597103438,8.597103438,8.597103438,8.597103438,8.597103438,8.597103438,8.597103438,8.597103438,8.597103438,8.597103438,8.597103438,8.597103438,8.597103438,8.597103438,8.597103438,8.597103438,8.597103438,8.597103438,8.597103438,8.597103438,8.597103438,8.597103438,8.597103438,8.597103438,8.597103438,8.597103438,8.597103438,8.597103438,8.597103438,8.597103438,8.597103438,8.597103438,8.597103438,8.597103438,8.597103438,8.597103438,8.597103438,8.597103438,8.597103438,8.597103438,8.597103438,8.597103438,8.597103438,8.597103438,8.597103438,8.597103438,8.597103438,8.597103438,8.597103438,8.597103438,8.597103438,8.597103438,8.597103438,8.597103438,8.597103438,8.597103438,8.597103438,8.597103438,8.597103438,8.597103438,8.597103438,8.597103438,8.597103438,8.597103438,8.597103438,8.597103438,8.597103438,8.597103438
N#Cc1c2ccccc2c(-c2ccccc2)c2ccccc12,CCO,,,,,,,,,,,,,,,,4249.43824,4677.950838,5037.555436,5297.969252,5416.275894,5398.552354,5330.562234,5292.580491,5366.086461,5613.157225,6007.952047,6457.535222,6851.984523,7093.892615,7100,6880.117296,6517.233254,6077.038636,5652.036417,5384.675365,5335.978745,5446.551154,5625.327983,5759.952935,5748.795297,5525.946653,5074.351772,4423.753674,3647.054765,2868.081165,2174.467095,1586.491192,1116.670312,765.4365091,512.1036585,330.4389862,206.2339058,121.4172887,62.44096413,27.94452781,0,0,0,0,0,0,0,0,0,0,0,0,0,0,0,0,0,0,0,0,0,0,0,0,0,0,0,0,0,0,0,0,0,0,0,0,0,0,0,0,0,0,0,0,0,0,0,0,0,0,0,0,0,0,0,0,0,0,0,0,0,0,0,0,0,0,0,0,0,0,0,0,0,0,0,0,0,0,0,0,0,0,0,0,0,0,0,0,0,0,0,0,0,0,0,0,0,0,0,0,0,0,0,0,0,0,0,0,0,0,0,0,0,0,0,0,0,0,0,0,0,0,0,0,0,0,0,0,0,0,0,0,0,0,0,0,0,0,0,0,0,0,0,0,0,0,0,0,0,0,0,0,0,0,0,0,0,0,0,0,0,0,0,0,0,0,0,0,0,0,0,0,0,0,0,0,0,0,0,0,0,0,0,0,0,0,0,0,0,0,0,0,0,0,0,0,0,0,0,0,0,0,0,0,0,0,0,0,0,0,0,0,0,0,0,0,0,0,0,0,0,0,0,0,0,0,0,0,0,0,0,0,0,0,0,0,0,0,0,0,0,0,0,0,0,0,0,0,0,0,0,0,0,0,0,0,0,0,0,0,0,0,0,0,0,0,0,0,0,0,0,0,0,0,0,0,0,0,0,0,0
CN1CC(=Cc2ccco2)C(=O)C(=Cc2ccco2)C1,CO,4512.985549,4767.956484,5086.670153,5430.880915,5685.85185,5979.068425,6336.027734,6667.48995,7024.449259,7394.157115,7763.86497,8171.818466,8554.274869,8936.731271,9293.69058,9625.152796,10007.6092,10377.31705,10708.77927,11065.73858,11397.20079,11664.92028,11919.89121,12111.11941,12238.60488,12315.09616,12366.09035,12378.83889,12327.84471,12238.60488,12123.86796,11945.3883,11715.91446,11435.44643,11103.98422,10747.02491,10364.56851,9918.369371,9484.918782,9025.971099,8567.023416,8133.572826,7661.876596,7292.168741,6820.472511,6399.770468,6017.314066,5634.857663,5277.898354,4946.436139,4602.225377,4245.266068,3926.552399,3607.83873,3289.125061,3008.657033,2715.440458,2473.218069,2230.995681,2001.52184,1797.545092,1606.31689,1402.340142,1249.357581,1083.626474,943.3924595,815.906992,701.1700712,611.930244,535.4389635,446.1991362,369.7078557,305.965122,267.7194817,229.4738415,203.976748,152.982561,114.7369207,89.23982725,63.74273375,63.74273375,38.24564025,25.4970935,25.4970935,12.74854675,0,0,0,0,0,0,0,0,0,0,0,0,0,0,0,0,0,0,0,0,0,0,0,0,0,0,0,0,0,0,0,0,0,0,0,0,0,0,0,0,0,0,0,0,0,0,0,0,0,0,0,0,0,0,0,0,0,0,0,0,0,0,0,0,0,0,0,0,0,0,0,0,0,0,0,0,0,0,0,0,0,0,0,0,0,0,0,0,0,0,0,0,0,0,0,0,0,0,0,0,0,0,0,0,0,0,0,0,0,0,0,0,0,0,0,0,0,0,0,0,0,0,0,0,0,0,0,0,0,0,0,0,0,0,0,0,0,0,0,0,0,0,0,0,0,0,0,0,0,0,0,0,0,0,0,0,0,0,0,0,0,0,0,0,0,0,0,0,0,0,0,0,0,0,0,0,0,0,0,0,0,0,0,0,0,0,0,0,0,0,0,0,0,0,0,0,0,0,0,0,0,0,0,0,0,0,0,0,0,0,0,0,0,0,0,0,0,0,0,0,0,0,0,0,0,0,0,0,0,0,0,0,0,0,0,0,0,0,0,0,0,0,0,0,0,0,0,0,0,0,0
CCCCCC(=O)N1C(=CC2=C([O-])C(=CC3=[N+](C(=O)CCCCC)c4ccccc4C3(C)C)C2=C2C(=O)NC(=S)NC2=O)C(C)(C)c2ccccc21,CO,,,,,,,,,,,,,,,,,,,,,,,,,,,,,,,,,,,,,,,,,,,,,,,,,,,,,,,,,,,,,,,,,,,,,,,,,,,,,,,,,,,,,,,,,,,,,,,,,,,,,,,,,,,,,9214.705815,9865.360949,10657.64294,11620.38526,12685.89803,13872.60419,15142.10354,16655.41699,18327.91684,20149.74177,22107.88325,24282.34664,26569.83332,28914.53886,31283.54518,33661.59941,35929.31889,38107.63123,40004.70401,41703.36112,43280.13029,44612.18677,45810.119,46990.32888,48292.05564,49801.92007,51616.56439,53870.56666,56549.2244,59823.71147,63729.70367,68227.6946,73423.25159,79296.26678,85761.34298,92655.0169,99745.9822,106816.5303,113458.7295,119376.6974,124104.4485,127409.816,128824.9552,128271.9684,125640.8316,121030.484,114623.0633,106788.7089,97837.01076,88265.38449,78402.63023,68670.06521,59253.14593,50499.8629,42513.43589,35450.21618,29342.42096,24139.4718,19737.87091,16063.3969,12976.7648,10442.45557,8361.101126,6632.668921,5216.297419,4096.197173,3231.479261,2366.761349,1502.043438,637.3255262,0,0,0,0,0,0,0,0,0,0,0,0,0,0,0,0,0,0,0,0,0,0,0,0,0,0,0,0,0,0,0,0,0,0,0,0,0,0,0,0,0,0,0,0,0,0,0,0,0,0,0,0,0,0,0,0,0,0,0,0,0,0,0,0,0,0,0,0,0,0,0,0,0,0,0,0,0,0,0,0,0,0,0,0,0,0,0,0,0,0,0,0,0,0,0,0,0,0,0,0,0,0,0,0,0,0,0,0,0,0,0,0,0,0,0,0,0,0,0,0,0,0,0,0,0,0,0,0,0,0,0,0,0,0,0,0,0,0,0,0,0,0,0,0,0,0,0,0,0,0,0,0,0,0,0,0,0,0
CN(C)c1ccc(-c2cc3c(cc(-c4ccc(N(C)C)cc4)c(=O)n3C)n(C)c2=O)cc1,ClC(Cl)Cl,,,,,,,,,,,,,,,,,,3081.205138,3149.693742,3225.035228,3296.684872,3368.185208,3449.54804,3537.113115,3623.956235,3713.125928,3807.876206,3907.261721,4008.704501,4148.736263,4342.269124,4597.22327,4927.627667,5325.248371,5775.593185,6274.63306,6813.129762,7380.445106,7979.374595,8638.39869,9352.616914,10106.02461,10902.08078,11764.16563,12686.00316,13669.08873,14712.33387,15782.96824,16870.2351,17963.40331,19056.23562,20145.64751,21244.88169,22390.67908,23580.12354,24780.00608,26019.28244,27275.27531,28523.50415,29729.80239,30870.50018,31942.15137,32911.24184,33759.61441,34465.77942,35014.76956,35462.91106,35818.99911,36081.90144,36252.86578,36356.3624,36416.93978,36421.79157,36391.50361,36314.0609,36172.00541,35976.97686,35646.85903,35128.00396,34420.80975,33503.17093,32365.96845,31034.45922,29542.66976,27900.85025,26117.71658,24214.19017,22158.44652,19991.74603,17834.41533,15738.99617,13725.59098,11834.24616,10086.74347,8500.991793,7080.870211,5817.918947,4677.397008,3691.396749,2906.412682,2288.077494,1769.810862,1328.103305,943.5958531,629.2130476,395.9796142,226.9334972,91.25252099,20.06399095,0,6.17081779,21.1148487,32.27829917,32.43070123,32.43070123,32.43070123,32.43070123,32.43070123,32.43070123,32.43070123,32.43070123,32.43070123,32.43070123,32.43070123,32.43070123,32.43070123,32.43070123,32.43070123,32.43070123,32.43070123,32.43070123,32.43070123,32.43070123,32.43070123,32.43070123,32.43070123,32.43070123,32.43070123,32.43070123,32.43070123,32.43070123,32.43070123,32.43070123,32.43070123,32.43070123,32.43070123,32.43070123,32.43070123,32.43070123,32.43070123,32.43070123,32.43070123,32.43070123,32.43070123,32.43070123,32.43070123,32.43070123,32.43070123,32.43070123,32.43070123,32.43070123,32.43070123,32.43070123,32.43070123,32.43070123,32.43070123,32.43070123,32.43070123,32.43070123,32.43070123,32.43070123,32.43070123,32.43070123,32.43070123,32.43070123,32.43070123,32.43070123,32.43070123,32.43070123,32.43070123,32.43070123,32.43070123,32.43070123,32.43070123,32.43070123,32.43070123,32.43070123,32.43070123,32.43070123,32.43070123,32.43070123,32.43070123,32.43070123,32.43070123,32.43070123,32.43070123,32.43070123,32.43070123,32.43070123,32.43070123,32.43070123,32.43070123,32.43070123,32.43070123,32.43070123,32.43070123,32.43070123,32.43070123,32.43070123,32.43070123,32.43070123,32.43070123,32.43070123,32.43070123,32.43070123,32.43070123,32.43070123,32.43070123,32.43070123,32.43070123,32.43070123,32.43070123,32.43070123,32.43070123,32.43070123,32.43070123,32.43070123,32.43070123,32.43070123,32.43070123,32.43070123,32.43070123,32.43070123,32.43070123,32.43070123,32.43070123,32.43070123,32.43070123,32.43070123,32.43070123,32.43070123,32.43070123,32.43070123,32.43070123,32.43070123,32.43070123,32.43070123,32.43070123,32.43070123,32.43070123,32.43070123,32.43070123,32.43070123,32.43070123,32.43070123,32.43070123,32.43070123,32.43070123,32.43070123,32.43070123,32.43070123,32.43070123,32.43070123,32.43070123,32.43070123,32.43070123,32.43070123,32.43070123,32.43070123,32.43070123,32.43070123,32.43070123,32.43070123,32.43070123,32.43070123,32.43070123,32.43070123,32.43070123,32.43070123,32.43070123,32.43070123,32.43070123,32.43070123,32.43070123,32.43070123,32.43070123,32.43070123,32.43070123,32.43070123,32.43070123,32.43070123,32.43070123,32.43070123,32.43070123,32.43070123,32.43070123,32.43070123,32.43070123,32.43070123,32.43070123,32.43070123,32.43070123,32.43070123,32.43070123,32.43070123,32.43070123,32.43070123,32.43070123,32.43070123,32.43070123,32.43070123,32.43070123,32.43070123,32.43070123,32.43070123,32.43070123,32.43070123,32.43070123,32.43070123,32.43070123,32.43070123,32.43070123,32.43070123,32.43070123,32.43070123,32.43070123,32.43070123,32.43070123,32.43070123,32.43070123,32.43070123,32.43070123,32.43070123,32.43070123,32.43070123,32.43070123
CCCCC(CC)Cn1c2cc(C#N)ccc2c2ccc(-c3ccc(N(c4ccccc4)c4ccccc4)cc3)cc21,ClCCl,17584.76175,18513.79276,19472.62174,20500.15762,21682.50925,22919.6806,24145.22008,25350.61831,26520.46282,27669.67404,28774.56827,29822.57786,30824.14202,31771.72793,32708.62213,33540.75143,34259.11249,34847.08234,35259.37831,35481.33892,35444.19641,35110.61331,34474.28656,33488.68867,32180.48303,30559.10607,28652.21664,26493.20239,24162.67769,21765.88634,19356.95359,17000.80433,14783.99537,12716.67268,10817.24836,9092.420413,7542.07966,6146.909343,4936.514255,3918.782252,3073.813378,2381.656228,1841.227337,1428.538723,1015.850108,603.1614939,190.4728796,0,0,0,0,0,0,0,0,0,0,0,0,0,0,0,0,0,0,0,0,0,0,0,0,0,0,0,0,0,0,0,0,0,0,0,0,0,0,0,0,0,0,0,0,0,0,0,0,0,0,0,0,0,0,0,0,0,0,0,0,0,0,0,0,0,0,0,0,0,0,0,0,0,0,0,0,0,0,0,0,0,0,0,0,0,0,0,0,0,0,0,0,0,0,0,0,0,0,0,0,0,0,0,0,0,0,0,0,0,0,0,0,0,0,0,0,0,0,0,0,0,0,0,0,0,0,0,0,0,0,0,0,0,0,0,0,0,0,0,0,0,0,0,0,0,0,0,0,0,0,0,0,0,0,0,0,0,0,0,0,0,0,0,0,0,0,0,0,0,0,0,0,0,0,0,0,0,0,0,0,0,0,0,0,0,0,0,0,0,0,0,0,0,0,0,0,0,0,0,0,0,0,0,0,0,0,0,0,0,0,0,0,0,0,0,0,0,0,0,0,0,0,0,0,0,0,0,0,0,0,0,0,0,0,0,0,0,0,0,0,0,0,0,0,0,0,0,0,0,0,0,0,0,0,0,0,0,0,0,0,0,0,0,0,0,0,0,0,0,0,0,0,0,0,0,0,0,0,0,0,0,0,0,0,0,0,0,0,0
COCCOCCOc1cc(C=Cc2ccc(N(c3ccccc3)c3ccccc3)cc2)c(OCCOCCOC)cc1C=Cc1ccc(N(c2ccccc2)c2ccccc2)cc1,CCOC(C)=O,12195.74321,12361.88567,12540.12732,12741.18915,12964.92086,13206.06733,13448.83051,13683.29358,13912.25521,14141.78489,14376.57074,14624.60611,14901.33324,15218.61004,15588.84483,16016.59999,16494.65805,17018.67527,17582.00975,18175.44255,18789.15489,19424.30385,20089.09189,20790.92738,21553.94539,22375.58395,23226.60519,24078.21387,24899.62265,25668.41444,26366.26565,26988.07676,27545.68356,28061.06599,28577.56197,29103.27711,29622.2405,30119.60876,30580.24056,30981.50519,31284.32615,31500,31586.71019,31539.10319,31343.54775,30993.88394,30491.70914,29854.34631,29111.92415,28298.85414,27425.5089,26526.79179,25610.01292,24678.0721,23607.4311,22349.66095,20939.37206,19410.45666,17777.57271,16078.85066,14353.28402,12662.13133,11067.28649,9560.177792,8081.752817,6670.118424,5397.372416,4286.131958,3355.783795,2623.583062,2087.785674,1722.234263,1481.339227,1319.86879,1202.555152,1102.33627,1000.144051,894.692463,805.3621586,731.7047106,671.4313645,619.3099398,568.6299644,515.3006277,464.9938156,421.3219859,385.3265821,357.1447491,336.0249724,320.3202357,307.0278645,292.4432192,276.5103589,262.4867742,251.1522507,242.9222078,237.8504057,235.622103,235.5696963,236.6612157,238.3204876,239.7537413,239.9828423,237.6427335,231.8205447,222.0670965,208.381261,191.2168041,171.4823856,150.538852,130.2107407,109.4239763,88.58375239,69.40024402,53.12692779,40.55592033,32.01797826,27.38986673,26.08014869,27.04482419,29.32598474,30.82420173,31.16007121,29.80478861,26.16210475,19.92818071,11.10722706,0,0,0,0,0,0,0,0,0,0,0,0,0,0,0,0,0,0,0,0,0,0,0,0,0,0,0,0,0,0,0,0,0,0,0,0,0,0,0,0,0,0,0,0,0,0,0,0,0,0,0,0,0,0,0,0,0,0,0,0,0,0,0,0,0,0,0,0,0,0,0,0,0,0,0,0,0,0,0,0,0,0,0,0,0,0,0,0,0,0,0,0,0,0,0,0,0,0,0,0,0,0,0,0,0,0,0,0,0,0,0,0,0,0,0,0,0,0,0,0,0,0,0,0,0,0,0,0,0,0,0,0,0,0,0,0,0,0,0,0,0,0,0,0,0,0,0,0,0,0,0,0,0,0,0,0,0,0,0,0,0,0,0,0,0,0,0,0,0,0,0,0,0,0,0,0,0,0,0,0,0,0,0,0,0,0,0,0,0,0,0,0,0,0,0,0,0,0,0,0,0,0,0,0,0,0,0,0,0
CCOc1c(C=C2N(CC)c3ccc4ccccc4c3C2(C)C)c(=O)c1=O,C1COCCO1,,,,,,,,,,,,,,,,,,,,,,,,,,,,,,,,5097.479207,5580.033592,6127.811159,6747.906266,7446.345345,8236.966945,9110.277936,10042.73941,11006.11053,11948.70966,12830.5535,13631.62178,14344.91075,14983.5235,15582.81303,16201.39073,16874.27632,17623.60605,18437.00982,19264.51787,20042.35605,20649.5408,20963.00332,20892.96131,20442.70885,19446.0662,17948.57905,16060.49135,13917.65117,11671.57691,9470.119655,7446.876053,5703.719608,4291.499892,3233.33032,2369.071801,1717.479319,1239.617761,885.9275981,618.4575993,412.7792696,276.366523,184.8022241,115.4796219,65.30501632,36.27357969,16.45315467,0,0,0,0,0,0,0,0,0,0,0,0,0,0,0,0,0,0,0,0,0,0,0,0,0,0,0,0,0,0,0,0,0,0,0,0,0,0,0,0,0,0,0,0,0,0,0,0,0,0,0,0,0,0,0,0,0,0,0,0,0,0,0,0,0,0,0,0,0,0,0,0,0,0,0,0,0,0,0,0,0,0,0,0,0,0,0,0,0,0,0,0,0,0,0,0,0,0,0,0,0,0,0,0,0,0,0,0,0,0,0,0,0,0,0,0,0,0,0,0,0,0,0,0,0,0,0,0,0,0,0,0,0,0,0,0,0,0,0,0,0,0,0,0,0,0,0,0,0,0,0,0,0,0,0,0,0,0,0,0,0,0,0,0,0,0,0,0,0,0,0,0,0,0,0,0,0,0,0,0,0,0,0,0,0,0,0,0,0,0,0,0,0,0,0,0,0,0,0,0,0,0,0,0,0,0,0,0,0,0,0,0,0,0,0,0,0,0,0,0,0,0,0,0,0,0,0,0,0,0,0,0,0,0,0,0,0,0,0,0,0,0,0,0,0,0,0,0,0,0,0,0,0,0,0,0,0,0
CN(C)c1ccc(C2=Cc3n(C)c4ccccc4[n+]3[B-](F)(F)O2)cc1,CN(C)C=O,,,,,,,,,10422.69279,11807.06423,13284.24868,14807.31141,16349.03128,17975.02537,19701.98487,21532.33567,23459.74758,25492.93518,27578.89945,29694.19099,31761.0535,33737.27516,35624.01476,37387.3098,39047.52646,40654.57455,42251.94631,43842.27196,45360.72862,46800.58866,48024.51361,48949.5893,49503.37431,49600,49258.6101,48530.30607,47485.25235,46268.22365,45021.50333,43826.38122,42668.59743,41517.59058,40346.825,38921.71498,37132.75748,34915.44198,32160.36814,28972.84594,25462.74213,21772.85331,18126.01661,14690.73164,11602.01082,8887.937197,6658.081928,4888.553375,3479.569775,2432.39778,1683.506042,1153.194932,816.5136728,583.7140812,401.2032412,279.5938811,190.9488143,108.187786,47.45361307,11.54594462,0,5.29934876,16.58142245,19.63751465,19.63751465,19.63751465,19.63751465,19.63751465,19.63751465,19.63751465,19.63751465,19.63751465,19.63751465,19.63751465,19.63751465,19.63751465,19.63751465,19.63751465,19.63751465,19.63751465,19.63751465,19.63751465,19.63751465,19.63751465,19.63751465,19.63751465,19.63751465,19.63751465,19.63751465,19.63751465,19.63751465,19.63751465,19.63751465,19.63751465,19.63751465,19.63751465,19.63751465,19.63751465,19.63751465,19.63751465,19.63751465,19.63751465,19.63751465,19.63751465,19.63751465,19.63751465,19.63751465,19.63751465,19.63751465,19.63751465,19.63751465,19.63751465,19.63751465,19.63751465,19.63751465,19.63751465,19.63751465,19.63751465,19.63751465,19.63751465,19.63751465,19.63751465,19.63751465,19.63751465,19.63751465,19.63751465,19.63751465,19.63751465,19.63751465,19.63751465,19.63751465,19.63751465,19.63751465,19.63751465,19.63751465,19.63751465,19.63751465,19.63751465,19.63751465,19.63751465,19.63751465,19.63751465,19.63751465,19.63751465,19.63751465,19.63751465,19.63751465,19.63751465,19.63751465,19.63751465,19.63751465,19.63751465,19.63751465,19.63751465,19.63751465,19.63751465,19.63751465,19.63751465,19.63751465,19.63751465,19.63751465,19.63751465,19.63751465,19.63751465,19.63751465,19.63751465,19.63751465,19.63751465,19.63751465,19.63751465,19.63751465,19.63751465,19.63751465,19.63751465,19.63751465,19.63751465,19.63751465,19.63751465,19.63751465,19.63751465,19.63751465,19.63751465,19.63751465,19.63751465,19.63751465,19.63751465,19.63751465,19.63751465,19.63751465,19.63751465,19.63751465,19.63751465,19.63751465,19.63751465,19.63751465,19.63751465,19.63751465,19.63751465,19.63751465,19.63751465,19.63751465,19.63751465,19.63751465,19.63751465,19.63751465,19.63751465,19.63751465,19.63751465,19.63751465,19.63751465,19.63751465,19.63751465,19.63751465,19.63751465,19.63751465,19.63751465,19.63751465,19.63751465,19.63751465,19.63751465,19.63751465,19.63751465,19.63751465,19.63751465,19.63751465,19.63751465,19.63751465,19.63751465,19.63751465,19.63751465,19.63751465,19.63751465,19.63751465,19.63751465,19.63751465,19.63751465,19.63751465,19.63751465,19.63751465,19.63751465,19.63751465,19.63751465,19.63751465,19.63751465,19.63751465,19.63751465,19.63751465,19.63751465,19.63751465,19.63751465,19.63751465,19.63751465,19.63751465,19.63751465,19.63751465,19.63751465,19.63751465,19.63751465,19.63751465,19.63751465,19.63751465,19.63751465,19.63751465,19.63751465,19.63751465,19.63751465,19.63751465,19.63751465,19.63751465,19.63751465,19.63751465,19.63751465,19.63751465,19.63751465,19.63751465,19.63751465,19.63751465,19.63751465,19.63751465,19.63751465,19.63751465,19.63751465,19.63751465,19.63751465,19.63751465,19.63751465,19.63751465,19.63751465,19.63751465,19.63751465,19.63751465,19.63751465,19.63751465,19.63751465,19.63751465,19.63751465,19.63751465,19.63751465,19.63751465,19.63751465,19.63751465,19.63751465,19.63751465,19.63751465,19.63751465,19.63751465,19.63751465,19.63751465,19.63751465,19.63751465,19.63751465,19.63751465,19.63751465,19.63751465,19.63751465,19.63751465,19.63751465,19.63751465,19.63751465,19.63751465,19.63751465,19.63751465,19.63751465,19.63751465,19.63751465,19.63751465,19.63751465,19.63751465
Fc1c(F)c(F)c(C2=CC3=C(c4ccccc4)c4cc(-c5c(F)c(F)c(F)c(F)c5F)cn4[B-](F)(F)[N+]3=C2)c(F)c1F,ClCCl,,,,,,,,,,,,,,,,,,,,,,,,,,,,,,,,,,,,,,,,,,,,,,,,,,,,,,,,,,,,,,,,,,3062.902315,3510.266929,4014.707567,4559.732025,5140.253565,5754.587652,6393.779465,7091.316042,7887.40278,8805.160422,9868.456982,11079.52642,12396.43734,13725.4396,15002.98127,16250.76566,17548.99642,18964.79668,20516.38508,22227.32454,24185.9087,26366.95306,28594.01515,30817.73456,33013.50965,35065.33347,36986.90795,38835.623,40630.57535,42429.43692,44279.03773,46163.34047,48128.10973,50241.51816,52401.76351,54550.47023,56740.93326,58957.52778,61130.4522,63163.66873,64864.53396,65960.37198,66337.86592,66000,64843.03793,62730.94582,59624.27606,55631.96614,50987.68548,45833.66718,40359.6218,34756.7387,29282.86306,24307.00538,19858.13845,15836.18776,12332.24742,9398.136497,7019.056277,5073.167527,3127.278776,1181.390026,0,0,0,0,0,0,0,0,0,0,0,0,0,0,0,0,0,0,0,0,0,0,0,0,0,0,0,0,0,0,0,0,0,0,0,0,0,0,0,0,0,0,0,0,0,0,0,0,0,0,0,0,0,0,0,0,0,0,0,0,0,0,0,0,0,0,0,0,0,0,0,0,0,0,0,0,0,0,0,0,0,0,0,0,0,0,0,0,0,0,0,0,0,0,0,0,0,0,0,0,0,0,0,0,0,0,0,0,0,0,0,0,0,0,0,0,0,0,0,0,0,0,0,0,0,0,0,0,0,0,0,0,0,0,0,0,0,0,0,0,0,0,0,0,0,0,0,0,0,0,0,0,0,0,0,0,0,0,0,0,0,0,0,0,0,0,0,0,0,0,0,0,0,0,0,0,0,0,0,0,0,0,0,0,0,0,0,0,0,0,0,0,0,0,0,0,0,0,0,0,0,0,0,0,0,0,0,0,0
C(=Cc1ccc2nc(-c3nc4ccc(C=Cc5ccc(N(c6ccccc6)c6ccccc6)cc5)cc4s3)sc2c1)c1ccc(N(c2ccccc2)c2ccccc2)cc1,Cc1ccccc1,41002.50979,40935.13862,40722.52815,40351.32198,39695.88529,38657.50541,37247.1031,35529.97578,33639.4403,31743.62455,29905.73059,28184.86639,26645.75706,25281.05452,24075.65735,23009.93297,22044.93562,21153.40991,20369.8414,19750.124,19279.31886,18936.62576,18732.97319,18689.06472,18889.44166,19373.58931,20083.37275,21011.46856,22182.57643,23617.27515,25220.08394,26874.13056,28584.83083,30357.76711,32177.1346,34040.7942,35921.7406,37867.94389,39969.54015,42208.94141,44492.91004,46780.54389,49066.30904,51315.12097,53467.88863,55462.30076,57266.14503,58914.493,60486.24779,61993.8408,63474.60942,64988.43631,66530.36634,68090.12541,69626.34382,71039.88818,72266.1207,73228.18681,73875.16572,74182.4184,74131.02413,73693.08212,72849.37728,71647.78323,70144.29813,68434.79397,66669.59428,64919.15125,63232.85289,61664.24934,60224.42122,58808.90788,57267.4326,55502.59081,53502.33727,51232.3969,48634.71036,45667.44818,42320.45706,38714.64946,34933.70056,30979.34187,26911.43698,22914.24785,19222.03187,15850.54972,12809.37968,10195.92329,8016.180556,6275.958334,4910.428013,3836.816007,2992.972905,2327.293981,1806.705483,1373.382666,1000.979299,708.0263545,479.425122,291.8769081,161.5330563,91.70772875,47.8728948,0,0,0,0,0,0,0,0,0,0,0,0,0,0,0,0,0,0,0,0,0,0,0,0,0,0,0,0,0,0,0,0,0,0,0,0,0,0,0,0,0,0,0,0,0,0,0,0,0,0,0,0,0,0,0,0,0,0,0,0,0,0,0,0,0,0,0,0,0,0,0,0,0,0,0,0,0,0,0,0,0,0,0,0,0,0,0,0,0,0,0,0,0,0,0,0,0,0,0,0,0,0,0,0,0,0,0,0,0,0,0,0,0,0,0,0,0,0,0,0,0,0,0,0,0,0,0,0,0,0,0,0,0,0,0,0,0,0,0,0,0,0,0,0,0,0,0,0,0,0,0,0,0,0,0,0,0,0,0,0,0,0,0,0,0,0,0,0,0,0,0,0,0,0,0,0,0,0,0,0,0,0,0,0,0,0,0,0,0,0,0,0,0,0,0,0,0,0,0,0,0,0,0,0,0,0,0,0,0,0,0,0,0,0,0,0,0,0,0,0,0,0,0,0,0,0,0,0,0,0,0,0,0
CCCCCCCCCCCCOc1ccc(C#Cc2ccc(C#Cc3ccc(OCCCCCCCCCCCC)cc3)c3nn(C)nc23)cc1,ClC(Cl)Cl,11224.92211,12204.74099,13196.34543,14299.23567,15500.35925,16739.81618,18010.98115,19342.85126,20689.21644,22080.62828,23558.84321,25064.07851,26587.77171,28097.70981,29552.69568,30940.85572,32212.41233,33392.80563,34513.7459,35553.59401,36485.19816,37337.26509,38122.07392,38810.77986,39425.63875,39859.28852,39997.56101,39810.71706,39256.85532,38306.18771,37010.71166,35527.68735,33980.81998,32509.95342,31222.65738,30030.77881,28835.36086,27522.86135,25931.10083,23883.48662,21377.72005,18527.43164,15438.85892,12357.10598,9493.669806,6988.180007,4937.698237,3378.846731,1819.995225,261.1437194,0,0,0,0,0,0,0,0,0,0,0,0,0,0,0,0,0,0,0,0,0,0,0,0,0,0,0,0,0,0,0,0,0,0,0,0,0,0,0,0,0,0,0,0,0,0,0,0,0,0,0,0,0,0,0,0,0,0,0,0,0,0,0,0,0,0,0,0,0,0,0,0,0,0,0,0,0,0,0,0,0,0,0,0,0,0,0,0,0,0,0,0,0,0,0,0,0,0,0,0,0,0,0,0,0,0,0,0,0,0,0,0,0,0,0,0,0,0,0,0,0,0,0,0,0,0,0,0,0,0,0,0,0,0,0,0,0,0,0,0,0,0,0,0,0,0,0,0,0,0,0,0,0,0,0,0,0,0,0,0,0,0,0,0,0,0,0,0,0,0,0,0,0,0,0,0,0,0,0,0,0,0,0,0,0,0,0,0,0,0,0,0,0,0,0,0,0,0,0,0,0,0,0,0,0,0,0,0,0,0,0,0,0,0,0,0,0,0,0,0,0,0,0,0,0,0,0,0,0,0,0,0,0,0,0,0,0,0,0,0,0,0,0,0,0,0,0,0,0,0,0,0,0,0,0,0,0,0,0,0,0,0,0,0,0,0,0,0,0,0,0,0,0,0,0,0,0,0,0,0,0,0,0,0,0,0
COc1ccc(N(c2ccc(C)cc2)c2c([O-])c(=[N+](c3ccc(C)cc3)c3ccc(OC)cc3)c2=O)cc1,CN(C)C=O,,,,,,,,,,,,,,,,,,,6547.493751,7464.327122,8512.622028,9767.484059,11277.9241,12950.27389,14686.14792,16495.38275,18381.2752,20296.75611,22250.98522,24254.95445,26318.96291,28508.61273,30788.48531,33020.62952,35158.67734,37216.13382,39159.71205,40925.41797,42530.97749,43949.18059,45092.17665,45972.6892,46550.69544,46816.41918,46773.51413,46393.00828,45682.89621,44630.20559,43261.56625,41667.91984,39794.92607,37644.02594,35317.48988,32927.0317,30390.70481,27625.90118,24797.79174,22050.79344,19478.63207,17136.56428,14996.45456,13060.24613,11405.01922,10002.58094,8648.316226,7295.847118,6095.489643,5078.277288,4198.511048,3451.020936,2854.55082,2258.080704,1661.610589,1065.140473,468.6703573,0,0,0,0,0,0,0,0,0,0,0,0,0,0,0,0,0,0,0,0,0,0,0,0,0,0,0,0,0,0,0,0,0,0,0,0,0,0,0,0,0,0,0,0,0,0,0,0,0,0,0,0,0,0,0,0,0,0,0,0,0,0,0,0,0,0,0,0,0,0,0,0,0,0,0,0,0,0,0,0,0,0,0,0,0,0,0,0,0,0,0,0,0,0,0,0,0,0,0,0,0,0,0,0,0,0,0,0,0,0,0,0,0,0,0,0,0,0,0,0,0,0,0,0,0,0,0,0,0,0,0,0,0,0,0,0,0,0,0,0,0,0,0,0,0,0,0,0,0,0,0,0,0,0,0,0,0,0,0,0,0,0,0,0,0,0,0,0,0,0,0,0,0,0,0,0,0,0,0,0,0,0,0,0,0,0,0,0,0,0,0,0,0,0,0,0,0,0,0,0,0,0,0,0,0,0,0,0,0,0,0,0,0,0,0,0,0,0,0,0,0,0,0,0,0,0,0,0,0,0,0,0,0,0,0,0,0,0,0,0,0,0,0,0,0,0,0,0,0,0,0,0,0,0,0,0,0,0,0,0,0
CCOc1c(C=C2N(CC)c3ccc4ccccc4c3C2(C)C)c(=O)c1=O,C1CCOC1,,,,,,,,,,,,,,,,,,,,,,,,,,,,,,,,4328.491967,4822.92948,5378.150597,6004.47599,6706.61734,7492.831173,8353.588362,9268.39717,10211.58227,11135.78596,12008.98422,12815.24266,13551.95116,14231.39263,14882.83447,15547.21734,16244.90145,16982.92481,17747.40725,18490.80035,19170.61516,19722.94949,20029.68361,19952.62315,19441.06087,18465.84806,17046.08762,15254.59033,13214.80444,11074.80384,9000.054869,7112.18747,5452.583124,4031.536467,2869.351836,1934.711855,1220.378646,702.2335533,351.2243109,136.9902138,30.55475087,0,14.56175138,45.66787044,63.90550049,63.90550049,63.90550049,63.90550049,63.90550049,63.90550049,63.90550049,63.90550049,63.90550049,63.90550049,63.90550049,63.90550049,63.90550049,63.90550049,63.90550049,63.90550049,63.90550049,63.90550049,63.90550049,63.90550049,63.90550049,63.90550049,63.90550049,63.90550049,63.90550049,63.90550049,63.90550049,63.90550049,63.90550049,63.90550049,63.90550049,63.90550049,63.90550049,63.90550049,63.90550049,63.90550049,63.90550049,63.90550049,63.90550049,63.90550049,63.90550049,63.90550049,63.90550049,63.90550049,63.90550049,63.90550049,63.90550049,63.90550049,63.90550049,63.90550049,63.90550049,63.90550049,63.90550049,63.90550049,63.90550049,63.90550049,63.90550049,63.90550049,63.90550049,63.90550049,63.90550049,63.90550049,63.90550049,63.90550049,63.90550049,63.90550049,63.90550049,63.90550049,63.90550049,63.90550049,63.90550049,63.90550049,63.90550049,63.90550049,63.90550049,63.90550049,63.90550049,63.90550049,63.90550049,63.90550049,63.90550049,63.90550049,63.90550049,63.90550049,63.90550049,63.90550049,63.90550049,63.90550049,63.90550049,63.90550049,63.90550049,63.90550049,63.90550049,63.90550049,63.90550049,63.90550049,63.90550049,63.90550049,63.90550049,63.90550049,63.90550049,63.90550049,63.90550049,63.90550049,63.90550049,63.90550049,63.90550049,63.90550049,63.90550049,63.90550049,63.90550049,63.90550049,63.90550049,63.90550049,63.90550049,63.90550049,63.90550049,63.90550049,63.90550049,63.90550049,63.90550049,63.90550049,63.90550049,63.90550049,63.90550049,63.90550049,63.90550049,63.90550049,63.90550049,63.90550049,63.90550049,63.90550049,63.90550049,63.90550049,63.90550049,63.90550049,63.90550049,63.90550049,63.90550049,63.90550049,63.90550049,63.90550049,63.90550049,63.90550049,63.90550049,63.90550049,63.90550049,63.90550049,63.90550049,63.90550049,63.90550049,63.90550049,63.90550049,63.90550049,63.90550049,63.90550049,63.90550049,63.90550049,63.90550049,63.90550049,63.90550049,63.90550049,63.90550049,63.90550049,63.90550049,63.90550049,63.90550049,63.90550049,63.90550049,63.90550049,63.90550049,63.90550049,63.90550049,63.90550049,63.90550049,63.90550049,63.90550049,63.90550049,63.90550049,63.90550049,63.90550049,63.90550049,63.90550049,63.90550049,63.90550049,63.90550049,63.90550049,63.90550049,63.90550049,63.90550049,63.90550049,63.90550049,63.90550049,63.90550049,63.90550049,63.90550049,63.90550049,63.90550049,63.90550049,63.90550049,63.90550049,63.90550049,63.90550049,63.90550049,63.90550049,63.90550049,63.90550049,63.90550049,63.90550049,63.90550049,63.90550049,63.90550049,63.90550049,63.90550049,63.90550049,63.90550049,63.90550049,63.90550049,63.90550049,63.90550049,63.90550049,63.90550049,63.90550049,63.90550049,63.90550049,63.90550049,63.90550049,63.90550049,63.90550049,63.90550049,63.90550049,63.90550049,63.90550049,63.90550049,63.90550049,63.90550049,63.90550049,63.90550049,63.90550049,63.90550049,63.90550049,63.90550049,63.90550049,63.90550049,63.90550049,63.90550049,63.90550049,63.90550049,63.90550049,63.90550049,63.90550049,63.90550049,63.90550049,63.90550049,63.90550049,63.90550049,63.90550049,63.90550049,63.90550049,63.90550049,63.90550049

